2025/8/27 22:59:10: https://fan.842830.xyz/ss%E5%85%8D%E8%B4%B9%E8%B4%A6%E5%8F%B7/
2025/8/28 13:38:57: https://fan.842830.xyz/ss%E5%85%8D%E8%B4%B9%E8%B4%A6%E5%8F%B7/
2025/8/28 14:39:57: https://fan.842830.xyz/ss%E5%85%8D%E8%B4%B9%E8%B4%A6%E5%8F%B7/
2025/8/28 15:40:56: https://fan.842830.xyz/ss%E5%85%8D%E8%B4%B9%E8%B4%A6%E5%8F%B7/
2025/8/28 16:42:00: https://fan.842830.xyz/ss%E5%85%8D%E8%B4%B9%E8%B4%A6%E5%8F%B7/
2025/8/28 17:42:57: https://fan.842830.xyz/ss%E5%85%8D%E8%B4%B9%E8%B4%A6%E5%8F%B7/
2025/8/28 18:43:56: https://fan.842830.xyz/ss%E5%85%8D%E8%B4%B9%E8%B4%A6%E5%8F%B7/
2025/8/28 20:45:56: https://fan.842830.xyz/ss%E5%85%8D%E8%B4%B9%E8%B4%A6%E5%8F%B7/
2025/8/28 21:46:57: https://fan.842830.xyz/ss%E5%85%8D%E8%B4%B9%E8%B4%A6%E5%8F%B7/
2025/8/28 22:47:57: https://fan.842830.xyz/ss%E5%85%8D%E8%B4%B9%E8%B4%A6%E5%8F%B7/
2025/8/29 09:20:11: https://fan.842830.xyz/ss%E5%85%8D%E8%B4%B9%E8%B4%A6%E5%8F%B7/
2025/8/29 10:21:00: https://fan.842830.xyz/ss%E5%85%8D%E8%B4%B9%E8%B4%A6%E5%8F%B7/
2025/8/29 11:22:00: https://fan.842830.xyz/ss%E5%85%8D%E8%B4%B9%E8%B4%A6%E5%8F%B7/
2025/8/29 13:24:00: https://fan.842830.xyz/ss%E5%85%8D%E8%B4%B9%E8%B4%A6%E5%8F%B7/
2025/8/29 14:25:00: https://fan.842830.xyz/ss%E5%85%8D%E8%B4%B9%E8%B4%A6%E5%8F%B7/
2025/8/29 15:26:00: https://fan.842830.xyz/ss%E5%85%8D%E8%B4%B9%E8%B4%A6%E5%8F%B7/
2025/8/29 15:51:30: https://fan.842830.xyz/ss%E5%85%8D%E8%B4%B9%E8%B4%A6%E5%8F%B7/
2025/8/29 15:51:46: https://fan.842830.xyz/ss%E5%85%8D%E8%B4%B9%E8%B4%A6%E5%8F%B7/
2025/8/29 16:52:00: https://fan.842830.xyz/ss%E5%85%8D%E8%B4%B9%E8%B4%A6%E5%8F%B7/
2025/8/29 18:20:52: https://fan.842830.xyz/ss%E5%85%8D%E8%B4%B9%E8%B4%A6%E5%8F%B7/
2025/8/29 20:06:05: https://fan.842830.xyz/ss%E5%85%8D%E8%B4%B9%E8%B4%A6%E5%8F%B7/
2025/8/29 21:07:00: https://fan.842830.xyz/ss%E5%85%8D%E8%B4%B9%E8%B4%A6%E5%8F%B7/
2025/8/29 22:08:02: https://fan.842830.xyz/ss%E5%85%8D%E8%B4%B9%E8%B4%A6%E5%8F%B7/
2025/8/30 09:43:59: https://fan.842830.xyz/ss%E5%85%8D%E8%B4%B9%E8%B4%A6%E5%8F%B7/
2025/8/30 10:45:00: https://fan.842830.xyz/ss%E5%85%8D%E8%B4%B9%E8%B4%A6%E5%8F%B7/
2025/8/30 11:46:01: https://fan.842830.xyz/ss%E5%85%8D%E8%B4%B9%E8%B4%A6%E5%8F%B7/
2025/8/30 12:47:00: https://fan.842830.xyz/ss%E5%85%8D%E8%B4%B9%E8%B4%A6%E5%8F%B7/
2025/8/30 14:49:04: https://fan.842830.xyz/ss%E5%85%8D%E8%B4%B9%E8%B4%A6%E5%8F%B7/
2025/8/30 15:50:04: https://fan.842830.xyz/ss%E5%85%8D%E8%B4%B9%E8%B4%A6%E5%8F%B7/
2025/8/30 16:51:03: https://fan.842830.xyz/ss%E5%85%8D%E8%B4%B9%E8%B4%A6%E5%8F%B7/
2025/8/30 17:52:03: https://fan.842830.xyz/ss%E5%85%8D%E8%B4%B9%E8%B4%A6%E5%8F%B7/
2025/8/30 18:53:03: https://fan.842830.xyz/ss%E5%85%8D%E8%B4%B9%E8%B4%A6%E5%8F%B7/
2025/8/30 20:55:03: https://fan.842830.xyz/ss%E5%85%8D%E8%B4%B9%E8%B4%A6%E5%8F%B7/
2025/8/31 16:57:23: https://fan.842830.xyz/ss%E5%85%8D%E8%B4%B9%E8%B4%A6%E5%8F%B7/
2025/8/31 16:57:23: https://fan.842830.xyz/ss%E5%85%8D%E8%B4%B9%E8%B4%A6%E5%8F%B7/
2025/8/31 17:58:07: https://fan.842830.xyz/ss%E5%85%8D%E8%B4%B9%E8%B4%A6%E5%8F%B7/
2025/8/31 18:59:07: https://fan.842830.xyz/ss%E5%85%8D%E8%B4%B9%E8%B4%A6%E5%8F%B7/
2025/8/31 20:00:06: https://fan.842830.xyz/ss%E5%85%8D%E8%B4%B9%E8%B4%A6%E5%8F%B7/
2025/8/31 22:02:07: https://fan.842830.xyz/ss%E5%85%8D%E8%B4%B9%E8%B4%A6%E5%8F%B7/
2025/8/31 23:02:21: https://fan.842830.xyz/ss%E5%85%8D%E8%B4%B9%E8%B4%A6%E5%8F%B7/
2025/9/1 00:03:08: https://fan.842830.xyz/ss%E5%85%8D%E8%B4%B9%E8%B4%A6%E5%8F%B7/
2025/9/2 18:33:23: logo.pn/ss%E5%85%8D%E8%B4%B9%E8%B4%A6%E5%8F%B7/
2025/9/2 18:33:31: logo.pn/ss%E5%85%8D%E8%B4%B9%E8%B4%A6%E5%8F%B7/
2025/9/2 18:33:43: logo.pn/ss%E5%85%8D%E8%B4%B9%E8%B4%A6%E5%8F%B7/
2025/9/2 18:36:24: logo.pn/ss%E5%85%8D%E8%B4%B9%E8%B4%A6%E5%8F%B7/
2025/9/2 20:38:10: logo.pn/ss%E5%85%8D%E8%B4%B9%E8%B4%A6%E5%8F%B7/
2025/9/2 21:18:06: https://fan2.194529.xyz/ss%E5%85%8D%E8%B4%B9%E8%B4%A6%E5%8F%B7/
2025/9/2 22:18:32: https://fan2.194529.xyz/ss%E5%85%8D%E8%B4%B9%E8%B4%A6%E5%8F%B7/
2025/9/2 23:20:09: https://fan2.194529.xyz/ss%E5%85%8D%E8%B4%B9%E8%B4%A6%E5%8F%B7/
2025/9/3 00:21:10: https://fan2.194529.xyz/ss%E5%85%8D%E8%B4%B9%E8%B4%A6%E5%8F%B7/
2025/9/3 01:22:10: https://fan2.194529.xyz/ss%E5%85%8D%E8%B4%B9%E8%B4%A6%E5%8F%B7/
2025/9/3 02:23:14: https://fan2.194529.xyz/ss%E5%85%8D%E8%B4%B9%E8%B4%A6%E5%8F%B7/
2025/9/3 03:24:10: https://fan2.194529.xyz/ss%E5%85%8D%E8%B4%B9%E8%B4%A6%E5%8F%B7/
2025/9/3 13:54:15: https://fan2.194529.xyz/ss%E5%85%8D%E8%B4%B9%E8%B4%A6%E5%8F%B7/
2025/9/3 14:55:11: https://fan2.194529.xyz/ss%E5%85%8D%E8%B4%B9%E8%B4%A6%E5%8F%B7/
2025/9/3 15:56:11: https://fan2.194529.xyz/ss%E5%85%8D%E8%B4%B9%E8%B4%A6%E5%8F%B7/
2025/9/3 16:57:11: https://fan2.194529.xyz/ss%E5%85%8D%E8%B4%B9%E8%B4%A6%E5%8F%B7/
2025/9/3 17:58:10: https://fan2.194529.xyz/ss%E5%85%8D%E8%B4%B9%E8%B4%A6%E5%8F%B7/
2025/9/3 18:59:10: https://fan2.194529.xyz/ss%E5%85%8D%E8%B4%B9%E8%B4%A6%E5%8F%B7/
2025/9/3 20:00:12: https://fan2.194529.xyz/ss%E5%85%8D%E8%B4%B9%E8%B4%A6%E5%8F%B7/
2025/9/3 21:01:10: https://fan2.194529.xyz/ss%E5%85%8D%E8%B4%B9%E8%B4%A6%E5%8F%B7/
2025/9/3 22:01:26: https://fan2.194529.xyz/ss%E5%85%8D%E8%B4%B9%E8%B4%A6%E5%8F%B7/
2025/9/3 23:02:11: https://fan2.194529.xyz/ss%E5%85%8D%E8%B4%B9%E8%B4%A6%E5%8F%B7/
2025/9/4 00:02:24: https://fan2.194529.xyz/ss%E5%85%8D%E8%B4%B9%E8%B4%A6%E5%8F%B7/
2025/9/4 01:03:10: https://fan2.194529.xyz/ss%E5%85%8D%E8%B4%B9%E8%B4%A6%E5%8F%B7/
2025/9/4 09:31:49: https://fan2.194529.xyz/ss%E5%85%8D%E8%B4%B9%E8%B4%A6%E5%8F%B7/
2025/9/4 10:32:18: https://fan2.194529.xyz/ss%E5%85%8D%E8%B4%B9%E8%B4%A6%E5%8F%B7/
2025/9/4 11:32:23: https://fan2.194529.xyz/ss%E5%85%8D%E8%B4%B9%E8%B4%A6%E5%8F%B7/
2025/9/4 12:33:22: https://fan2.194529.xyz/ss%E5%85%8D%E8%B4%B9%E8%B4%A6%E5%8F%B7/
2025/9/4 13:34:27: https://fan2.194529.xyz/ss%E5%85%8D%E8%B4%B9%E8%B4%A6%E5%8F%B7/
2025/9/4 14:35:22: https://fan2.194529.xyz/ss%E5%85%8D%E8%B4%B9%E8%B4%A6%E5%8F%B7/
2025/9/4 16:37:24: https://fan2.194529.xyz/ss%E5%85%8D%E8%B4%B9%E8%B4%A6%E5%8F%B7/
2025/9/4 17:38:22: https://fan2.194529.xyz/ss%E5%85%8D%E8%B4%B9%E8%B4%A6%E5%8F%B7/
2025/9/4 18:39:23: https://fan2.194529.xyz/ss%E5%85%8D%E8%B4%B9%E8%B4%A6%E5%8F%B7/
2025/9/4 20:41:22: https://fan2.194529.xyz/ss%E5%85%8D%E8%B4%B9%E8%B4%A6%E5%8F%B7/
2025/9/4 21:42:26: https://fan2.194529.xyz/ss%E5%85%8D%E8%B4%B9%E8%B4%A6%E5%8F%B7/
2025/9/4 22:42:37: https://fan2.194529.xyz/ss%E5%85%8D%E8%B4%B9%E8%B4%A6%E5%8F%B7/
2025/9/4 23:43:34: https://fan2.194529.xyz/ss%E5%85%8D%E8%B4%B9%E8%B4%A6%E5%8F%B7/
2025/9/5 00:44:32: https://fan2.194529.xyz/ss%E5%85%8D%E8%B4%B9%E8%B4%A6%E5%8F%B7/
2025/9/5 01:45:33: https://fan2.194529.xyz/ss%E5%85%8D%E8%B4%B9%E8%B4%A6%E5%8F%B7/
2025/9/5 02:46:32: https://fan2.194529.xyz/ss%E5%85%8D%E8%B4%B9%E8%B4%A6%E5%8F%B7/
2025/9/5 03:47:32: https://fan2.194529.xyz/ss%E5%85%8D%E8%B4%B9%E8%B4%A6%E5%8F%B7/
2025/9/5 11:32:09: https://fan2.194529.xyz/ss%E5%85%8D%E8%B4%B9%E8%B4%A6%E5%8F%B7/
2025/9/5 12:32:35: https://fan2.194529.xyz/ss%E5%85%8D%E8%B4%B9%E8%B4%A6%E5%8F%B7/
2025/9/5 13:33:35: https://fan2.194529.xyz/ss%E5%85%8D%E8%B4%B9%E8%B4%A6%E5%8F%B7/
2025/9/5 14:34:35: https://fan2.194529.xyz/ss%E5%85%8D%E8%B4%B9%E8%B4%A6%E5%8F%B7/
2025/9/5 15:35:11: https://fan2.194529.xyz/ss%E5%85%8D%E8%B4%B9%E8%B4%A6%E5%8F%B7/
2025/9/5 16:35:35: https://fan2.194529.xyz/ss%E5%85%8D%E8%B4%B9%E8%B4%A6%E5%8F%B7/
2025/9/5 17:36:35: https://fan2.194529.xyz/ss%E5%85%8D%E8%B4%B9%E8%B4%A6%E5%8F%B7/
2025/9/5 18:37:35: https://fan2.194529.xyz/ss%E5%85%8D%E8%B4%B9%E8%B4%A6%E5%8F%B7/
2025/9/5 20:06:00: https://fan2.194529.xyz/ss%E5%85%8D%E8%B4%B9%E8%B4%A6%E5%8F%B7/
2025/9/5 22:04:07: https://fan2.194529.xyz/ss%E5%85%8D%E8%B4%B9%E8%B4%A6%E5%8F%B7/
2025/9/5 23:04:37: https://fan2.194529.xyz/ss%E5%85%8D%E8%B4%B9%E8%B4%A6%E5%8F%B7/
2025/9/6 00:05:36: https://fan2.194529.xyz/ss%E5%85%8D%E8%B4%B9%E8%B4%A6%E5%8F%B7/
2025/9/6 10:30:17: https://fan2.194529.xyz/ss%E5%85%8D%E8%B4%B9%E8%B4%A6%E5%8F%B7/
2025/9/6 12:30:41: https://fan2.194529.xyz/ss%E5%85%8D%E8%B4%B9%E8%B4%A6%E5%8F%B7/
2025/9/6 13:31:35: https://fan2.194529.xyz/ss%E5%85%8D%E8%B4%B9%E8%B4%A6%E5%8F%B7/
2025/9/6 14:32:34: https://fan2.194529.xyz/ss%E5%85%8D%E8%B4%B9%E8%B4%A6%E5%8F%B7/
2025/9/6 15:33:34: https://fan2.194529.xyz/ss%E5%85%8D%E8%B4%B9%E8%B4%A6%E5%8F%B7/
2025/9/6 16:34:36: https://fan2.194529.xyz/ss%E5%85%8D%E8%B4%B9%E8%B4%A6%E5%8F%B7/
2025/9/6 17:36:41: https://fan2.194529.xyz/ss%E5%85%8D%E8%B4%B9%E8%B4%A6%E5%8F%B7/
2025/9/6 17:39:19: https://fan2.194529.xyz/ss%E5%85%8D%E8%B4%B9%E8%B4%A6%E5%8F%B7/
2025/9/10 16:12:33: https://fan2.194529.xyz/ss%E5%85%8D%E8%B4%B9%E8%B4%A6%E5%8F%B7/
2025/9/10 17:13:12: https://fan2.194529.xyz/ss%E5%85%8D%E8%B4%B9%E8%B4%A6%E5%8F%B7/
2025/9/10 18:14:12: https://fan2.194529.xyz/ss%E5%85%8D%E8%B4%B9%E8%B4%A6%E5%8F%B7/
2025/9/10 19:30:13: https://fan2.194529.xyz/ss%E5%85%8D%E8%B4%B9%E8%B4%A6%E5%8F%B7/
2025/9/10 23:04:46: https://fan2.194529.xyz/ss%E5%85%8D%E8%B4%B9%E8%B4%A6%E5%8F%B7/
2025/9/11 00:05:44: https://fan2.194529.xyz/ss%E5%85%8D%E8%B4%B9%E8%B4%A6%E5%8F%B7/
2025/9/11 00:14:06: https://fan2.194529.xyz/ss%E5%85%8D%E8%B4%B9%E8%B4%A6%E5%8F%B7/
2025/9/11 09:14:45: https://fan2.194529.xyz/ss%E5%85%8D%E8%B4%B9%E8%B4%A6%E5%8F%B7/
2025/9/11 10:15:44: https://fan2.194529.xyz/ss%E5%85%8D%E8%B4%B9%E8%B4%A6%E5%8F%B7/
2025/9/11 11:16:45: https://fan2.194529.xyz/ss%E5%85%8D%E8%B4%B9%E8%B4%A6%E5%8F%B7/
2025/9/11 14:59:45: https://fan2.194529.xyz/ss%E5%85%8D%E8%B4%B9%E8%B4%A6%E5%8F%B7/
2025/9/11 16:00:45: https://fan2.194529.xyz/ss%E5%85%8D%E8%B4%B9%E8%B4%A6%E5%8F%B7/
2025/9/11 19:52:45: https://fan2.194529.xyz/ss%E5%85%8D%E8%B4%B9%E8%B4%A6%E5%8F%B7/
2025/9/11 20:53:46: https://fan2.194529.xyz/ss%E5%85%8D%E8%B4%B9%E8%B4%A6%E5%8F%B7/
2025/9/12 10:57:58: https://fan2.194529.xyz/ss%E5%85%8D%E8%B4%B9%E8%B4%A6%E5%8F%B7/
2025/9/12 10:58:23: https://fan2.194529.xyz/ss%E5%85%8D%E8%B4%B9%E8%B4%A6%E5%8F%B7/
2025/9/12 22:07:35: https://fan2.194529.xyz/ss%E5%85%8D%E8%B4%B9%E8%B4%A6%E5%8F%B7/
2025/9/12 23:08:35: https://fan2.194529.xyz/ss%E5%85%8D%E8%B4%B9%E8%B4%A6%E5%8F%B7/
2025/9/13 00:09:36: https://fan2.194529.xyz/ss%E5%85%8D%E8%B4%B9%E8%B4%A6%E5%8F%B7/
2025/9/13 08:44:41: https://fan2.194529.xyz/ss%E5%85%8D%E8%B4%B9%E8%B4%A6%E5%8F%B7/
2025/9/13 08:45:08: https://fan2.194529.xyz/ss%E5%85%8D%E8%B4%B9%E8%B4%A6%E5%8F%B7/
2025/9/13 09:45:34: https://fan2.194529.xyz/ss%E5%85%8D%E8%B4%B9%E8%B4%A6%E5%8F%B7/
2025/9/13 10:46:34: https://fan2.194529.xyz/ss%E5%85%8D%E8%B4%B9%E8%B4%A6%E5%8F%B7/
2025/9/13 11:47:34: https://fan2.194529.xyz/ss%E5%85%8D%E8%B4%B9%E8%B4%A6%E5%8F%B7/
2025/9/13 12:48:34: https://fan2.194529.xyz/ss%E5%85%8D%E8%B4%B9%E8%B4%A6%E5%8F%B7/
2025/9/13 13:49:34: https://fan2.194529.xyz/ss%E5%85%8D%E8%B4%B9%E8%B4%A6%E5%8F%B7/
2025/9/13 14:50:36: https://fan2.194529.xyz/ss%E5%85%8D%E8%B4%B9%E8%B4%A6%E5%8F%B7/
2025/9/13 15:51:36: https://fan2.194529.xyz/ss%E5%85%8D%E8%B4%B9%E8%B4%A6%E5%8F%B7/
2025/9/13 16:52:36: https://fan2.194529.xyz/ss%E5%85%8D%E8%B4%B9%E8%B4%A6%E5%8F%B7/
2025/9/13 17:53:36: https://fan2.194529.xyz/ss%E5%85%8D%E8%B4%B9%E8%B4%A6%E5%8F%B7/
2025/9/13 18:54:36: https://fan2.194529.xyz/ss%E5%85%8D%E8%B4%B9%E8%B4%A6%E5%8F%B7/
2025/9/13 21:26:36: https://fan2.194529.xyz/ss%E5%85%8D%E8%B4%B9%E8%B4%A6%E5%8F%B7/
2025/9/13 22:27:36: https://fan2.194529.xyz/ss%E5%85%8D%E8%B4%B9%E8%B4%A6%E5%8F%B7/
2025/9/13 23:28:37: https://fan2.194529.xyz/ss%E5%85%8D%E8%B4%B9%E8%B4%A6%E5%8F%B7/
2025/9/14 14:55:41: https://fan2.194529.xyz/ss%E5%85%8D%E8%B4%B9%E8%B4%A6%E5%8F%B7/
2025/9/14 16:56:37: https://fan2.194529.xyz/ss%E5%85%8D%E8%B4%B9%E8%B4%A6%E5%8F%B7/
2025/9/14 17:57:37: https://fan2.194529.xyz/ss%E5%85%8D%E8%B4%B9%E8%B4%A6%E5%8F%B7/
2025/9/14 18:58:38: https://fan2.194529.xyz/ss%E5%85%8D%E8%B4%B9%E8%B4%A6%E5%8F%B7/
2025/9/14 21:18:38: https://fan2.194529.xyz/ss%E5%85%8D%E8%B4%B9%E8%B4%A6%E5%8F%B7/
2025/9/14 22:19:37: https://fan2.194529.xyz/ss%E5%85%8D%E8%B4%B9%E8%B4%A6%E5%8F%B7/
2025/9/14 23:20:37: https://fan2.194529.xyz/ss%E5%85%8D%E8%B4%B9%E8%B4%A6%E5%8F%B7/
2025/9/15 11:15:37: https://fan2.194529.xyz/ss%E5%85%8D%E8%B4%B9%E8%B4%A6%E5%8F%B7/
2025/9/15 16:04:37: https://fan2.194529.xyz/ss%E5%85%8D%E8%B4%B9%E8%B4%A6%E5%8F%B7/
2025/9/15 17:05:38: https://fan2.194529.xyz/ss%E5%85%8D%E8%B4%B9%E8%B4%A6%E5%8F%B7/
2025/9/15 18:06:37: https://fan2.194529.xyz/ss%E5%85%8D%E8%B4%B9%E8%B4%A6%E5%8F%B7/
2025/9/15 20:08:37: https://fan2.194529.xyz/ss%E5%85%8D%E8%B4%B9%E8%B4%A6%E5%8F%B7/
2025/9/15 21:09:37: https://fan2.194529.xyz/ss%E5%85%8D%E8%B4%B9%E8%B4%A6%E5%8F%B7/
2025/9/16 11:18:34: https://fan2.194529.xyz/ss%E5%85%8D%E8%B4%B9%E8%B4%A6%E5%8F%B7/
2025/9/16 17:29:21: https://fan2.194529.xyz/ss%E5%85%8D%E8%B4%B9%E8%B4%A6%E5%8F%B7/
2025/9/16 18:29:40: https://fan2.194529.xyz/ss%E5%85%8D%E8%B4%B9%E8%B4%A6%E5%8F%B7/
2025/9/16 20:31:40: https://fan2.194529.xyz/ss%E5%85%8D%E8%B4%B9%E8%B4%A6%E5%8F%B7/
2025/9/16 21:32:42: https://fan2.194529.xyz/ss%E5%85%8D%E8%B4%B9%E8%B4%A6%E5%8F%B7/
2025/9/16 22:33:41: https://fan2.194529.xyz/ss%E5%85%8D%E8%B4%B9%E8%B4%A6%E5%8F%B7/
2025/9/16 23:34:40: https://fan2.194529.xyz/ss%E5%85%8D%E8%B4%B9%E8%B4%A6%E5%8F%B7/
2025/9/17 13:11:46: https://fan2.194529.xyz/ss%E5%85%8D%E8%B4%B9%E8%B4%A6%E5%8F%B7/
2025/9/17 14:12:42: https://fan2.194529.xyz/ss%E5%85%8D%E8%B4%B9%E8%B4%A6%E5%8F%B7/
2025/9/17 15:13:42: https://fan2.194529.xyz/ss%E5%85%8D%E8%B4%B9%E8%B4%A6%E5%8F%B7/
2025/9/17 16:14:42: https://fan2.194529.xyz/ss%E5%85%8D%E8%B4%B9%E8%B4%A6%E5%8F%B7/
2025/9/17 17:15:42: https://fan2.194529.xyz/ss%E5%85%8D%E8%B4%B9%E8%B4%A6%E5%8F%B7/
2025/9/17 18:16:42: https://fan2.194529.xyz/ss%E5%85%8D%E8%B4%B9%E8%B4%A6%E5%8F%B7/
2025/9/17 20:18:43: https://fan2.194529.xyz/ss%E5%85%8D%E8%B4%B9%E8%B4%A6%E5%8F%B7/
2025/9/17 21:19:42: https://fan2.194529.xyz/ss%E5%85%8D%E8%B4%B9%E8%B4%A6%E5%8F%B7/
2025/9/17 22:20:42: https://fan2.194529.xyz/ss%E5%85%8D%E8%B4%B9%E8%B4%A6%E5%8F%B7/
2025/9/18 10:51:43: https://fan2.194529.xyz/ss%E5%85%8D%E8%B4%B9%E8%B4%A6%E5%8F%B7/
2025/9/18 11:17:51: https://fan2.194529.xyz/ss%E5%85%8D%E8%B4%B9%E8%B4%A6%E5%8F%B7/
2025/9/18 11:26:42: https://fan2.194529.xyz/ss%E5%85%8D%E8%B4%B9%E8%B4%A6%E5%8F%B7/
2025/9/18 12:27:43: https://fan2.194529.xyz/ss%E5%85%8D%E8%B4%B9%E8%B4%A6%E5%8F%B7/
2025/9/18 14:29:47: https://fan2.194529.xyz/ss%E5%85%8D%E8%B4%B9%E8%B4%A6%E5%8F%B7/
2025/9/18 15:30:42: https://fan2.194529.xyz/ss%E5%85%8D%E8%B4%B9%E8%B4%A6%E5%8F%B7/
2025/9/18 16:31:42: https://fan2.194529.xyz/ss%E5%85%8D%E8%B4%B9%E8%B4%A6%E5%8F%B7/
2025/9/18 17:32:42: https://fan2.194529.xyz/ss%E5%85%8D%E8%B4%B9%E8%B4%A6%E5%8F%B7/
2025/9/18 18:33:42: https://fan2.194529.xyz/ss%E5%85%8D%E8%B4%B9%E8%B4%A6%E5%8F%B7/
2025/9/18 21:07:43: https://fan2.194529.xyz/ss%E5%85%8D%E8%B4%B9%E8%B4%A6%E5%8F%B7/
2025/9/18 22:08:43: https://fan2.194529.xyz/ss%E5%85%8D%E8%B4%B9%E8%B4%A6%E5%8F%B7/
2025/9/18 23:09:42: https://fan2.194529.xyz/ss%E5%85%8D%E8%B4%B9%E8%B4%A6%E5%8F%B7/
2025/9/19 00:10:42: https://fan2.194529.xyz/ss%E5%85%8D%E8%B4%B9%E8%B4%A6%E5%8F%B7/
2025/9/19 01:11:42: https://fan2.194529.xyz/ss%E5%85%8D%E8%B4%B9%E8%B4%A6%E5%8F%B7/
2025/9/19 02:12:42: https://fan2.194529.xyz/ss%E5%85%8D%E8%B4%B9%E8%B4%A6%E5%8F%B7/
2025/9/19 03:13:42: https://fan2.194529.xyz/ss%E5%85%8D%E8%B4%B9%E8%B4%A6%E5%8F%B7/
2025/9/19 04:14:42: https://fan2.194529.xyz/ss%E5%85%8D%E8%B4%B9%E8%B4%A6%E5%8F%B7/
2025/9/19 05:15:42: https://fan2.194529.xyz/ss%E5%85%8D%E8%B4%B9%E8%B4%A6%E5%8F%B7/
2025/9/19 06:16:42: https://fan2.194529.xyz/ss%E5%85%8D%E8%B4%B9%E8%B4%A6%E5%8F%B7/
2025/9/19 07:17:42: https://fan2.194529.xyz/ss%E5%85%8D%E8%B4%B9%E8%B4%A6%E5%8F%B7/
2025/9/19 08:18:42: https://fan2.194529.xyz/ss%E5%85%8D%E8%B4%B9%E8%B4%A6%E5%8F%B7/
2025/9/19 09:19:42: https://fan2.194529.xyz/ss%E5%85%8D%E8%B4%B9%E8%B4%A6%E5%8F%B7/
2025/9/19 15:34:42: https://fan2.194529.xyz/ss%E5%85%8D%E8%B4%B9%E8%B4%A6%E5%8F%B7/
2025/9/19 16:35:42: https://fan2.194529.xyz/ss%E5%85%8D%E8%B4%B9%E8%B4%A6%E5%8F%B7/
2025/9/19 17:36:42: https://fan2.194529.xyz/ss%E5%85%8D%E8%B4%B9%E8%B4%A6%E5%8F%B7/
2025/9/19 19:38:43: https://fan2.194529.xyz/ss%E5%85%8D%E8%B4%B9%E8%B4%A6%E5%8F%B7/
2025/9/19 20:39:42: https://fan2.194529.xyz/ss%E5%85%8D%E8%B4%B9%E8%B4%A6%E5%8F%B7/
2025/9/19 22:41:50: https://fan2.194529.xyz/ss%E5%85%8D%E8%B4%B9%E8%B4%A6%E5%8F%B7/
2025/9/20 16:34:43: https://fan2.194529.xyz/ss%E5%85%8D%E8%B4%B9%E8%B4%A6%E5%8F%B7/
2025/9/20 17:35:42: https://fan2.194529.xyz/ss%E5%85%8D%E8%B4%B9%E8%B4%A6%E5%8F%B7/
2025/9/20 18:36:42: https://fan2.194529.xyz/ss%E5%85%8D%E8%B4%B9%E8%B4%A6%E5%8F%B7/
2025/9/20 19:37:42: https://fan2.194529.xyz/ss%E5%85%8D%E8%B4%B9%E8%B4%A6%E5%8F%B7/
2025/9/20 22:02:44: https://fan2.194529.xyz/ss%E5%85%8D%E8%B4%B9%E8%B4%A6%E5%8F%B7/
2025/9/20 22:03:59: https://fan2.194529.xyz/ss%E5%85%8D%E8%B4%B9%E8%B4%A6%E5%8F%B7/
2025/9/20 23:04:42: https://fan2.194529.xyz/ss%E5%85%8D%E8%B4%B9%E8%B4%A6%E5%8F%B7/
2025/9/21 00:05:43: https://fan2.194529.xyz/ss%E5%85%8D%E8%B4%B9%E8%B4%A6%E5%8F%B7/
2025/9/21 01:06:42: https://fan2.194529.xyz/ss%E5%85%8D%E8%B4%B9%E8%B4%A6%E5%8F%B7/
2025/9/21 02:07:42: https://fan2.194529.xyz/ss%E5%85%8D%E8%B4%B9%E8%B4%A6%E5%8F%B7/
2025/9/21 10:38:42: https://fan2.194529.xyz/ss%E5%85%8D%E8%B4%B9%E8%B4%A6%E5%8F%B7/
2025/9/21 11:39:47: https://fan2.194529.xyz/ss%E5%85%8D%E8%B4%B9%E8%B4%A6%E5%8F%B7/
2025/9/21 12:40:49: https://fan2.194529.xyz/ss%E5%85%8D%E8%B4%B9%E8%B4%A6%E5%8F%B7/
2025/9/21 14:42:52: https://fan2.194529.xyz/ss%E5%85%8D%E8%B4%B9%E8%B4%A6%E5%8F%B7/
2025/9/21 15:43:48: https://fan2.194529.xyz/ss%E5%85%8D%E8%B4%B9%E8%B4%A6%E5%8F%B7/
2025/9/21 16:44:47: https://fan2.194529.xyz/ss%E5%85%8D%E8%B4%B9%E8%B4%A6%E5%8F%B7/
2025/9/21 17:45:47: https://fan2.194529.xyz/ss%E5%85%8D%E8%B4%B9%E8%B4%A6%E5%8F%B7/
2025/9/21 18:46:47: https://fan2.194529.xyz/ss%E5%85%8D%E8%B4%B9%E8%B4%A6%E5%8F%B7/
2025/9/21 19:47:48: https://fan2.194529.xyz/ss%E5%85%8D%E8%B4%B9%E8%B4%A6%E5%8F%B7/
2025/9/21 21:49:48: https://fan2.194529.xyz/ss%E5%85%8D%E8%B4%B9%E8%B4%A6%E5%8F%B7/
2025/9/21 22:01:08: https://fan2.194529.xyz/ss%E5%85%8D%E8%B4%B9%E8%B4%A6%E5%8F%B7/
2025/9/21 23:01:48: https://fan2.194529.xyz/ss%E5%85%8D%E8%B4%B9%E8%B4%A6%E5%8F%B7/
2025/9/22 00:02:48: https://fan2.194529.xyz/ss%E5%85%8D%E8%B4%B9%E8%B4%A6%E5%8F%B7/
2025/9/22 01:03:48: https://fan2.194529.xyz/ss%E5%85%8D%E8%B4%B9%E8%B4%A6%E5%8F%B7/
2025/9/22 02:04:47: https://fan2.194529.xyz/ss%E5%85%8D%E8%B4%B9%E8%B4%A6%E5%8F%B7/
2025/9/22 11:04:47: https://fan2.194529.xyz/ss%E5%85%8D%E8%B4%B9%E8%B4%A6%E5%8F%B7/
2025/9/22 12:05:09: https://fan2.194529.xyz/ss%E5%85%8D%E8%B4%B9%E8%B4%A6%E5%8F%B7/
2025/9/22 13:06:07: https://fan2.194529.xyz/ss%E5%85%8D%E8%B4%B9%E8%B4%A6%E5%8F%B7/
2025/9/22 15:08:09: https://fan2.194529.xyz/ss%E5%85%8D%E8%B4%B9%E8%B4%A6%E5%8F%B7/
2025/9/22 16:09:09: https://fan2.194529.xyz/ss%E5%85%8D%E8%B4%B9%E8%B4%A6%E5%8F%B7/
2025/9/22 17:10:07: https://fan2.194529.xyz/ss%E5%85%8D%E8%B4%B9%E8%B4%A6%E5%8F%B7/
2025/9/22 18:11:07: https://fan2.194529.xyz/ss%E5%85%8D%E8%B4%B9%E8%B4%A6%E5%8F%B7/
2025/9/22 19:12:07: https://fan2.194529.xyz/ss%E5%85%8D%E8%B4%B9%E8%B4%A6%E5%8F%B7/
2025/9/22 22:33:07: https://fan2.194529.xyz/ss%E5%85%8D%E8%B4%B9%E8%B4%A6%E5%8F%B7/
2025/9/22 23:34:09: https://fan2.194529.xyz/ss%E5%85%8D%E8%B4%B9%E8%B4%A6%E5%8F%B7/
2025/9/23 08:40:27: https://fan2.194529.xyz/ss%E5%85%8D%E8%B4%B9%E8%B4%A6%E5%8F%B7/
2025/9/23 09:41:07: https://fan2.194529.xyz/ss%E5%85%8D%E8%B4%B9%E8%B4%A6%E5%8F%B7/
2025/9/23 10:42:09: https://fan2.194529.xyz/ss%E5%85%8D%E8%B4%B9%E8%B4%A6%E5%8F%B7/
2025/9/23 11:43:10: https://fan2.194529.xyz/ss%E5%85%8D%E8%B4%B9%E8%B4%A6%E5%8F%B7/
2025/9/23 12:44:09: https://fan2.194529.xyz/ss%E5%85%8D%E8%B4%B9%E8%B4%A6%E5%8F%B7/
2025/9/23 13:45:09: https://fan2.194529.xyz/ss%E5%85%8D%E8%B4%B9%E8%B4%A6%E5%8F%B7/
2025/9/23 14:46:10: https://fan2.194529.xyz/ss%E5%85%8D%E8%B4%B9%E8%B4%A6%E5%8F%B7/
2025/9/23 15:47:09: https://fan2.194529.xyz/ss%E5%85%8D%E8%B4%B9%E8%B4%A6%E5%8F%B7/
2025/9/23 16:48:11: https://fan2.194529.xyz/ss%E5%85%8D%E8%B4%B9%E8%B4%A6%E5%8F%B7/
2025/9/23 17:49:11: https://fan2.194529.xyz/ss%E5%85%8D%E8%B4%B9%E8%B4%A6%E5%8F%B7/
2025/9/23 18:50:11: https://fan2.194529.xyz/ss%E5%85%8D%E8%B4%B9%E8%B4%A6%E5%8F%B7/
2025/9/23 19:51:11: https://fan2.194529.xyz/ss%E5%85%8D%E8%B4%B9%E8%B4%A6%E5%8F%B7/
2025/9/23 20:52:12: https://fan2.194529.xyz/ss%E5%85%8D%E8%B4%B9%E8%B4%A6%E5%8F%B7/
2025/9/23 21:53:12: https://fan2.194529.xyz/ss%E5%85%8D%E8%B4%B9%E8%B4%A6%E5%8F%B7/
2025/9/23 22:54:11: https://fan2.194529.xyz/ss%E5%85%8D%E8%B4%B9%E8%B4%A6%E5%8F%B7/
2025/9/23 23:55:11: https://fan2.194529.xyz/ss%E5%85%8D%E8%B4%B9%E8%B4%A6%E5%8F%B7/
2025/9/24 10:54:15: https://fan2.194529.xyz/ss%E5%85%8D%E8%B4%B9%E8%B4%A6%E5%8F%B7/
2025/9/24 11:55:13: https://fan2.194529.xyz/ss%E5%85%8D%E8%B4%B9%E8%B4%A6%E5%8F%B7/
2025/9/24 12:56:14: https://fan2.194529.xyz/ss%E5%85%8D%E8%B4%B9%E8%B4%A6%E5%8F%B7/
2025/9/24 16:04:14: https://fan2.194529.xyz/ss%E5%85%8D%E8%B4%B9%E8%B4%A6%E5%8F%B7/
2025/9/24 17:05:14: https://fan2.194529.xyz/ss%E5%85%8D%E8%B4%B9%E8%B4%A6%E5%8F%B7/
2025/9/24 18:06:13: https://fan2.194529.xyz/ss%E5%85%8D%E8%B4%B9%E8%B4%A6%E5%8F%B7/
2025/9/24 20:08:13: https://fan2.194529.xyz/ss%E5%85%8D%E8%B4%B9%E8%B4%A6%E5%8F%B7/
2025/9/24 21:09:14: https://fan2.194529.xyz/ss%E5%85%8D%E8%B4%B9%E8%B4%A6%E5%8F%B7/
2025/9/24 22:10:14: https://fan2.194529.xyz/ss%E5%85%8D%E8%B4%B9%E8%B4%A6%E5%8F%B7/
2025/9/24 23:11:17: https://fan2.194529.xyz/ss%E5%85%8D%E8%B4%B9%E8%B4%A6%E5%8F%B7/
2025/9/25 00:12:13: https://fan2.194529.xyz/ss%E5%85%8D%E8%B4%B9%E8%B4%A6%E5%8F%B7/
2025/9/25 01:13:14: https://fan2.194529.xyz/ss%E5%85%8D%E8%B4%B9%E8%B4%A6%E5%8F%B7/
2025/9/25 02:14:13: https://fan2.194529.xyz/ss%E5%85%8D%E8%B4%B9%E8%B4%A6%E5%8F%B7/
2025/9/25 03:15:13: https://fan2.194529.xyz/ss%E5%85%8D%E8%B4%B9%E8%B4%A6%E5%8F%B7/
2025/9/25 04:16:14: https://fan2.194529.xyz/ss%E5%85%8D%E8%B4%B9%E8%B4%A6%E5%8F%B7/
2025/9/25 05:17:13: https://fan2.194529.xyz/ss%E5%85%8D%E8%B4%B9%E8%B4%A6%E5%8F%B7/
2025/9/25 15:11:14: https://fan2.194529.xyz/ss%E5%85%8D%E8%B4%B9%E8%B4%A6%E5%8F%B7/
2025/9/25 18:30:13: https://fan2.194529.xyz/ss%E5%85%8D%E8%B4%B9%E8%B4%A6%E5%8F%B7/
2025/9/25 19:31:14: https://fan2.194529.xyz/ss%E5%85%8D%E8%B4%B9%E8%B4%A6%E5%8F%B7/
2025/9/25 20:32:15: https://fan2.194529.xyz/ss%E5%85%8D%E8%B4%B9%E8%B4%A6%E5%8F%B7/
2025/9/25 21:33:18: https://fan2.194529.xyz/ss%E5%85%8D%E8%B4%B9%E8%B4%A6%E5%8F%B7/
2025/9/25 22:01:32: https://fan2.194529.xyz/ss%E5%85%8D%E8%B4%B9%E8%B4%A6%E5%8F%B7/
2025/9/25 23:02:17: https://fan2.194529.xyz/ss%E5%85%8D%E8%B4%B9%E8%B4%A6%E5%8F%B7/
2025/9/26 00:03:13: https://fan2.194529.xyz/ss%E5%85%8D%E8%B4%B9%E8%B4%A6%E5%8F%B7/
2025/9/26 01:04:16: https://fan2.194529.xyz/ss%E5%85%8D%E8%B4%B9%E8%B4%A6%E5%8F%B7/
2025/9/26 02:05:16: https://fan2.194529.xyz/ss%E5%85%8D%E8%B4%B9%E8%B4%A6%E5%8F%B7/
2025/9/26 11:21:16: https://fan2.194529.xyz/ss%E5%85%8D%E8%B4%B9%E8%B4%A6%E5%8F%B7/
2025/9/26 12:22:22: https://fan2.194529.xyz/ss%E5%85%8D%E8%B4%B9%E8%B4%A6%E5%8F%B7/
2025/9/26 13:23:18: https://fan2.194529.xyz/ss%E5%85%8D%E8%B4%B9%E8%B4%A6%E5%8F%B7/
2025/9/26 14:24:18: https://fan2.194529.xyz/ss%E5%85%8D%E8%B4%B9%E8%B4%A6%E5%8F%B7/
2025/9/26 18:01:18: https://fan2.194529.xyz/ss%E5%85%8D%E8%B4%B9%E8%B4%A6%E5%8F%B7/
2025/9/26 21:04:07: https://fan2.194529.xyz/ss%E5%85%8D%E8%B4%B9%E8%B4%A6%E5%8F%B7/
2025/9/26 22:04:21: https://fan2.194529.xyz/ss%E5%85%8D%E8%B4%B9%E8%B4%A6%E5%8F%B7/
2025/9/26 23:05:20: https://fan2.194529.xyz/ss%E5%85%8D%E8%B4%B9%E8%B4%A6%E5%8F%B7/
2025/9/27 00:06:18: https://fan2.194529.xyz/ss%E5%85%8D%E8%B4%B9%E8%B4%A6%E5%8F%B7/
2025/9/27 01:07:06: https://fan2.194529.xyz/ss%E5%85%8D%E8%B4%B9%E8%B4%A6%E5%8F%B7/
2025/9/27 10:00:20: https://fan2.194529.xyz/ss%E5%85%8D%E8%B4%B9%E8%B4%A6%E5%8F%B7/
2025/9/27 13:00:19: https://fan2.194529.xyz/ss%E5%85%8D%E8%B4%B9%E8%B4%A6%E5%8F%B7/
2025/9/27 14:52:19: https://fan2.194529.xyz/ss%E5%85%8D%E8%B4%B9%E8%B4%A6%E5%8F%B7/
2025/9/27 15:53:21: https://fan2.194529.xyz/ss%E5%85%8D%E8%B4%B9%E8%B4%A6%E5%8F%B7/
2025/9/27 16:54:22: https://fan2.194529.xyz/ss%E5%85%8D%E8%B4%B9%E8%B4%A6%E5%8F%B7/
2025/9/27 22:18:23: https://fan2.194529.xyz/ss%E5%85%8D%E8%B4%B9%E8%B4%A6%E5%8F%B7/
2025/9/27 23:19:22: https://fan2.194529.xyz/ss%E5%85%8D%E8%B4%B9%E8%B4%A6%E5%8F%B7/
2025/9/28 07:25:21: https://fan2.194529.xyz/ss%E5%85%8D%E8%B4%B9%E8%B4%A6%E5%8F%B7/
2025/9/28 08:26:21: https://fan2.194529.xyz/ss%E5%85%8D%E8%B4%B9%E8%B4%A6%E5%8F%B7/
2025/9/28 09:27:21: https://fan2.194529.xyz/ss%E5%85%8D%E8%B4%B9%E8%B4%A6%E5%8F%B7/
2025/9/28 10:28:23: https://fan2.194529.xyz/ss%E5%85%8D%E8%B4%B9%E8%B4%A6%E5%8F%B7/
2025/9/28 11:29:23: https://fan2.194529.xyz/ss%E5%85%8D%E8%B4%B9%E8%B4%A6%E5%8F%B7/
2025/10/13 16:18:34: https://fan2.194529.xyz/ss%E5%85%8D%E8%B4%B9%E8%B4%A6%E5%8F%B7/
2025/10/13 17:18:55: https://fan2.194529.xyz/ss%E5%85%8D%E8%B4%B9%E8%B4%A6%E5%8F%B7/
2025/10/13 18:19:55: https://fan2.194529.xyz/ss%E5%85%8D%E8%B4%B9%E8%B4%A6%E5%8F%B7/
2025/10/13 19:20:55: https://fan2.194529.xyz/ss%E5%85%8D%E8%B4%B9%E8%B4%A6%E5%8F%B7/
2025/10/13 20:21:56: https://fan2.194529.xyz/ss%E5%85%8D%E8%B4%B9%E8%B4%A6%E5%8F%B7/
2025/10/13 21:22:56: https://fan2.194529.xyz/ss%E5%85%8D%E8%B4%B9%E8%B4%A6%E5%8F%B7/
2025/10/13 22:23:56: https://fan2.194529.xyz/ss%E5%85%8D%E8%B4%B9%E8%B4%A6%E5%8F%B7/
2025/10/13 23:24:56: https://fan2.194529.xyz/ss%E5%85%8D%E8%B4%B9%E8%B4%A6%E5%8F%B7/
2025/10/14 00:07:40: https://fan2.194529.xyz/ss%E5%85%8D%E8%B4%B9%E8%B4%A6%E5%8F%B7/
2025/10/14 01:07:56: https://fan2.194529.xyz/ss%E5%85%8D%E8%B4%B9%E8%B4%A6%E5%8F%B7/
2025/10/14 08:57:10: https://fan2.194529.xyz/ss%E5%85%8D%E8%B4%B9%E8%B4%A6%E5%8F%B7/
2025/10/14 09:57:55: https://fan2.194529.xyz/ss%E5%85%8D%E8%B4%B9%E8%B4%A6%E5%8F%B7/
2025/10/14 10:58:55: https://fan2.194529.xyz/ss%E5%85%8D%E8%B4%B9%E8%B4%A6%E5%8F%B7/
2025/10/14 11:59:56: https://fan2.194529.xyz/ss%E5%85%8D%E8%B4%B9%E8%B4%A6%E5%8F%B7/
2025/10/14 21:00:17: https://fan2.194529.xyz/ss%E5%85%8D%E8%B4%B9%E8%B4%A6%E5%8F%B7/
2025/10/14 22:01:17: https://fan2.194529.xyz/ss%E5%85%8D%E8%B4%B9%E8%B4%A6%E5%8F%B7/
2025/10/15 11:59:17: https://fan2.194529.xyz/ss%E5%85%8D%E8%B4%B9%E8%B4%A6%E5%8F%B7/
2025/10/15 14:00:20: https://fan2.194529.xyz/ss%E5%85%8D%E8%B4%B9%E8%B4%A6%E5%8F%B7/
2025/10/15 14:39:38: https://fan2.194529.xyz/ss%E5%85%8D%E8%B4%B9%E8%B4%A6%E5%8F%B7/
2025/10/15 15:40:20: https://fan2.194529.xyz/ss%E5%85%8D%E8%B4%B9%E8%B4%A6%E5%8F%B7/
2025/10/15 16:41:20: https://fan2.194529.xyz/ss%E5%85%8D%E8%B4%B9%E8%B4%A6%E5%8F%B7/
2025/10/15 17:42:21: https://fan2.194529.xyz/ss%E5%85%8D%E8%B4%B9%E8%B4%A6%E5%8F%B7/
2025/10/15 18:43:20: https://fan2.194529.xyz/ss%E5%85%8D%E8%B4%B9%E8%B4%A6%E5%8F%B7/
2025/10/15 21:47:20: https://fan2.194529.xyz/ss%E5%85%8D%E8%B4%B9%E8%B4%A6%E5%8F%B7/
2025/10/15 22:48:21: https://fan2.194529.xyz/ss%E5%85%8D%E8%B4%B9%E8%B4%A6%E5%8F%B7/
2025/10/15 23:49:20: https://fan2.194529.xyz/ss%E5%85%8D%E8%B4%B9%E8%B4%A6%E5%8F%B7/
2025/10/16 00:50:20: https://fan2.194529.xyz/ss%E5%85%8D%E8%B4%B9%E8%B4%A6%E5%8F%B7/
2025/10/16 01:51:20: https://fan2.194529.xyz/ss%E5%85%8D%E8%B4%B9%E8%B4%A6%E5%8F%B7/
2025/10/16 13:20:16: https://fan2.194529.xyz/ss%E5%85%8D%E8%B4%B9%E8%B4%A6%E5%8F%B7/
2025/10/16 14:22:13: https://fan2.194529.xyz/ss%E5%85%8D%E8%B4%B9%E8%B4%A6%E5%8F%B7/
2025/10/16 15:24:13: https://fan2.194529.xyz/ss%E5%85%8D%E8%B4%B9%E8%B4%A6%E5%8F%B7/
2025/10/16 16:26:13: https://fan2.194529.xyz/ss%E5%85%8D%E8%B4%B9%E8%B4%A6%E5%8F%B7/
2025/10/16 17:27:44: https://fan2.194529.xyz/ss%E5%85%8D%E8%B4%B9%E8%B4%A6%E5%8F%B7/
2025/10/16 17:29:07: https://fan2.194529.xyz/ss%E5%85%8D%E8%B4%B9%E8%B4%A6%E5%8F%B7/
2025/10/16 18:31:50: https://fan2.194529.xyz/ss%E5%85%8D%E8%B4%B9%E8%B4%A6%E5%8F%B7/
2025/10/16 18:32:47: https://fan2.194529.xyz/ss%E5%85%8D%E8%B4%B9%E8%B4%A6%E5%8F%B7/
2025/10/16 18:33:42: https://fan2.194529.xyz/ss%E5%85%8D%E8%B4%B9%E8%B4%A6%E5%8F%B7/
2025/10/16 19:37:13: https://fan2.194529.xyz/ss%E5%85%8D%E8%B4%B9%E8%B4%A6%E5%8F%B7/
2025/10/16 19:38:23: https://fan2.194529.xyz/ss%E5%85%8D%E8%B4%B9%E8%B4%A6%E5%8F%B7/
2025/10/16 19:40:02: https://fan2.194529.xyz/ss%E5%85%8D%E8%B4%B9%E8%B4%A6%E5%8F%B7/
2025/10/17 09:55:53: https://fan2.194529.xyz/ss%E5%85%8D%E8%B4%B9%E8%B4%A6%E5%8F%B7/
2025/10/17 09:57:44: https://fan2.194529.xyz/ss%E5%85%8D%E8%B4%B9%E8%B4%A6%E5%8F%B7/
2025/10/17 11:02:28: https://fan2.194529.xyz/ss%E5%85%8D%E8%B4%B9%E8%B4%A6%E5%8F%B7/
2025/10/17 11:03:46: https://fan2.194529.xyz/ss%E5%85%8D%E8%B4%B9%E8%B4%A6%E5%8F%B7/
2025/10/17 11:05:03: https://fan2.194529.xyz/ss%E5%85%8D%E8%B4%B9%E8%B4%A6%E5%8F%B7/
2025/10/21 00:39:09: https://fan2.194529.xyz/ss%E5%85%8D%E8%B4%B9%E8%B4%A6%E5%8F%B7/
2025/10/21 12:46:22: https://fan2.194529.xyz/ss%E5%85%8D%E8%B4%B9%E8%B4%A6%E5%8F%B7/
2025/10/21 13:48:21: https://fan2.194529.xyz/ss%E5%85%8D%E8%B4%B9%E8%B4%A6%E5%8F%B7/
2025/10/21 15:51:22: https://fan2.194529.xyz/ss%E5%85%8D%E8%B4%B9%E8%B4%A6%E5%8F%B7/
2025/10/21 16:52:23: https://fan2.194529.xyz/ss%E5%85%8D%E8%B4%B9%E8%B4%A6%E5%8F%B7/
2025/10/21 20:11:21: https://fan2.194529.xyz/ss%E5%85%8D%E8%B4%B9%E8%B4%A6%E5%8F%B7/
2025/10/21 21:13:22: https://fan2.194529.xyz/ss%E5%85%8D%E8%B4%B9%E8%B4%A6%E5%8F%B7/
2025/10/21 22:15:29: https://fan2.194529.xyz/ss%E5%85%8D%E8%B4%B9%E8%B4%A6%E5%8F%B7/
2025/10/22 13:26:22: https://fan2.194529.xyz/ss%E5%85%8D%E8%B4%B9%E8%B4%A6%E5%8F%B7/
2025/10/22 14:28:22: https://fan2.194529.xyz/ss%E5%85%8D%E8%B4%B9%E8%B4%A6%E5%8F%B7/
2025/10/22 15:30:21: https://fan2.194529.xyz/ss%E5%85%8D%E8%B4%B9%E8%B4%A6%E5%8F%B7/
2025/10/22 16:31:21: https://fan2.194529.xyz/ss%E5%85%8D%E8%B4%B9%E8%B4%A6%E5%8F%B7/
2025/10/22 17:33:24: https://fan2.194529.xyz/ss%E5%85%8D%E8%B4%B9%E8%B4%A6%E5%8F%B7/
2025/10/22 18:35:24: https://fan2.194529.xyz/ss%E5%85%8D%E8%B4%B9%E8%B4%A6%E5%8F%B7/
2025/10/22 19:37:23: https://fan2.194529.xyz/ss%E5%85%8D%E8%B4%B9%E8%B4%A6%E5%8F%B7/
2025/10/22 21:40:25: https://fan2.194529.xyz/ss%E5%85%8D%E8%B4%B9%E8%B4%A6%E5%8F%B7/
2025/10/22 22:42:23: https://fan2.194529.xyz/ss%E5%85%8D%E8%B4%B9%E8%B4%A6%E5%8F%B7/
2025/10/22 23:44:22: https://fan2.194529.xyz/ss%E5%85%8D%E8%B4%B9%E8%B4%A6%E5%8F%B7/
2025/10/23 00:46:23: https://fan2.194529.xyz/ss%E5%85%8D%E8%B4%B9%E8%B4%A6%E5%8F%B7/
2025/10/23 01:48:23: https://fan2.194529.xyz/ss%E5%85%8D%E8%B4%B9%E8%B4%A6%E5%8F%B7/
2025/10/23 10:00:23: https://fan2.194529.xyz/ss%E5%85%8D%E8%B4%B9%E8%B4%A6%E5%8F%B7/
2025/10/23 11:02:22: https://fan2.194529.xyz/ss%E5%85%8D%E8%B4%B9%E8%B4%A6%E5%8F%B7/
2025/10/23 12:03:23: https://fan2.194529.xyz/ss%E5%85%8D%E8%B4%B9%E8%B4%A6%E5%8F%B7/
2025/10/23 13:04:25: https://fan2.194529.xyz/ss%E5%85%8D%E8%B4%B9%E8%B4%A6%E5%8F%B7/
2025/10/23 14:05:23: https://fan2.194529.xyz/ss%E5%85%8D%E8%B4%B9%E8%B4%A6%E5%8F%B7/
2025/10/23 16:07:23: https://fan2.194529.xyz/ss%E5%85%8D%E8%B4%B9%E8%B4%A6%E5%8F%B7/
2025/10/23 17:08:24: https://fan2.194529.xyz/ss%E5%85%8D%E8%B4%B9%E8%B4%A6%E5%8F%B7/
2025/10/23 18:09:24: https://fan2.194529.xyz/ss%E5%85%8D%E8%B4%B9%E8%B4%A6%E5%8F%B7/
2025/10/23 19:10:24: https://fan2.194529.xyz/ss%E5%85%8D%E8%B4%B9%E8%B4%A6%E5%8F%B7/
2025/10/23 20:11:24: https://fan2.194529.xyz/ss%E5%85%8D%E8%B4%B9%E8%B4%A6%E5%8F%B7/
2025/10/23 23:14:26: https://fan2.194529.xyz/ss%E5%85%8D%E8%B4%B9%E8%B4%A6%E5%8F%B7/
2025/10/24 00:15:31: https://fan2.194529.xyz/ss%E5%85%8D%E8%B4%B9%E8%B4%A6%E5%8F%B7/
2025/10/24 11:31:28: https://fan2.194529.xyz/ss%E5%85%8D%E8%B4%B9%E8%B4%A6%E5%8F%B7/
2025/10/24 11:36:26: https://fan2.194529.xyz/ss%E5%85%8D%E8%B4%B9%E8%B4%A6%E5%8F%B7/
2025/10/24 12:39:20: https://fan2.194529.xyz/ss%E5%85%8D%E8%B4%B9%E8%B4%A6%E5%8F%B7/
2025/10/24 13:40:12: https://fan2.194529.xyz/ss%E5%85%8D%E8%B4%B9%E8%B4%A6%E5%8F%B7/
2025/10/24 14:41:11: https://fan2.194529.xyz/ss%E5%85%8D%E8%B4%B9%E8%B4%A6%E5%8F%B7/
2025/10/24 15:42:11: https://fan2.194529.xyz/ss%E5%85%8D%E8%B4%B9%E8%B4%A6%E5%8F%B7/
2025/10/24 16:43:10: https://fan2.194529.xyz/ss%E5%85%8D%E8%B4%B9%E8%B4%A6%E5%8F%B7/
2025/10/24 17:15:01Extracted src: https://fan.380227.xyz/ss免费账号/
2025/10/24 17:19:02Extracted src: https://fan.380227.xyz/ss免费账号/
2025/10/24 17:48:38Extracted src: https://fan.380227.xyz/ss免费账号/
2025/10/24 17:56:51Extracted src: https://fan.380227.xyz/ss免费账号/
2025/10/24 18:19:45Extracted src: https://fan.380227.xyz/ss免费账号/
2025/10/24 18:21:03Extracted src: https://fan.380227.xyz/ss免费账号/
2025/10/24 18:45:11: https://fan2.194529.xyz/ss%E5%85%8D%E8%B4%B9%E8%B4%A6%E5%8F%B7/
2025/10/24 18:58:36Extracted src: https://fan.380227.xyz/ss免费账号/
2025/10/24 19:03:21Extracted src: https://fan.380227.xyz/ss免费账号/
2025/10/24 19:08:46Extracted src: https://fan.380227.xyz/ss免费账号/
2025/10/24 19:11:44Extracted src: https://fan.380227.xyz/ss免费账号/
2025/10/24 19:12:33Extracted src: https://fan.380227.xyz/ss免费账号/
2025/10/24 19:46:11: https://fan2.194529.xyz/ss%E5%85%8D%E8%B4%B9%E8%B4%A6%E5%8F%B7/
2025/10/24 19:55:47Extracted src: https://fan.380227.xyz/ss免费账号/
2025/10/24 19:55:49Extracted src: https://fan.380227.xyz/ss免费账号/
2025/10/24 20:03:06Extracted src: https://fan.380227.xyz/ss免费账号/
2025/10/24 20:03:08Extracted src: https://fan.380227.xyz/ss免费账号/
2025/10/24 20:05:26Extracted src: https://fan.380227.xyz/ss免费账号/
2025/10/24 20:05:33Extracted src: https://fan.380227.xyz/ss免费账号/
2025/10/24 20:06:43Extracted src: https://fan.380227.xyz/ss免费账号/
2025/10/24 20:06:44Extracted src: https://fan.380227.xyz/ss免费账号/
2025/10/24 20:07:45: https://fan2.194529.xyz/ss%E5%85%8D%E8%B4%B9%E8%B4%A6%E5%8F%B7/
2025/10/24 20:29:22: https://fan2.194529.xyz/ss%E5%85%8D%E8%B4%B9%E8%B4%A6%E5%8F%B7/
2025/10/24 20:30:57Extracted src: https://fan.380227.xyz/ss免费账号/
2025/10/24 20:31:01Extracted src: https://fan.380227.xyz/ss免费账号/
2025/10/24 20:36:49: https://fan2.194529.xyz/ss%E5%85%8D%E8%B4%B9%E8%B4%A6%E5%8F%B7/
2025/10/24 20:38:33Extracted src: https://fan.380227.xyz/ss免费账号/
2025/10/24 20:38:36Extracted src: https://fan.380227.xyz/ss免费账号/
2025/10/24 20:42:19Extracted src: https://fan.380227.xyz/ss免费账号/
2025/10/24 20:42:22Extracted src: https://fan.380227.xyz/ss免费账号/
2025/10/24 20:43:57Extracted src: https://fan.380227.xyz/ss免费账号/
2025/10/24 20:44:00Extracted src: https://fan.380227.xyz/ss免费账号/
2025/10/24 20:46:51Extracted src: https://fan.380227.xyz/ss免费账号/
2025/10/24 20:46:58Extracted src: https://fan.380227.xyz/ss免费账号/
2025/10/24 20:49:55Extracted src: https://fan.380227.xyz/ss免费账号/
2025/10/24 20:49:58Extracted src: https://fan.380227.xyz/ss免费账号/
2025/10/24 20:54:26Extracted src: https://fan.380227.xyz/ss免费账号/
2025/10/24 20:54:28Extracted src: https://fan.380227.xyz/ss免费账号/
2025/10/24 20:54:54Extracted src: https://fan.380227.xyz/ss免费账号/
2025/10/24 20:55:00Extracted src: https://fan.380227.xyz/ss免费账号/
2025/10/24 20:56:43Extracted src: https://fan.380227.xyz/ss免费账号/
2025/10/24 20:56:47Extracted src: https://fan.380227.xyz/ss免费账号/
2025/10/24 20:57:50Extracted src: https://fan.380227.xyz/ss免费账号/
2025/10/24 20:57:57Extracted src: https://fan.380227.xyz/ss免费账号/
2025/10/24 21:02:31Extracted src: https://fan.380227.xyz/ss免费账号/
2025/10/24 21:02:36Extracted src: https://fan.380227.xyz/ss免费账号/
2025/10/24 21:10:39: https://fan2.194529.xyz/ss%E5%85%8D%E8%B4%B9%E8%B4%A6%E5%8F%B7/
2025/10/24 21:34:54: https://fan2.194529.xyz/ss%E5%85%8D%E8%B4%B9%E8%B4%A6%E5%8F%B7/
2025/10/24 21:51:48: https://fan2.194529.xyz/ss%E5%85%8D%E8%B4%B9%E8%B4%A6%E5%8F%B7/
2025/10/24 21:53:03: https://fan2.194529.xyz/ss%E5%85%8D%E8%B4%B9%E8%B4%A6%E5%8F%B7/
2025/10/24 21:53:53: https://fan2.194529.xyz/ss%E5%85%8D%E8%B4%B9%E8%B4%A6%E5%8F%B7/
2025/10/24 21:56:22: https://fan2.194529.xyz/ss%E5%85%8D%E8%B4%B9%E8%B4%A6%E5%8F%B7/object
2025/10/24 21:57:22: https://fan2.194529.xyz/ss%E5%85%8D%E8%B4%B9%E8%B4%A6%E5%8F%B7/null
2025/10/24 21:58:30: [object Promise]{}
2025/10/24 22:01:27: [object Promise]{}
2025/10/24 22:01:54: https://fan2.194529.xyz/ss%E5%85%8D%E8%B4%B9%E8%B4%A6%E5%8F%B7/null
2025/10/24 22:03:13: https://fan2.194529.xyz/ss%E5%85%8D%E8%B4%B9%E8%B4%A6%E5%8F%B7/null
2025/10/24 22:31:41: https://fan2.194529.xyz/ss%E5%85%8D%E8%B4%B9%E8%B4%A6%E5%8F%B7/null
2025/10/24 22:35:44: https://fan2.194529.xyz/ss%E5%85%8D%E8%B4%B9%E8%B4%A6%E5%8F%B7/undefined
2025/10/24 22:37:05: lsq"lsq"
2025/10/24 22:40:13: C:\Users\Administrator\scoop\apps\nodejs24\current\node.exe
C:\msys64\ucrt64\bin\node
C:\msys64\ucrt64\bin\node.exe"C:\\Users\\Administrator\\scoop\\apps\\nodejs24\\current\\node.exe\r\nC:\\msys64\\ucrt64\\bin\\node\r\nC:\\msys64\\ucrt64\\bin\\node.exe"
2025/10/24 22:51:37: C:\Users\Administrator\scoop\apps\nodejs24\current\node.exe"C:\\Users\\Administrator\\scoop\\apps\\nodejs24\\current\\node.exe"
2025/10/24 22:58:11Extracted src: https://fan.380227.xyz/ss免费账号/
2025/10/24 22:58:57Extracted src: https://fan.380227.xyz/ss免费账号/
2025/10/24 22:59:00Extracted src: https://fan.380227.xyz/ss免费账号/
2025/10/24 22:59:00: https://fan.380227.xyz/ss免费账号/"https://fan.380227.xyz/ss免费账号/"
2025/10/24 23:03:38Extracted src: https://fan.380227.xyz/ss免费账号/
2025/10/24 23:03:42Extracted src: https://fan.380227.xyz/ss免费账号/
2025/10/24 23:03:42: https://fan.380227.xyz/ss免费账号/"https://fan.380227.xyz/ss免费账号/"
2025/10/25 15:32:52Extracted src: https://fan.380227.xyz/ss免费账号/
2025/10/25 15:32:52: https://fan.380227.xyz/ss免费账号/
2025/10/25 15:52:56Extracted src: https://fan.380227.xyz/ss免费账号/
2025/10/25 16:33:11Extracted src: https://fan.380227.xyz/ss免费账号/
2025/10/25 16:33:12: https://fan.380227.xyz/ss免费账号/
2025/10/25 17:34:15Extracted src: https://fan.380227.xyz/ss免费账号/
2025/10/25 17:34:15: https://fan.380227.xyz/ss免费账号/
2025/10/25 17:35:54Extracted src: https://fan.380227.xyz/ss免费账号/
2025/10/25 17:35:54: https://fan.380227.xyz/ss免费账号/
2025/10/25 17:38:38Extracted src: https://fan.380227.xyz/ss免费账号/
2025/10/25 17:38:38: https://fan.380227.xyz/ss免费账号/
2025/10/25 17:43:17Extracted src: https://fan.380227.xyz/ss免费账号/
2025/10/25 17:43:18: https://fan.380227.xyz/ss免费账号/
2025/10/25 17:45:49Extracted src: https://fan.380227.xyz/ss免费账号/
2025/10/25 17:45:49: https://fan.380227.xyz/ss免费账号/
2025/10/25 18:56:09: C:\msys64\ucrt64\bin\node,C:\msys64\ucrt64\bin\node.exe
2025/10/25 18:57:03Extracted src: https://fan.380227.xyz/ss免费账号/
2025/10/25 18:57:00: C:\Users\Administrator\scoop\apps\nodejs24\current\node.exe,C:\msys64\ucrt64\bin\node,C:\msys64\ucrt64\bin\node.exe
2025/10/25 18:57:03: https://fan.380227.xyz/ss免费账号/
2025/10/25 19:00:56: 
2025/10/25 19:00:56: https://fan2.194529.xyz/ss%E5%85%8D%E8%B4%B9%E8%B4%A6%E5%8F%B7/
2025/10/25 19:02:53Extracted src: https://fan.380227.xyz/ss免费账号/
2025/10/25 19:02:46: C:\Users\Administrator\scoop\apps\nodejs24\current\node.exe,C:\msys64\ucrt64\bin\node,C:\msys64\ucrt64\bin\node.exe
2025/10/25 19:02:53: https://fan.380227.xyz/ss免费账号/
2025/10/25 19:03:57: 
2025/10/25 19:03:57: https://fan2.194529.xyz/ss%E5%85%8D%E8%B4%B9%E8%B4%A6%E5%8F%B7/
2025/10/25 19:10:37: C:\msys64\ucrt64\bin\node,C:\msys64\ucrt64\bin\node.exe
2025/10/25 19:10:43: C:\msys64\ucrt64\bin\node,C:\msys64\ucrt64\bin\node.exe
2025/10/25 19:11:38: C:\msys64\ucrt64\bin\node,C:\msys64\ucrt64\bin\node.exe
2025/10/25 19:12:44: C:\msys64\ucrt64\bin\node,C:\msys64\ucrt64\bin\node.exe
2025/10/25 19:12:52: C:\msys64\ucrt64\bin\node,C:\msys64\ucrt64\bin\node.exe
2025/10/25 19:14:36Extracted src: https://fan.380227.xyz/ss免费账号/
2025/10/25 19:14:30: Windows_NT
C:\Users\Administrator\scoop\apps\nodejs24\current\node.exe
2025/10/25 19:14:31: Windows_NT
C:\msys64\ucrt64\bin\node
2025/10/25 19:14:31: Windows_NT
C:\msys64\ucrt64\bin\node.exe
2025/10/25 19:14:36: https://fan.380227.xyz/ss免费账号/
2025/10/25 19:16:26Extracted src: https://fan.380227.xyz/ss免费账号/
2025/10/25 19:16:23: Windows_NT
C:\Users\Administrator\scoop\apps\nodejs24\current\node.exe
2025/10/25 19:16:23: Windows_NT
C:\msys64\ucrt64\bin\node
2025/10/25 19:16:23: Windows_NT
C:\msys64\ucrt64\bin\node.exe
2025/10/25 19:16:26: https://fan.380227.xyz/ss免费账号/
2025/10/25 19:27:45Extracted src: https://fan.380227.xyz/ss免费账号/
2025/10/25 19:27:42: Windows_NT
C:\Users\Administrator\scoop\apps\nodejs24\current\node.exe
2025/10/25 19:27:43: MINGW32_NT-10.0
C:\msys64\ucrt64\bin\node
2025/10/25 19:27:43: MINGW32_NT-10.0
C:\msys64\ucrt64\bin\node.exe
2025/10/25 19:27:45: https://fan.380227.xyz/ss免费账号/
2025/10/25 19:29:17Extracted src: https://fan.380227.xyz/ss免费账号/
2025/10/25 19:29:13: Windows_NT
C:\Users\Administrator\scoop\apps\nodejs24\current\node.exe
2025/10/25 19:29:14: MINGW32_NT-10.0
C:\msys64\ucrt64\bin\node.exe
2025/10/25 19:29:17: https://fan.380227.xyz/ss免费账号/
2025/10/25 19:29:13: MINGW32_NT-10.0
C:\msys64\ucrt64\bin\node
2025/10/25 19:32:23Extracted src: https://fan.380227.xyz/ss免费账号/
2025/10/25 19:32:21: C:\Users\Administrator\scoop\apps\nodejs24\current\node.exe
2025/10/25 19:32:23: https://fan.380227.xyz/ss免费账号/
2025/10/25 20:33:16Extracted src: https://fan.380227.xyz/ss免费账号/
2025/10/25 20:33:11: C:\Users\Administrator\scoop\apps\nodejs24\current\node.exe
2025/10/25 20:33:16: https://fan.380227.xyz/ss免费账号/
2025/10/25 21:24:39Extracted src: https://fan.380227.xyz/ss免费账号/
2025/10/25 21:24:37: C:\Users\Administrator\scoop\apps\nodejs24\current\node.exe
2025/10/25 21:24:39: https://fan.380227.xyz/ss免费账号/
2025/10/25 22:25:16Extracted src: https://fan.380227.xyz/ss免费账号/
2025/10/25 22:25:13: C:\Users\Administrator\scoop\apps\nodejs24\current\node.exe
2025/10/25 22:25:16: https://fan.380227.xyz/ss免费账号/
2025/10/25 23:26:14Extracted src: https://fan.380227.xyz/ss免费账号/
2025/10/25 23:26:12: C:\Users\Administrator\scoop\apps\nodejs24\current\node.exe
2025/10/25 23:26:14: https://fan.380227.xyz/ss免费账号/
2025/10/26 00:27:14Extracted src: https://fan.380227.xyz/ss免费账号/
2025/10/26 00:27:12: C:\Users\Administrator\scoop\apps\nodejs24\current\node.exe
2025/10/26 00:27:14: https://fan.380227.xyz/ss免费账号/
2025/10/26 00:47:09Extracted src: https://fan.380227.xyz/ss免费账号/
2025/10/26 00:47:11Extracted src: https://fan.380227.xyz/ss免费账号/
2025/10/26 00:48:48Extracted src: https://fan.380227.xyz/ss免费账号/
2025/10/26 00:48:50Extracted src: https://fan.380227.xyz/ss免费账号/
2025/10/26 00:55:24Extracted src: https://fan.380227.xyz/ss免费账号/
2025/10/26 00:55:26Extracted src: https://fan.380227.xyz/ss免费账号/
2025/10/26 13:12:05Extracted src: https://fan.380227.xyz/ss免费账号/
2025/10/26 13:12:03: C:\Users\Administrator\scoop\apps\nodejs24\current\node.exe,C:\msys64\ucrt64\bin\node,C:\msys64\ucrt64\bin\node.exe
2025/10/26 13:12:05: https://fan.380227.xyz/ss免费账号/
2025/10/26 13:16:41Extracted src: https://fan.380227.xyz/ss免费账号/
2025/10/26 13:16:41: https://fan.380227.xyz/ss免费账号/
2025/10/26 13:16:38: C:\Users\Administrator\scoop\apps\nodejs24\current\node.exe,C:\msys64\ucrt64\bin\node,C:\msys64\ucrt64\bin\node.exe
2025/10/26 13:19:15Extracted src: https://fan.380227.xyz/ss免费账号/
2025/10/26 13:19:12: C:\Users\Administrator\scoop\apps\nodejs24\current\node.exe,C:\msys64\ucrt64\bin\node,C:\msys64\ucrt64\bin\node.exe
2025/10/26 13:19:15: https://fan.380227.xyz/ss免费账号/
2025/10/26 14:20:24Extracted src: https://fan.380227.xyz/ss免费账号/
2025/10/26 14:20:20: C:\Users\Administrator\scoop\apps\nodejs24\current\node.exe,C:\msys64\ucrt64\bin\node,C:\msys64\ucrt64\bin\node.exe
2025/10/26 14:20:24: https://fan.380227.xyz/ss免费账号/
2025/10/26 14:43:47Extracted src: https://fan.380227.xyz/ss免费账号/
2025/10/26 14:43:52Extracted src: https://fan.380227.xyz/ss免费账号/
2025/10/26 14:44:18Extracted src: https://fan.380227.xyz/ss免费账号/
2025/10/26 14:44:22Extracted src: https://fan.380227.xyz/ss免费账号/
2025/10/26 14:51:50Extracted src: https://fan.380227.xyz/ss免费账号/
2025/10/26 14:51:43: C:\Users\Administrator\scoop\apps\nodejs24\current\node.exe
2025/10/26 14:51:50: https://fan.380227.xyz/ss免费账号/
2025/10/26 15:01:55: 
2025/10/26 15:01:55: https://fan2.194529.xyz/ss%E5%85%8D%E8%B4%B9%E8%B4%A6%E5%8F%B7/
2025/10/26 15:03:16: 
2025/10/26 15:03:16: https://fan2.194529.xyz/ss%E5%85%8D%E8%B4%B9%E8%B4%A6%E5%8F%B7/
2025/10/26 15:04:47: 
2025/10/26 15:04:47: https://fan2.194529.xyz/ss%E5%85%8D%E8%B4%B9%E8%B4%A6%E5%8F%B7/
2025/10/26 15:06:53: 
2025/10/26 15:06:53: https://fan2.194529.xyz/ss%E5%85%8D%E8%B4%B9%E8%B4%A6%E5%8F%B7/
2025/10/26 15:07:19: 
2025/10/26 15:07:19: https://fan2.194529.xyz/ss%E5%85%8D%E8%B4%B9%E8%B4%A6%E5%8F%B7/
2025/10/26 15:08:25: 
2025/10/26 15:08:25: https://fan2.194529.xyz/ss%E5%85%8D%E8%B4%B9%E8%B4%A6%E5%8F%B7/
2025/10/26 15:11:26: 
2025/10/26 15:11:26✅ -> C:\Users\Administrator\scoop\apps\nodejs24\current\node.exe,C:\msys64\ucrt64\bin\node,C:\msys64\ucrt64\bin\node.exe
2025/10/26 15:11:26: https://fan2.194529.xyz/ss%E5%85%8D%E8%B4%B9%E8%B4%A6%E5%8F%B7/
2025/10/26 15:40:21✅ true-> C:\Users\Administrator\scoop\apps\nodejs24\current\node.exe,C:\msys64\ucrt64\bin\node,C:\msys64\ucrt64\bin\node.exe
2025/10/26 15:40:21: https://fan2.194529.xyz/ss%E5%85%8D%E8%B4%B9%E8%B4%A6%E5%8F%B7/
2025/10/26 15:40:21: 
2025/10/26 15:41:38✅ true-> C:\Users\Administrator\scoop\apps\nodejs24\current\node.exe
2025/10/26 15:41:38: 
2025/10/26 15:41:38: https://fan2.194529.xyz/ss%E5%85%8D%E8%B4%B9%E8%B4%A6%E5%8F%B7/
2025/10/26 15:44:35✅ true-> C:\Users\Administrator\scoop\apps\nodejs24\current\node.exe
2025/10/26 15:44:35✅ C:\Users\Administrator\scoop\apps\nodejs24\current\node.exe -> undefined
2025/10/26 15:44:35✅ C:\msys64\ucrt64\bin\node -> undefined
2025/10/26 15:44:36✅ C:\msys64\ucrt64\bin\node.exe -> undefined
2025/10/26 15:44:36: 
2025/10/26 15:44:36: https://fan2.194529.xyz/ss%E5%85%8D%E8%B4%B9%E8%B4%A6%E5%8F%B7/
2025/10/26 15:47:10Extracted src: https://fan.380227.xyz/ss免费账号/
2025/10/26 15:47:12Extracted src: https://fan.380227.xyz/ss免费账号/
2025/10/26 15:50:23✅ C:\msys64\ucrt64\bin\node -> MINGW32_NT-10.0

2025/10/26 15:50:22✅ C:\Users\Administrator\scoop\apps\nodejs24\current\node.exe -> Windows_NT

2025/10/26 15:50:23✅ C:\msys64\ucrt64\bin\node.exe -> MINGW32_NT-10.0

2025/10/26 15:50:23: C:\Users\Administrator\scoop\apps\nodejs24\current\node.exe
2025/10/26 15:50:48: null
2025/10/26 15:50:55Extracted src: https://fan.380227.xyz/ss免费账号/
2025/10/26 15:50:53✅ C:\msys64\ucrt64\bin\node -> MINGW32_NT-10.0

2025/10/26 15:50:53✅ C:\msys64\ucrt64\bin\node.exe -> MINGW32_NT-10.0

2025/10/26 15:50:53: C:\Users\Administrator\scoop\apps\nodejs24\current\node.exe
2025/10/26 15:50:53✅ C:\Users\Administrator\scoop\apps\nodejs24\current\node.exe -> Windows_NT

2025/10/26 15:50:55: https://fan.380227.xyz/ss免费账号/
2025/10/26 16:09:07Extracted src: https://fan.380227.xyz/ss免费账号/
2025/10/26 16:09:01: C:\Users\Administrator\scoop\apps\nodejs24\current\node.exe
2025/10/26 16:09:07: https://fan.380227.xyz/ss免费账号/
2025/10/26 16:13:42Extracted src: https://fan.380227.xyz/ss免费账号/
2025/10/26 16:13:39: C:\Users\Administrator\scoop\apps\nodejs24\current\node.exe
2025/10/26 16:13:42: https://fan.380227.xyz/ss免费账号/
2025/10/26 17:14:12Extracted src: https://fan.380227.xyz/ss免费账号/
2025/10/26 17:14:10: C:\Users\Administrator\scoop\apps\nodejs24\current\node.exe
2025/10/26 17:14:12: https://fan.380227.xyz/ss免费账号/
2025/10/26 18:15:13Extracted src: https://fan.380227.xyz/ss免费账号/
2025/10/26 18:15:10: C:\Users\Administrator\scoop\apps\nodejs24\current\node.exe
2025/10/26 18:15:13: https://fan.380227.xyz/ss免费账号/
2025/10/26 20:17:14Extracted src: https://fan.380227.xyz/ss免费账号/
2025/10/26 20:17:12: C:\Users\Administrator\scoop\apps\nodejs24\current\node.exe
2025/10/26 20:17:14: https://fan.380227.xyz/ss免费账号/
2025/10/26 21:18:12Extracted src: https://fan.380227.xyz/ss免费账号/
2025/10/26 21:18:10: C:\Users\Administrator\scoop\apps\nodejs24\current\node.exe
2025/10/26 21:18:12: https://fan.380227.xyz/ss免费账号/
2025/10/26 22:19:25Extracted src: https://fan.380227.xyz/ss免费账号/
2025/10/26 22:19:18: C:\Users\Administrator\scoop\apps\nodejs24\current\node.exe
2025/10/26 22:19:25: https://fan.380227.xyz/ss免费账号/
2025/10/26 23:20:22Extracted src: https://fan.380227.xyz/ss免费账号/
2025/10/26 23:20:16: C:\Users\Administrator\scoop\apps\nodejs24\current\node.exe
2025/10/26 23:20:22: https://fan.380227.xyz/ss免费账号/
2025/10/27 00:21:17Extracted src: https://fan.380227.xyz/ss免费账号/
2025/10/27 00:21:16: C:\Users\Administrator\scoop\apps\nodejs24\current\node.exe
2025/10/27 00:21:17: https://fan.380227.xyz/ss免费账号/
2025/10/27 11:12:55Extracted src: https://fan.380227.xyz/ss免费账号/
2025/10/27 11:12:51: C:\Users\Administrator\scoop\apps\nodejs24\current\node.exe
2025/10/27 11:12:55: https://fan.380227.xyz/ss免费账号/
2025/10/27 12:13:17Extracted src: https://fan.380227.xyz/ss免费账号/
2025/10/27 12:13:17: https://fan.380227.xyz/ss免费账号/
2025/10/27 12:13:15: C:\Users\Administrator\scoop\apps\nodejs24\current\node.exe
2025/10/27 13:14:16Extracted src: https://fan.380227.xyz/ss免费账号/
2025/10/27 13:14:14: C:\Users\Administrator\scoop\apps\nodejs24\current\node.exe
2025/10/27 13:14:16: https://fan.380227.xyz/ss免费账号/
2025/10/27 14:15:16Extracted src: https://fan.380227.xyz/ss免费账号/
2025/10/27 14:15:16: https://fan.380227.xyz/ss免费账号/
2025/10/27 14:15:14: C:\Users\Administrator\scoop\apps\nodejs24\current\node.exe
2025/10/27 15:16:18Extracted src: https://fan.380227.xyz/ss免费账号/
2025/10/27 15:16:15: C:\Users\Administrator\scoop\apps\nodejs24\current\node.exe
2025/10/27 15:16:18: https://fan.380227.xyz/ss免费账号/
2025/10/27 16:17:16Extracted src: https://fan.380227.xyz/ss免费账号/
2025/10/27 16:17:14: C:\Users\Administrator\scoop\apps\nodejs24\current\node.exe
2025/10/27 16:17:16: https://fan.380227.xyz/ss免费账号/
2025/10/27 17:18:16Extracted src: https://fan.380227.xyz/ss免费账号/
2025/10/27 17:18:16: https://fan.380227.xyz/ss免费账号/
2025/10/27 17:18:14: C:\Users\Administrator\scoop\apps\nodejs24\current\node.exe
2025/10/27 20:02:35Extracted src: https://fan.380227.xyz/ss免费账号/
2025/10/27 20:02:31: C:\Users\Administrator\scoop\apps\nodejs24\current\node.exe
2025/10/27 20:02:35: https://fan.380227.xyz/ss免费账号/
2025/10/27 22:04:21Extracted src: https://fan.380227.xyz/ss免费账号/
2025/10/27 22:04:17: C:\Users\Administrator\scoop\apps\nodejs24\current\node.exe
2025/10/27 22:04:21: https://fan.380227.xyz/ss免费账号/
2025/10/27 23:05:23Extracted src: https://fan.380227.xyz/ss免费账号/
2025/10/27 23:05:15: C:\Users\Administrator\scoop\apps\nodejs24\current\node.exe
2025/10/27 23:05:23: https://fan.380227.xyz/ss免费账号/
2025/10/28 10:06:13Extracted src: https://fan.380227.xyz/ss免费账号/
2025/10/28 10:06:11: C:\Users\Administrator\scoop\apps\nodejs24\current\node.exe
2025/10/28 10:06:13: https://fan.380227.xyz/ss免费账号/
2025/10/28 12:07:21Extracted src: https://fan.380227.xyz/ss免费账号/
2025/10/28 12:07:18: C:\Users\Administrator\scoop\apps\nodejs24\current\node.exe
2025/10/28 12:07:21: https://fan.380227.xyz/ss免费账号/
2025/10/28 14:09:20Extracted src: https://fan.380227.xyz/ss免费账号/
2025/10/28 14:09:17: C:\Users\Administrator\scoop\apps\nodejs24\current\node.exe
2025/10/28 14:09:20: https://fan.380227.xyz/ss免费账号/
2025/10/28 16:11:20Extracted src: https://fan.380227.xyz/ss免费账号/
2025/10/28 16:11:18: C:\Users\Administrator\scoop\apps\nodejs24\current\node.exe
2025/10/28 16:11:20: https://fan.380227.xyz/ss免费账号/
2025/10/28 17:12:22Extracted src: https://fan.380227.xyz/ss免费账号/
2025/10/28 17:12:17: C:\Users\Administrator\scoop\apps\nodejs24\current\node.exe
2025/10/28 17:12:23: https://fan.380227.xyz/ss免费账号/
2025/10/28 19:14:21Extracted src: https://fan.380227.xyz/ss免费账号/
2025/10/28 19:14:16: C:\Users\Administrator\scoop\apps\nodejs24\current\node.exe
2025/10/28 19:14:21: https://fan.380227.xyz/ss免费账号/
2025/10/28 20:15:19Extracted src: https://fan.380227.xyz/ss免费账号/
2025/10/28 20:15:16: C:\Users\Administrator\scoop\apps\nodejs24\current\node.exe
2025/10/28 20:15:19: https://fan.380227.xyz/ss免费账号/
2025/10/29 10:42:18Extracted src: https://fan.380227.xyz/ss免费账号/
2025/10/29 10:42:16: C:\Users\Administrator\scoop\apps\nodejs24\current\node.exe
2025/10/29 10:42:19: https://fan.380227.xyz/ss免费账号/
2025/10/29 11:43:19Extracted src: https://fan.380227.xyz/ss免费账号/
2025/10/29 11:43:16: C:\Users\Administrator\scoop\apps\nodejs24\current\node.exe
2025/10/29 11:43:19: https://fan.380227.xyz/ss免费账号/
2025/10/29 13:55:24Extracted src: https://fan.380227.xyz/ss免费账号/
2025/10/29 13:55:20: C:\Users\Administrator\scoop\apps\nodejs24\current\node.exe
2025/10/29 13:55:24: https://fan.380227.xyz/ss免费账号/
2025/10/29 14:56:25Extracted src: https://fan.380227.xyz/ss免费账号/
2025/10/29 14:56:19: C:\Users\Administrator\scoop\apps\nodejs24\current\node.exe
2025/10/29 14:56:25: https://fan.380227.xyz/ss免费账号/
2025/10/29 15:57:25Extracted src: https://fan.380227.xyz/ss免费账号/
2025/10/29 15:57:22: C:\Users\Administrator\scoop\apps\nodejs24\current\node.exe
2025/10/29 15:57:25: https://fan.380227.xyz/ss免费账号/
2025/10/29 16:58:23Extracted src: https://fan.380227.xyz/ss免费账号/
2025/10/29 16:58:21: C:\Users\Administrator\scoop\apps\nodejs24\current\node.exe
2025/10/29 16:58:23: https://fan.380227.xyz/ss免费账号/
2025/10/29 17:59:23Extracted src: https://fan.380227.xyz/ss免费账号/
2025/10/29 17:59:21: C:\Users\Administrator\scoop\apps\nodejs24\current\node.exe
2025/10/29 17:59:23: https://fan.380227.xyz/ss免费账号/
2025/10/29 20:01:25Extracted src: https://fan.380227.xyz/ss免费账号/
2025/10/29 20:01:21: C:\Users\Administrator\scoop\apps\nodejs24\current\node.exe
2025/10/29 20:01:25: https://fan.380227.xyz/ss免费账号/
2025/10/29 22:14:59Extracted src: https://fan.380227.xyz/ss免费账号/
2025/10/29 22:14:59: https://fan.380227.xyz/ss免费账号/
2025/10/29 22:14:57: C:\Users\Administrator\scoop\apps\nodejs24\current\node.exe
2025/10/29 22:15:14Extracted src: https://fan.380227.xyz/ss免费账号/
2025/10/29 22:15:11: C:\Users\Administrator\scoop\apps\nodejs24\current\node.exe
2025/10/29 22:15:14: https://fan.380227.xyz/ss免费账号/
2025/10/29 23:15:24Extracted src: https://fan.380227.xyz/ss免费账号/
2025/10/29 23:15:21: C:\Users\Administrator\scoop\apps\nodejs24\current\node.exe
2025/10/29 23:15:24: https://fan.380227.xyz/ss免费账号/
2025/10/30 00:16:24Extracted src: https://fan.380227.xyz/ss免费账号/
2025/10/30 00:16:21: C:\Users\Administrator\scoop\apps\nodejs24\current\node.exe
2025/10/30 00:16:24: https://fan.380227.xyz/ss免费账号/
2025/10/30 01:17:23Extracted src: https://fan.380227.xyz/ss免费账号/
2025/10/30 01:17:23: https://fan.380227.xyz/ss免费账号/
2025/10/30 01:17:21: C:\Users\Administrator\scoop\apps\nodejs24\current\node.exe
2025/10/30 11:55:37Extracted src: https://fan.380227.xyz/ss免费账号/
2025/10/30 11:55:35: C:\Users\Administrator\scoop\apps\nodejs24\current\node.exe
2025/10/30 11:55:37: https://fan.380227.xyz/ss免费账号/
2025/10/30 12:56:27Extracted src: https://fan.380227.xyz/ss免费账号/
2025/10/30 12:56:21: C:\Users\Administrator\scoop\apps\nodejs24\current\node.exe
2025/10/30 12:56:27: https://fan.380227.xyz/ss免费账号/
2025/10/30 14:57:25Extracted src: https://fan.380227.xyz/ss免费账号/
2025/10/30 14:57:25: https://fan.380227.xyz/ss免费账号/
2025/10/30 14:57:23: C:\Users\Administrator\scoop\apps\nodejs24\current\node.exe
2025/10/30 15:03:34Extracted src: https://fan.380227.xyz/ss免费账号/
2025/10/30 15:03:27: C:\Users\Administrator\scoop\apps\nodejs24\current\node.exe
2025/10/30 15:03:34: https://fan.380227.xyz/ss免费账号/
2025/10/30 16:04:29Extracted src: https://fan.380227.xyz/ss免费账号/
2025/10/30 16:04:25: C:\Users\Administrator\scoop\apps\nodejs24\current\node.exe
2025/10/30 16:04:29: https://fan.380227.xyz/ss免费账号/
2025/10/30 17:05:26Extracted src: https://fan.380227.xyz/ss免费账号/
2025/10/30 17:05:24: C:\Users\Administrator\scoop\apps\nodejs24\current\node.exe
2025/10/30 17:05:26: https://fan.380227.xyz/ss免费账号/
2025/10/30 18:06:27Extracted src: https://fan.380227.xyz/ss免费账号/
2025/10/30 18:06:23: C:\Users\Administrator\scoop\apps\nodejs24\current\node.exe
2025/10/30 18:06:27: https://fan.380227.xyz/ss免费账号/
2025/10/30 21:07:02Extracted src: https://fan.380227.xyz/ss免费账号/
2025/10/30 21:07:02: https://fan.380227.xyz/ss免费账号/
2025/10/30 21:07:00: C:\Users\Administrator\scoop\apps\nodejs24\current\node.exe
2025/10/30 22:07:26Extracted src: https://fan.380227.xyz/ss免费账号/
2025/10/30 22:07:24: C:\Users\Administrator\scoop\apps\nodejs24\current\node.exe
2025/10/30 22:07:27: https://fan.380227.xyz/ss免费账号/
2025/10/30 23:08:26Extracted src: https://fan.380227.xyz/ss免费账号/
2025/10/30 23:08:23: C:\Users\Administrator\scoop\apps\nodejs24\current\node.exe
2025/10/30 23:08:26: https://fan.380227.xyz/ss免费账号/
2025/10/31 00:09:25Extracted src: https://fan.380227.xyz/ss免费账号/
2025/10/31 00:09:23: C:\Users\Administrator\scoop\apps\nodejs24\current\node.exe
2025/10/31 00:09:25: https://fan.380227.xyz/ss免费账号/
2025/10/31 09:59:26Extracted src: https://fan.380227.xyz/ss免费账号/
2025/10/31 09:59:26: https://fan.380227.xyz/ss免费账号/
2025/10/31 09:59:23: C:\Users\Administrator\scoop\apps\nodejs24\current\node.exe
2025/10/31 11:00:26Extracted src: https://fan.380227.xyz/ss免费账号/
2025/10/31 11:00:23: C:\Users\Administrator\scoop\apps\nodejs24\current\node.exe
2025/10/31 11:00:26: https://fan.380227.xyz/ss免费账号/
2025/10/31 12:01:25Extracted src: https://fan.380227.xyz/ss免费账号/
2025/10/31 12:01:23: C:\Users\Administrator\scoop\apps\nodejs24\current\node.exe
2025/10/31 12:01:25: https://fan.380227.xyz/ss免费账号/
2025/10/31 14:00:14Extracted src: https://fan.380227.xyz/ss免费账号/
2025/10/31 14:00:12: C:\Users\Administrator\scoop\apps\nodejs24\current\node.exe
2025/10/31 14:00:14: https://fan.380227.xyz/ss免费账号/
2025/10/31 22:02:25Extracted src: https://fan.380227.xyz/ss免费账号/
2025/10/31 22:02:23: C:\Users\Administrator\scoop\apps\nodejs24\current\node.exe
2025/10/31 22:02:25: https://fan.380227.xyz/ss免费账号/
2025/10/31 23:03:25Extracted src: https://fan.380227.xyz/ss免费账号/
2025/10/31 23:03:23: C:\Users\Administrator\scoop\apps\nodejs24\current\node.exe
2025/10/31 23:03:25: https://fan.380227.xyz/ss免费账号/
2025/11/1 00:04:26Extracted src: https://fan.380227.xyz/ss免费账号/
2025/11/1 00:04:26: https://fan.380227.xyz/ss免费账号/
2025/11/1 00:04:23: C:\Users\Administrator\scoop\apps\nodejs24\current\node.exe
2025/11/1 01:05:25Extracted src: https://fan.380227.xyz/ss免费账号/
2025/11/1 01:05:23: C:\Users\Administrator\scoop\apps\nodejs24\current\node.exe
2025/11/1 01:05:25: https://fan.380227.xyz/ss免费账号/
2025/11/1 13:03:28Extracted src: https://fan.380227.xyz/ss免费账号/
2025/11/1 13:03:26: https://fan.380227.xyz/ss免费账号/
2025/11/1 13:03:23: C:\Users\Administrator\scoop\apps\nodejs24\current\node.exe
2025/11/1 14:04:29Extracted src: https://fan.380227.xyz/ss免费账号/
2025/11/1 14:04:26: C:\Users\Administrator\scoop\apps\nodejs24\current\node.exe
2025/11/1 14:04:29: https://fan.380227.xyz/ss免费账号/
2025/11/1 15:05:29Extracted src: https://fan.380227.xyz/ss免费账号/
2025/11/1 15:05:26: C:\Users\Administrator\scoop\apps\nodejs24\current\node.exe
2025/11/1 15:05:29: https://fan.380227.xyz/ss免费账号/
2025/11/1 16:06:27Extracted src: https://fan.380227.xyz/ss免费账号/
2025/11/1 16:06:27: https://fan.380227.xyz/ss免费账号/
2025/11/1 16:06:25: C:\Users\Administrator\scoop\apps\nodejs24\current\node.exe
2025/11/1 17:07:27Extracted src: https://fan.380227.xyz/ss免费账号/
2025/11/1 17:07:25: C:\Users\Administrator\scoop\apps\nodejs24\current\node.exe
2025/11/1 17:07:27: https://fan.380227.xyz/ss免费账号/
2025/11/1 20:10:31Extracted src: https://fan.380227.xyz/ss免费账号/
2025/11/1 20:10:26: C:\Users\Administrator\scoop\apps\nodejs24\current\node.exe
2025/11/1 20:10:31: https://fan.380227.xyz/ss免费账号/
2025/11/1 21:11:23Extracted src: https://fan.380227.xyz/ss免费账号/
2025/11/1 21:11:20: C:\Users\Administrator\scoop\apps\nodejs24\current\node.exe
2025/11/1 21:11:23: https://fan.380227.xyz/ss免费账号/
2025/11/1 22:12:28Extracted src: https://fan.380227.xyz/ss免费账号/
2025/11/1 22:12:26: C:\Users\Administrator\scoop\apps\nodejs24\current\node.exe
2025/11/1 22:12:28: https://fan.380227.xyz/ss免费账号/
2025/11/1 23:13:29Extracted src: https://fan.380227.xyz/ss免费账号/
2025/11/1 23:13:29: https://fan.380227.xyz/ss免费账号/
2025/11/1 23:13:26: C:\Users\Administrator\scoop\apps\nodejs24\current\node.exe
2025/11/2 00:14:28Extracted src: https://fan.380227.xyz/ss免费账号/
2025/11/2 00:14:21: C:\Users\Administrator\scoop\apps\nodejs24\current\node.exe
2025/11/2 00:14:28: https://fan.380227.xyz/ss免费账号/
2025/11/2 09:57:54Extracted src: https://fan.380227.xyz/ss免费账号/
2025/11/2 09:57:52: C:\Users\Administrator\scoop\apps\nodejs24\current\node.exe
2025/11/2 09:57:54: https://fan.380227.xyz/ss免费账号/
2025/11/2 10:58:30Extracted src: https://fan.380227.xyz/ss免费账号/
2025/11/2 10:58:26: C:\Users\Administrator\scoop\apps\nodejs24\current\node.exe
2025/11/2 10:58:30: https://fan.380227.xyz/ss免费账号/
2025/11/2 13:00:31Extracted src: https://fan.380227.xyz/ss免费账号/
2025/11/2 13:00:31: https://fan.380227.xyz/ss免费账号/
2025/11/2 13:00:26: C:\Users\Administrator\scoop\apps\nodejs24\current\node.exe
2025/11/2 14:01:29Extracted src: https://fan.380227.xyz/ss免费账号/
2025/11/2 14:01:26: C:\Users\Administrator\scoop\apps\nodejs24\current\node.exe
2025/11/2 14:01:29: https://fan.380227.xyz/ss免费账号/
2025/11/2 15:02:27Extracted src: https://fan.380227.xyz/ss免费账号/
2025/11/2 15:02:25: C:\Users\Administrator\scoop\apps\nodejs24\current\node.exe
2025/11/2 15:02:27: https://fan.380227.xyz/ss免费账号/
2025/11/2 16:03:27Extracted src: https://fan.380227.xyz/ss免费账号/
2025/11/2 16:03:25: C:\Users\Administrator\scoop\apps\nodejs24\current\node.exe
2025/11/2 16:03:28: https://fan.380227.xyz/ss免费账号/
2025/11/2 17:04:27Extracted src: https://fan.380227.xyz/ss免费账号/
2025/11/2 17:04:25: C:\Users\Administrator\scoop\apps\nodejs24\current\node.exe
2025/11/2 17:04:27: https://fan.380227.xyz/ss免费账号/
2025/11/2 19:06:28Extracted src: https://fan.380227.xyz/ss免费账号/
2025/11/2 19:06:25: C:\Users\Administrator\scoop\apps\nodejs24\current\node.exe
2025/11/2 19:06:28: https://fan.380227.xyz/ss免费账号/
2025/11/2 20:07:28Extracted src: https://fan.380227.xyz/ss免费账号/
2025/11/2 20:07:28: https://fan.380227.xyz/ss免费账号/
2025/11/2 20:07:25: C:\Users\Administrator\scoop\apps\nodejs24\current\node.exe
2025/11/2 21:08:27Extracted src: https://fan.380227.xyz/ss免费账号/
2025/11/2 21:08:25: C:\Users\Administrator\scoop\apps\nodejs24\current\node.exe
2025/11/2 21:08:27: https://fan.380227.xyz/ss免费账号/
2025/11/2 22:09:28Extracted src: https://fan.380227.xyz/ss免费账号/
2025/11/2 22:09:25: C:\Users\Administrator\scoop\apps\nodejs24\current\node.exe
2025/11/2 22:09:28: https://fan.380227.xyz/ss免费账号/
2025/11/2 23:10:30Extracted src: https://fan.380227.xyz/ss免费账号/
2025/11/2 23:10:25: C:\Users\Administrator\scoop\apps\nodejs24\current\node.exe
2025/11/2 23:10:30: https://fan.380227.xyz/ss免费账号/
2025/11/3 00:11:29Extracted src: https://fan.380227.xyz/ss免费账号/
2025/11/3 00:11:25: C:\Users\Administrator\scoop\apps\nodejs24\current\node.exe
2025/11/3 00:11:29: https://fan.380227.xyz/ss免费账号/
2025/11/3 01:12:27Extracted src: https://fan.380227.xyz/ss免费账号/
2025/11/3 01:12:25: C:\Users\Administrator\scoop\apps\nodejs24\current\node.exe
2025/11/3 01:12:27: https://fan.380227.xyz/ss免费账号/
2025/11/3 13:47:28Extracted src: https://fan.380227.xyz/ss免费账号/
2025/11/3 13:47:28: https://fan.380227.xyz/ss免费账号/
2025/11/3 13:47:25: C:\Users\Administrator\scoop\apps\nodejs24\current\node.exe
2025/11/3 14:48:30Extracted src: https://fan.380227.xyz/ss免费账号/
2025/11/3 14:48:30: https://fan.380227.xyz/ss免费账号/
2025/11/3 14:48:28: C:\Users\Administrator\scoop\apps\nodejs24\current\node.exe
2025/11/3 15:49:43Extracted src: https://fan.380227.xyz/ss免费账号/
2025/11/3 15:49:28: C:\Users\Administrator\scoop\apps\nodejs24\current\node.exe
2025/11/3 15:49:43: https://fan.380227.xyz/ss免费账号/
2025/11/3 16:50:30Extracted src: https://fan.380227.xyz/ss免费账号/
2025/11/3 16:50:28: C:\Users\Administrator\scoop\apps\nodejs24\current\node.exe
2025/11/3 16:50:31: https://fan.380227.xyz/ss免费账号/
2025/11/3 17:51:37Extracted src: https://fan.380227.xyz/ss免费账号/
2025/11/3 17:51:28: C:\Users\Administrator\scoop\apps\nodejs24\current\node.exe
2025/11/3 17:51:37: https://fan.380227.xyz/ss免费账号/
2025/11/3 20:54:30Extracted src: https://fan.380227.xyz/ss免费账号/
2025/11/3 20:54:28: C:\Users\Administrator\scoop\apps\nodejs24\current\node.exe
2025/11/3 20:54:30: https://fan.380227.xyz/ss免费账号/
2025/11/3 21:55:34Extracted src: https://fan.380227.xyz/ss免费账号/
2025/11/3 21:55:31: C:\Users\Administrator\scoop\apps\nodejs24\current\node.exe
2025/11/3 21:55:34: https://fan.380227.xyz/ss免费账号/
2025/11/3 22:56:33Extracted src: https://fan.380227.xyz/ss免费账号/
2025/11/3 22:56:33: https://fan.380227.xyz/ss免费账号/
2025/11/3 22:56:30: C:\Users\Administrator\scoop\apps\nodejs24\current\node.exe
2025/11/3 23:57:34Extracted src: https://fan.380227.xyz/ss免费账号/
2025/11/3 23:57:29: C:\Users\Administrator\scoop\apps\nodejs24\current\node.exe
2025/11/3 23:57:34: https://fan.380227.xyz/ss免费账号/
2025/11/4 00:58:31Extracted src: https://fan.380227.xyz/ss免费账号/
2025/11/4 00:58:31: https://fan.380227.xyz/ss免费账号/
2025/11/4 00:58:28: C:\Users\Administrator\scoop\apps\nodejs24\current\node.exe
2025/11/4 12:05:54Extracted src: https://fan.380227.xyz/ss免费账号/
2025/11/4 12:05:52: C:\Users\Administrator\scoop\apps\nodejs24\current\node.exe
2025/11/4 12:05:54: https://fan.380227.xyz/ss免费账号/
2025/11/4 13:06:32Extracted src: https://fan.380227.xyz/ss免费账号/
2025/11/4 13:06:31: C:\Users\Administrator\scoop\apps\nodejs24\current\node.exe
2025/11/4 13:06:32: https://fan.380227.xyz/ss免费账号/
2025/11/4 14:07:14Extracted src: https://fan.380227.xyz/ss免费账号/
2025/11/4 14:07:11: C:\Users\Administrator\scoop\apps\nodejs24\current\node.exe
2025/11/4 14:07:14: https://fan.380227.xyz/ss免费账号/
2025/11/4 15:08:16Extracted src: https://fan.380227.xyz/ss免费账号/
2025/11/4 15:08:13: C:\Users\Administrator\scoop\apps\nodejs24\current\node.exe
2025/11/4 15:08:16: https://fan.380227.xyz/ss免费账号/
2025/11/4 16:09:16Extracted src: https://fan.380227.xyz/ss免费账号/
2025/11/4 16:09:13: C:\Users\Administrator\scoop\apps\nodejs24\current\node.exe
2025/11/4 16:09:16: https://fan.380227.xyz/ss免费账号/
2025/11/4 17:10:15Extracted src: https://fan.380227.xyz/ss免费账号/
2025/11/4 17:10:13: C:\Users\Administrator\scoop\apps\nodejs24\current\node.exe
2025/11/4 17:10:15: https://fan.380227.xyz/ss免费账号/
2025/11/4 18:11:16Extracted src: https://fan.380227.xyz/ss免费账号/
2025/11/4 18:11:13: C:\Users\Administrator\scoop\apps\nodejs24\current\node.exe
2025/11/4 18:11:16: https://fan.380227.xyz/ss免费账号/
2025/11/4 19:32:36Extracted src: https://fan.380227.xyz/ss免费账号/
2025/11/4 19:32:31: C:\Users\Administrator\scoop\apps\nodejs24\current\node.exe
2025/11/4 19:32:36: https://fan.380227.xyz/ss免费账号/
2025/11/4 20:33:17Extracted src: https://fan.380227.xyz/ss免费账号/
2025/11/4 20:33:14: C:\Users\Administrator\scoop\apps\nodejs24\current\node.exe
2025/11/4 20:33:17: https://fan.380227.xyz/ss免费账号/
2025/11/4 21:34:15Extracted src: https://fan.380227.xyz/ss免费账号/
2025/11/4 21:34:13: C:\Users\Administrator\scoop\apps\nodejs24\current\node.exe
2025/11/4 21:34:15: https://fan.380227.xyz/ss免费账号/
2025/11/4 22:35:15Extracted src: https://fan.380227.xyz/ss免费账号/
2025/11/4 22:35:13: C:\Users\Administrator\scoop\apps\nodejs24\current\node.exe
2025/11/4 22:35:15: https://fan.380227.xyz/ss免费账号/
2025/11/4 23:36:17Extracted src: https://fan.380227.xyz/ss免费账号/
2025/11/4 23:36:14: C:\Users\Administrator\scoop\apps\nodejs24\current\node.exe
2025/11/4 23:36:17: https://fan.380227.xyz/ss免费账号/
2025/11/5 00:37:17Extracted src: https://fan.380227.xyz/ss免费账号/
2025/11/5 00:37:15: C:\Users\Administrator\scoop\apps\nodejs24\current\node.exe
2025/11/5 00:37:17: https://fan.380227.xyz/ss免费账号/
2025/11/5 12:50:20Extracted src: https://fan.380227.xyz/ss免费账号/
2025/11/5 12:50:15: C:\Users\Administrator\scoop\apps\nodejs24\current\node.exe
2025/11/5 12:50:20: https://fan.380227.xyz/ss免费账号/
2025/11/5 13:51:17Extracted src: https://fan.380227.xyz/ss免费账号/
2025/11/5 13:51:15: C:\Users\Administrator\scoop\apps\nodejs24\current\node.exe
2025/11/5 13:51:17: https://fan.380227.xyz/ss免费账号/
2025/11/5 14:52:16Extracted src: https://fan.380227.xyz/ss免费账号/
2025/11/5 14:52:14: C:\Users\Administrator\scoop\apps\nodejs24\current\node.exe
2025/11/5 14:52:17: https://fan.380227.xyz/ss免费账号/
2025/11/5 15:53:16Extracted src: https://fan.380227.xyz/ss免费账号/
2025/11/5 15:53:16: https://fan.380227.xyz/ss免费账号/
2025/11/5 15:53:14: C:\Users\Administrator\scoop\apps\nodejs24\current\node.exe
2025/11/5 16:54:16Extracted src: https://fan.380227.xyz/ss免费账号/
2025/11/5 16:54:14: C:\Users\Administrator\scoop\apps\nodejs24\current\node.exe
2025/11/5 16:54:16: https://fan.380227.xyz/ss免费账号/
2025/11/5 17:55:16Extracted src: https://fan.380227.xyz/ss免费账号/
2025/11/5 17:55:14: C:\Users\Administrator\scoop\apps\nodejs24\current\node.exe
2025/11/5 17:55:16: https://fan.380227.xyz/ss免费账号/
2025/11/5 19:56:17Extracted src: https://fan.380227.xyz/ss免费账号/
2025/11/5 19:56:15: C:\Users\Administrator\scoop\apps\nodejs24\current\node.exe
2025/11/5 19:56:17: https://fan.380227.xyz/ss免费账号/
2025/11/5 20:57:19Extracted src: https://fan.380227.xyz/ss免费账号/
2025/11/5 20:57:15: C:\Users\Administrator\scoop\apps\nodejs24\current\node.exe
2025/11/5 20:57:19: https://fan.380227.xyz/ss免费账号/
2025/11/5 21:58:18Extracted src: https://fan.380227.xyz/ss免费账号/
2025/11/5 21:58:16: C:\Users\Administrator\scoop\apps\nodejs24\current\node.exe
2025/11/5 21:58:18: https://fan.380227.xyz/ss免费账号/
2025/11/5 22:58:57Extracted src: https://fan.380227.xyz/ss免费账号/
2025/11/5 22:58:54: C:\Users\Administrator\scoop\apps\nodejs24\current\node.exe
2025/11/5 22:58:57: https://fan.380227.xyz/ss免费账号/
2025/11/5 23:59:19Extracted src: https://fan.380227.xyz/ss免费账号/
2025/11/5 23:59:17: C:\Users\Administrator\scoop\apps\nodejs24\current\node.exe
2025/11/5 23:59:19: https://fan.380227.xyz/ss免费账号/
2025/11/6 01:00:17Extracted src: https://fan.380227.xyz/ss免费账号/
2025/11/6 01:00:17: https://fan.380227.xyz/ss免费账号/
2025/11/6 01:00:15: C:\Users\Administrator\scoop\apps\nodejs24\current\node.exe
2025/11/6 02:01:18Extracted src: https://fan.380227.xyz/ss免费账号/
2025/11/6 02:01:14: C:\Users\Administrator\scoop\apps\nodejs24\current\node.exe
2025/11/6 02:01:18: https://fan.380227.xyz/ss免费账号/
2025/11/6 03:02:18Extracted src: https://fan.380227.xyz/ss免费账号/
2025/11/6 03:02:16: C:\Users\Administrator\scoop\apps\nodejs24\current\node.exe
2025/11/6 03:02:18: https://fan.380227.xyz/ss免费账号/
2025/11/6 13:53:26Extracted src: https://fan.380227.xyz/ss免费账号/
2025/11/6 13:53:21: C:\Users\Administrator\scoop\apps\nodejs24\current\node.exe
2025/11/6 13:53:26: https://fan.380227.xyz/ss免费账号/
2025/11/6 14:54:19Extracted src: https://fan.380227.xyz/ss免费账号/
2025/11/6 14:54:17: C:\Users\Administrator\scoop\apps\nodejs24\current\node.exe
2025/11/6 14:54:19: https://fan.380227.xyz/ss免费账号/
2025/11/6 15:55:19Extracted src: https://fan.380227.xyz/ss免费账号/
2025/11/6 15:55:16: C:\Users\Administrator\scoop\apps\nodejs24\current\node.exe
2025/11/6 15:55:19: https://fan.380227.xyz/ss免费账号/
2025/11/6 20:11:19Extracted src: https://fan.380227.xyz/ss免费账号/
2025/11/6 20:11:16: C:\Users\Administrator\scoop\apps\nodejs24\current\node.exe
2025/11/6 20:11:19: https://fan.380227.xyz/ss免费账号/
2025/11/6 21:12:18Extracted src: https://fan.380227.xyz/ss免费账号/
2025/11/6 21:12:16: C:\Users\Administrator\scoop\apps\nodejs24\current\node.exe
2025/11/6 21:12:18: https://fan.380227.xyz/ss免费账号/
2025/11/6 22:13:37Extracted src: https://fan.380227.xyz/ss免费账号/
2025/11/6 22:13:18: C:\Users\Administrator\scoop\apps\nodejs24\current\node.exe
2025/11/6 22:13:37: https://fan.380227.xyz/ss免费账号/
2025/11/6 23:14:21Extracted src: https://fan.380227.xyz/ss免费账号/
2025/11/6 23:14:16: C:\Users\Administrator\scoop\apps\nodejs24\current\node.exe
2025/11/6 23:14:21: https://fan.380227.xyz/ss免费账号/
2025/11/7 09:25:18Extracted src: https://fan.380227.xyz/ss免费账号/
2025/11/7 09:25:16: C:\Users\Administrator\scoop\apps\nodejs24\current\node.exe
2025/11/7 09:25:19: https://fan.380227.xyz/ss免费账号/
2025/11/7 10:26:18Extracted src: https://fan.380227.xyz/ss免费账号/
2025/11/7 10:26:16: C:\Users\Administrator\scoop\apps\nodejs24\current\node.exe
2025/11/7 10:26:18: https://fan.380227.xyz/ss免费账号/
2025/11/7 11:27:19Extracted src: https://fan.380227.xyz/ss免费账号/
2025/11/7 11:27:16: C:\Users\Administrator\scoop\apps\nodejs24\current\node.exe
2025/11/7 11:27:19: https://fan.380227.xyz/ss免费账号/
2025/11/7 12:28:19Extracted src: https://fan.380227.xyz/ss免费账号/
2025/11/7 12:28:19: https://fan.380227.xyz/ss免费账号/
2025/11/7 12:28:17: C:\Users\Administrator\scoop\apps\nodejs24\current\node.exe
2025/11/7 13:29:21Extracted src: https://fan.380227.xyz/ss免费账号/
2025/11/7 13:29:17: C:\Users\Administrator\scoop\apps\nodejs24\current\node.exe
2025/11/7 13:29:21: https://fan.380227.xyz/ss免费账号/
2025/11/7 18:41:33Extracted src: https://fan.380227.xyz/ss免费账号/
2025/11/7 18:41:33: https://fan.380227.xyz/ss免费账号/
2025/11/7 18:41:17: C:\Users\Administrator\scoop\apps\nodejs24\current\node.exe
2025/11/7 20:58:20Extracted src: https://fan.380227.xyz/ss免费账号/
2025/11/7 20:58:17: C:\Users\Administrator\scoop\apps\nodejs24\current\node.exe
2025/11/7 20:58:20: https://fan.380227.xyz/ss免费账号/
2025/11/7 21:59:24Extracted src: https://fan.380227.xyz/ss免费账号/
2025/11/7 21:59:24: https://fan.380227.xyz/ss免费账号/
2025/11/7 21:59:18: C:\Users\Administrator\scoop\apps\nodejs24\current\node.exe
2025/11/7 23:00:23Extracted src: https://fan.380227.xyz/ss免费账号/
2025/11/7 23:00:23: https://fan.380227.xyz/ss免费账号/
2025/11/7 23:00:19: C:\Users\Administrator\scoop\apps\nodejs24\current\node.exe
2025/11/8 00:01:24Extracted src: https://fan.380227.xyz/ss免费账号/
2025/11/8 00:01:18: C:\Users\Administrator\scoop\apps\nodejs24\current\node.exe
2025/11/8 00:01:24: https://fan.380227.xyz/ss免费账号/
2025/11/8 01:02:20Extracted src: https://fan.380227.xyz/ss免费账号/
2025/11/8 01:02:17: C:\Users\Administrator\scoop\apps\nodejs24\current\node.exe
2025/11/8 01:02:20: https://fan.380227.xyz/ss免费账号/
2025/11/8 02:03:21Extracted src: https://fan.380227.xyz/ss免费账号/
2025/11/8 02:03:17: C:\Users\Administrator\scoop\apps\nodejs24\current\node.exe
2025/11/8 02:03:21: https://fan.380227.xyz/ss免费账号/
2025/11/8 11:57:21Extracted src: https://fan.380227.xyz/ss免费账号/
2025/11/8 11:57:21: https://fan.380227.xyz/ss免费账号/
2025/11/8 11:57:18: C:\Users\Administrator\scoop\apps\nodejs24\current\node.exe
2025/11/8 13:59:20Extracted src: https://fan.380227.xyz/ss免费账号/
2025/11/8 13:59:20: https://fan.380227.xyz/ss免费账号/
2025/11/8 13:59:17: C:\Users\Administrator\scoop\apps\nodejs24\current\node.exe
2025/11/8 15:00:27Extracted src: https://fan.380227.xyz/ss免费账号/
2025/11/8 15:00:22: C:\Users\Administrator\scoop\apps\nodejs24\current\node.exe
2025/11/8 15:00:27: https://fan.380227.xyz/ss免费账号/
2025/11/8 16:01:27Extracted src: https://fan.380227.xyz/ss免费账号/
2025/11/8 16:01:18: C:\Users\Administrator\scoop\apps\nodejs24\current\node.exe
2025/11/8 16:01:27: https://fan.380227.xyz/ss免费账号/
2025/11/8 17:02:19Extracted src: https://fan.380227.xyz/ss免费账号/
2025/11/8 17:02:17: C:\Users\Administrator\scoop\apps\nodejs24\current\node.exe
2025/11/8 17:02:19: https://fan.380227.xyz/ss免费账号/
2025/11/8 18:03:19Extracted src: https://fan.380227.xyz/ss免费账号/
2025/11/8 18:03:17: C:\Users\Administrator\scoop\apps\nodejs24\current\node.exe
2025/11/8 18:03:19: https://fan.380227.xyz/ss免费账号/
2025/11/8 20:44:27Extracted src: https://fan.380227.xyz/ss免费账号/
2025/11/8 20:44:27: https://fan.380227.xyz/ss免费账号/
2025/11/8 20:44:22: C:\Users\Administrator\scoop\apps\nodejs24\current\node.exe
2025/11/8 21:45:30Extracted src: https://fan.380227.xyz/ss免费账号/
2025/11/8 21:45:30: https://fan.380227.xyz/ss免费账号/
2025/11/8 21:45:19: C:\Users\Administrator\scoop\apps\nodejs24\current\node.exe
2025/11/8 22:46:23Extracted src: https://fan.380227.xyz/ss免费账号/
2025/11/8 22:46:21: C:\Users\Administrator\scoop\apps\nodejs24\current\node.exe
2025/11/8 22:46:23: https://fan.380227.xyz/ss免费账号/
2025/11/9 08:53:23Extracted src: https://fan.380227.xyz/ss免费账号/
2025/11/9 08:53:20: C:\Users\Administrator\scoop\apps\nodejs24\current\node.exe
2025/11/9 08:53:23: https://fan.380227.xyz/ss免费账号/
2025/11/9 09:54:22Extracted src: https://fan.380227.xyz/ss免费账号/
2025/11/9 09:54:23: https://fan.380227.xyz/ss免费账号/
2025/11/9 09:54:20: C:\Users\Administrator\scoop\apps\nodejs24\current\node.exe
2025/11/9 14:03:23Extracted src: https://fan.380227.xyz/ss免费账号/
2025/11/9 14:03:21: C:\Users\Administrator\scoop\apps\nodejs24\current\node.exe
2025/11/9 14:03:23: https://fan.380227.xyz/ss免费账号/
2025/11/9 16:05:26Extracted src: https://fan.380227.xyz/ss免费账号/
2025/11/9 16:05:22: C:\Users\Administrator\scoop\apps\nodejs24\current\node.exe
2025/11/9 16:05:26: https://fan.380227.xyz/ss免费账号/
2025/11/9 17:06:28Extracted src: https://fan.380227.xyz/ss免费账号/
2025/11/9 17:06:20: C:\Users\Administrator\scoop\apps\nodejs24\current\node.exe
2025/11/9 17:06:28: https://fan.380227.xyz/ss免费账号/
2025/11/9 18:07:24Extracted src: https://fan.380227.xyz/ss免费账号/
2025/11/9 18:07:21: C:\Users\Administrator\scoop\apps\nodejs24\current\node.exe
2025/11/9 18:07:24: https://fan.380227.xyz/ss免费账号/
2025/11/9 19:08:23Extracted src: https://fan.380227.xyz/ss免费账号/
2025/11/9 19:08:20: C:\Users\Administrator\scoop\apps\nodejs24\current\node.exe
2025/11/9 19:08:23: https://fan.380227.xyz/ss免费账号/
2025/11/9 21:48:26Extracted src: https://fan.380227.xyz/ss免费账号/
2025/11/9 21:48:20: C:\Users\Administrator\scoop\apps\nodejs24\current\node.exe
2025/11/9 21:48:26: https://fan.380227.xyz/ss免费账号/
2025/11/9 22:49:28Extracted src: https://fan.380227.xyz/ss免费账号/
2025/11/9 22:49:21: C:\Users\Administrator\scoop\apps\nodejs24\current\node.exe
2025/11/9 22:49:28: https://fan.380227.xyz/ss免费账号/
2025/11/9 23:50:26Extracted src: https://fan.380227.xyz/ss免费账号/
2025/11/9 23:50:23: C:\Users\Administrator\scoop\apps\nodejs24\current\node.exe
2025/11/9 23:50:26: https://fan.380227.xyz/ss免费账号/
2025/11/10 00:51:23Extracted src: https://fan.380227.xyz/ss免费账号/
2025/11/10 00:51:23: https://fan.380227.xyz/ss免费账号/
2025/11/10 00:51:20: C:\Users\Administrator\scoop\apps\nodejs24\current\node.exe
2025/11/10 10:13:28Extracted src: https://fan.380227.xyz/ss免费账号/
2025/11/10 10:13:24: C:\Users\Administrator\scoop\apps\nodejs24\current\node.exe
2025/11/10 10:13:28: https://fan.380227.xyz/ss免费账号/
2025/11/10 11:14:25Extracted src: https://fan.380227.xyz/ss免费账号/
2025/11/10 11:14:23: C:\Users\Administrator\scoop\apps\nodejs24\current\node.exe
2025/11/10 11:14:25: https://fan.380227.xyz/ss免费账号/
2025/11/10 12:15:27Extracted src: https://fan.380227.xyz/ss免费账号/
2025/11/10 12:15:27: https://fan.380227.xyz/ss免费账号/
2025/11/10 12:15:23: C:\Users\Administrator\scoop\apps\nodejs24\current\node.exe
2025/11/10 13:16:26Extracted src: https://fan.380227.xyz/ss免费账号/
2025/11/10 13:16:23: C:\Users\Administrator\scoop\apps\nodejs24\current\node.exe
2025/11/10 13:16:26: https://fan.380227.xyz/ss免费账号/
2025/11/10 16:47:33Extracted src: https://fan.380227.xyz/ss免费账号/
2025/11/10 16:47:30: C:\Users\Administrator\scoop\apps\nodejs24\current\node.exe
2025/11/10 16:47:33: https://fan.380227.xyz/ss免费账号/
2025/11/10 17:48:25Extracted src: https://fan.380227.xyz/ss免费账号/
2025/11/10 17:48:23: C:\Users\Administrator\scoop\apps\nodejs24\current\node.exe
2025/11/10 17:48:26: https://fan.380227.xyz/ss免费账号/
2025/11/10 19:50:27Extracted src: https://fan.380227.xyz/ss免费账号/
2025/11/10 19:50:27: https://fan.380227.xyz/ss免费账号/
2025/11/10 19:50:23: C:\Users\Administrator\scoop\apps\nodejs24\current\node.exe
2025/11/10 20:51:26Extracted src: https://fan.380227.xyz/ss免费账号/
2025/11/10 20:51:23: C:\Users\Administrator\scoop\apps\nodejs24\current\node.exe
2025/11/10 20:51:26: https://fan.380227.xyz/ss免费账号/
2025/11/10 21:52:27Extracted src: https://fan.380227.xyz/ss免费账号/
2025/11/10 21:52:27: https://fan.380227.xyz/ss免费账号/
2025/11/10 21:52:23: C:\Users\Administrator\scoop\apps\nodejs24\current\node.exe
2025/11/10 22:53:29Extracted src: https://fan.380227.xyz/ss免费账号/
2025/11/10 22:53:23: C:\Users\Administrator\scoop\apps\nodejs24\current\node.exe
2025/11/10 22:53:29: https://fan.380227.xyz/ss免费账号/
2025/11/10 23:54:27Extracted src: https://fan.380227.xyz/ss免费账号/
2025/11/10 23:54:23: C:\Users\Administrator\scoop\apps\nodejs24\current\node.exe
2025/11/10 23:54:27: https://fan.380227.xyz/ss免费账号/
2025/11/11 00:55:25Extracted src: https://fan.380227.xyz/ss免费账号/
2025/11/11 00:55:23: C:\Users\Administrator\scoop\apps\nodejs24\current\node.exe
2025/11/11 00:55:25: https://fan.380227.xyz/ss免费账号/
2025/11/11 11:57:35Extracted src: https://fan.380227.xyz/ss免费账号/
2025/11/11 11:57:23: C:\Users\Administrator\scoop\apps\nodejs24\current\node.exe
2025/11/11 11:57:36: https://fan.380227.xyz/ss免费账号/
2025/11/11 12:58:28Extracted src: https://fan.380227.xyz/ss免费账号/
2025/11/11 12:58:23: C:\Users\Administrator\scoop\apps\nodejs24\current\node.exe
2025/11/11 12:58:28: https://fan.380227.xyz/ss免费账号/
2025/11/11 13:59:28Extracted src: https://fan.380227.xyz/ss免费账号/
2025/11/11 13:59:23: C:\Users\Administrator\scoop\apps\nodejs24\current\node.exe
2025/11/11 13:59:28: https://fan.380227.xyz/ss免费账号/
2025/11/11 16:01:25Extracted src: https://fan.380227.xyz/ss免费账号/
2025/11/11 16:01:23: C:\Users\Administrator\scoop\apps\nodejs24\current\node.exe
2025/11/11 16:01:25: https://fan.380227.xyz/ss免费账号/
2025/11/11 17:02:28Extracted src: https://fan.380227.xyz/ss免费账号/
2025/11/11 17:02:26: C:\Users\Administrator\scoop\apps\nodejs24\current\node.exe
2025/11/11 17:02:28: https://fan.380227.xyz/ss免费账号/
2025/11/11 18:03:29Extracted src: https://fan.380227.xyz/ss免费账号/
2025/11/11 18:03:27: C:\Users\Administrator\scoop\apps\nodejs24\current\node.exe
2025/11/11 18:03:29: https://fan.380227.xyz/ss免费账号/
2025/11/11 19:04:28Extracted src: https://fan.380227.xyz/ss免费账号/
2025/11/11 19:04:26: C:\Users\Administrator\scoop\apps\nodejs24\current\node.exe
2025/11/11 19:04:28: https://fan.380227.xyz/ss免费账号/
2025/11/11 20:05:28Extracted src: https://fan.380227.xyz/ss免费账号/
2025/11/11 20:05:26: C:\Users\Administrator\scoop\apps\nodejs24\current\node.exe
2025/11/11 20:05:28: https://fan.380227.xyz/ss免费账号/
2025/11/11 22:07:31Extracted src: https://fan.380227.xyz/ss免费账号/
2025/11/11 22:07:28: C:\Users\Administrator\scoop\apps\nodejs24\current\node.exe
2025/11/11 22:07:31: https://fan.380227.xyz/ss免费账号/
2025/11/11 23:08:29Extracted src: https://fan.380227.xyz/ss免费账号/
2025/11/11 23:08:26: C:\Users\Administrator\scoop\apps\nodejs24\current\node.exe
2025/11/11 23:08:29: https://fan.380227.xyz/ss免费账号/
2025/11/12 00:09:28Extracted src: https://fan.380227.xyz/ss免费账号/
2025/11/12 00:09:26: C:\Users\Administrator\scoop\apps\nodejs24\current\node.exe
2025/11/12 00:09:28: https://fan.380227.xyz/ss免费账号/
2025/11/12 14:33:33Extracted src: https://fan.380227.xyz/ss免费账号/
2025/11/12 14:33:29: C:\Users\Administrator\scoop\apps\nodejs24\current\node.exe
2025/11/12 14:33:33: https://fan.380227.xyz/ss免费账号/
2025/11/12 15:34:33Extracted src: https://fan.380227.xyz/ss免费账号/
2025/11/12 15:34:27: C:\Users\Administrator\scoop\apps\nodejs24\current\node.exe
2025/11/12 15:34:33: https://fan.380227.xyz/ss免费账号/
2025/11/12 16:35:30Extracted src: https://fan.380227.xyz/ss免费账号/
2025/11/12 16:35:28: C:\Users\Administrator\scoop\apps\nodejs24\current\node.exe
2025/11/12 16:35:30: https://fan.380227.xyz/ss免费账号/
2025/11/12 17:36:29Extracted src: https://fan.380227.xyz/ss免费账号/
2025/11/12 17:36:27: C:\Users\Administrator\scoop\apps\nodejs24\current\node.exe
2025/11/12 17:36:29: https://fan.380227.xyz/ss免费账号/
2025/11/12 17:55:52Extracted src: https://fan.380227.xyz/ss免费账号/
2025/11/12 17:55:50: C:\Users\Administrator\scoop\apps\nodejs24\current\node.exe
2025/11/12 17:55:52: https://fan.380227.xyz/ss免费账号/
2025/11/12 20:09:29Extracted src: https://fan.380227.xyz/ss免费账号/
2025/11/12 20:09:27: C:\Users\Administrator\scoop\apps\nodejs24\current\node.exe
2025/11/12 20:09:29: https://fan.380227.xyz/ss免费账号/
2025/11/12 21:10:31Extracted src: https://fan.380227.xyz/ss免费账号/
2025/11/12 21:10:28: C:\Users\Administrator\scoop\apps\nodejs24\current\node.exe
2025/11/12 21:10:31: https://fan.380227.xyz/ss免费账号/
2025/11/12 22:11:30Extracted src: https://fan.380227.xyz/ss免费账号/
2025/11/12 22:11:27: C:\Users\Administrator\scoop\apps\nodejs24\current\node.exe
2025/11/12 22:11:30: https://fan.380227.xyz/ss免费账号/
2025/11/12 23:12:31Extracted src: https://fan.380227.xyz/ss免费账号/
2025/11/12 23:12:27: C:\Users\Administrator\scoop\apps\nodejs24\current\node.exe
2025/11/12 23:12:31: https://fan.380227.xyz/ss免费账号/
2025/11/13 00:13:29Extracted src: https://fan.380227.xyz/ss免费账号/
2025/11/13 00:13:27: C:\Users\Administrator\scoop\apps\nodejs24\current\node.exe
2025/11/13 00:13:29: https://fan.380227.xyz/ss免费账号/
2025/11/13 11:05:07Extracted src: https://fan.380227.xyz/ss免费账号/
2025/11/13 11:05:06: C:\Users\Administrator\scoop\apps\nodejs24\current\node.exe
2025/11/13 11:05:08: https://fan.380227.xyz/ss免费账号/
2025/11/13 12:05:31Extracted src: https://fan.380227.xyz/ss免费账号/
2025/11/13 12:05:27: C:\Users\Administrator\scoop\apps\nodejs24\current\node.exe
2025/11/13 12:05:31: https://fan.380227.xyz/ss免费账号/
2025/11/13 14:07:41Extracted src: https://fan.380227.xyz/ss免费账号/
2025/11/13 14:07:34: C:\Users\Administrator\scoop\apps\nodejs24\current\node.exe
2025/11/13 14:07:41: https://fan.380227.xyz/ss免费账号/
2025/11/13 15:08:37Extracted src: https://fan.380227.xyz/ss免费账号/
2025/11/13 15:08:37: https://fan.380227.xyz/ss免费账号/
2025/11/13 15:08:28: C:\Users\Administrator\scoop\apps\nodejs24\current\node.exe
2025/11/13 16:09:32Extracted src: https://fan.380227.xyz/ss免费账号/
2025/11/13 16:09:32: https://fan.380227.xyz/ss免费账号/
2025/11/13 16:09:27: C:\Users\Administrator\scoop\apps\nodejs24\current\node.exe
2025/11/13 17:10:30Extracted src: https://fan.380227.xyz/ss免费账号/
2025/11/13 17:10:26: C:\Users\Administrator\scoop\apps\nodejs24\current\node.exe
2025/11/13 17:10:30: https://fan.380227.xyz/ss免费账号/
2025/11/13 18:11:30Extracted src: https://fan.380227.xyz/ss免费账号/
2025/11/13 18:11:27: C:\Users\Administrator\scoop\apps\nodejs24\current\node.exe
2025/11/13 18:11:30: https://fan.380227.xyz/ss免费账号/
2025/11/13 19:12:31Extracted src: https://fan.380227.xyz/ss免费账号/
2025/11/13 19:12:28: C:\Users\Administrator\scoop\apps\nodejs24\current\node.exe
2025/11/13 19:12:31: https://fan.380227.xyz/ss免费账号/
2025/11/13 20:13:34Extracted src: https://fan.380227.xyz/ss免费账号/
2025/11/13 20:13:30: C:\Users\Administrator\scoop\apps\nodejs24\current\node.exe
2025/11/13 20:13:34: https://fan.380227.xyz/ss免费账号/
2025/11/14 13:37:36Extracted src: https://fan.380227.xyz/ss免费账号/
2025/11/14 13:37:28: C:\Users\Administrator\scoop\apps\nodejs24\current\node.exe
2025/11/14 13:37:36: https://fan.380227.xyz/ss免费账号/
2025/11/14 14:38:30Extracted src: https://fan.380227.xyz/ss免费账号/
2025/11/14 14:38:30: https://fan.380227.xyz/ss免费账号/
2025/11/14 14:38:28: C:\Users\Administrator\scoop\apps\nodejs24\current\node.exe
2025/11/14 15:39:31Extracted src: https://fan.380227.xyz/ss免费账号/
2025/11/14 15:39:29: C:\Users\Administrator\scoop\apps\nodejs24\current\node.exe
2025/11/14 15:39:31: https://fan.380227.xyz/ss免费账号/
2025/11/14 16:40:30Extracted src: https://fan.380227.xyz/ss免费账号/
2025/11/14 16:40:28: C:\Users\Administrator\scoop\apps\nodejs24\current\node.exe
2025/11/14 16:40:30: https://fan.380227.xyz/ss免费账号/
2025/11/14 17:41:29Extracted src: https://fan.380227.xyz/ss免费账号/
2025/11/14 17:41:27: C:\Users\Administrator\scoop\apps\nodejs24\current\node.exe
2025/11/14 17:41:29: https://fan.380227.xyz/ss免费账号/
2025/11/14 20:32:36Extracted src: https://fan.380227.xyz/ss免费账号/
2025/11/14 20:32:32: C:\Users\Administrator\scoop\apps\nodejs24\current\node.exe
2025/11/14 20:32:36: https://fan.380227.xyz/ss免费账号/
2025/11/14 21:33:40Extracted src: https://fan.380227.xyz/ss免费账号/
2025/11/14 21:33:36: C:\Users\Administrator\scoop\apps\nodejs24\current\node.exe
2025/11/14 21:33:40: https://fan.380227.xyz/ss免费账号/
2025/11/14 22:34:36Extracted src: https://fan.380227.xyz/ss免费账号/
2025/11/14 22:34:33: C:\Users\Administrator\scoop\apps\nodejs24\current\node.exe
2025/11/14 22:34:36: https://fan.380227.xyz/ss免费账号/
2025/11/14 23:35:36Extracted src: https://fan.380227.xyz/ss免费账号/
2025/11/14 23:35:32: C:\Users\Administrator\scoop\apps\nodejs24\current\node.exe
2025/11/14 23:35:36: https://fan.380227.xyz/ss免费账号/
2025/11/15 00:36:33Extracted src: https://fan.380227.xyz/ss免费账号/
2025/11/15 00:36:31: C:\Users\Administrator\scoop\apps\nodejs24\current\node.exe
2025/11/15 00:36:33: https://fan.380227.xyz/ss免费账号/
2025/11/15 13:07:33Extracted src: https://fan.380227.xyz/ss免费账号/
2025/11/15 13:07:30: C:\Users\Administrator\scoop\apps\nodejs24\current\node.exe
2025/11/15 13:07:33: https://fan.380227.xyz/ss免费账号/
2025/11/15 14:08:33Extracted src: https://fan.380227.xyz/ss免费账号/
2025/11/15 14:08:30: C:\Users\Administrator\scoop\apps\nodejs24\current\node.exe
2025/11/15 14:08:33: https://fan.380227.xyz/ss免费账号/
2025/11/15 15:09:37Extracted src: https://fan.380227.xyz/ss免费账号/
2025/11/15 15:09:35: C:\Users\Administrator\scoop\apps\nodejs24\current\node.exe
2025/11/15 15:09:37: https://fan.380227.xyz/ss免费账号/
2025/11/15 16:11:36Extracted src: https://fan.380227.xyz/ss免费账号/
2025/11/15 16:11:34: C:\Users\Administrator\scoop\apps\nodejs24\current\node.exe
2025/11/15 16:11:36: https://fan.380227.xyz/ss免费账号/
2025/11/15 17:13:39Extracted src: https://fan.380227.xyz/ss免费账号/
2025/11/15 17:13:35: C:\Users\Administrator\scoop\apps\nodejs24\current\node.exe
2025/11/15 17:13:39: https://fan.380227.xyz/ss免费账号/
2025/11/15 21:25:36Extracted src: https://fan.380227.xyz/ss免费账号/
2025/11/15 21:25:34: C:\Users\Administrator\scoop\apps\nodejs24\current\node.exe
2025/11/15 21:25:36: https://fan.380227.xyz/ss免费账号/
2025/11/15 22:27:39Extracted src: https://fan.380227.xyz/ss免费账号/
2025/11/15 22:27:36: C:\Users\Administrator\scoop\apps\nodejs24\current\node.exe
2025/11/15 22:27:39: https://fan.380227.xyz/ss免费账号/
2025/11/16 11:58:05Extracted src: https://fan.380227.xyz/ss免费账号/
2025/11/16 11:58:02: C:\Users\Administrator\scoop\apps\nodejs24\current\node.exe
2025/11/16 11:58:05: https://fan.380227.xyz/ss免费账号/
2025/11/16 14:17:14Extracted src: https://fan.380227.xyz/ss免费账号/
2025/11/16 14:17:11: C:\Users\Administrator\scoop\apps\nodejs24\current\node.exe
2025/11/16 14:17:14: https://fan.380227.xyz/ss免费账号/
2025/11/16 15:18:17Extracted src: https://fan.380227.xyz/ss免费账号/
2025/11/16 15:18:15: C:\Users\Administrator\scoop\apps\nodejs24\current\node.exe
2025/11/16 15:18:17: https://fan.380227.xyz/ss免费账号/
2025/11/16 16:19:15Extracted src: https://fan.380227.xyz/ss免费账号/
2025/11/16 16:19:13: C:\Users\Administrator\scoop\apps\nodejs24\current\node.exe
2025/11/16 16:19:15: https://fan.380227.xyz/ss免费账号/
2025/11/16 17:20:18Extracted src: https://fan.380227.xyz/ss免费账号/
2025/11/16 17:20:15: C:\Users\Administrator\scoop\apps\nodejs24\current\node.exe
2025/11/16 17:20:18: https://fan.380227.xyz/ss免费账号/
2025/11/16 19:22:21Extracted src: https://fan.380227.xyz/ss免费账号/
2025/11/16 19:22:13: C:\Users\Administrator\scoop\apps\nodejs24\current\node.exe
2025/11/16 19:22:21: https://fan.380227.xyz/ss免费账号/
2025/11/16 20:23:15Extracted src: https://fan.380227.xyz/ss免费账号/
2025/11/16 20:23:13: C:\Users\Administrator\scoop\apps\nodejs24\current\node.exe
2025/11/16 20:23:15: https://fan.380227.xyz/ss免费账号/
2025/11/16 21:24:13Extracted src: https://fan.380227.xyz/ss免费账号/
2025/11/16 21:24:11: C:\Users\Administrator\scoop\apps\nodejs24\current\node.exe
2025/11/16 21:24:13: https://fan.380227.xyz/ss免费账号/
2025/11/16 22:25:19Extracted src: https://fan.380227.xyz/ss免费账号/
2025/11/16 22:25:14: C:\Users\Administrator\scoop\apps\nodejs24\current\node.exe
2025/11/16 22:25:19: https://fan.380227.xyz/ss免费账号/
2025/11/17 08:21:14Extracted src: https://fan.380227.xyz/ss免费账号/
2025/11/17 08:21:12: C:\Users\Administrator\scoop\apps\nodejs24\current\node.exe
2025/11/17 08:21:14: https://fan.380227.xyz/ss免费账号/
2025/11/17 09:22:17Extracted src: https://fan.380227.xyz/ss免费账号/
2025/11/17 09:22:13: C:\Users\Administrator\scoop\apps\nodejs24\current\node.exe
2025/11/17 09:22:17: https://fan.380227.xyz/ss免费账号/
2025/11/17 10:23:13Extracted src: https://fan.380227.xyz/ss免费账号/
2025/11/17 10:23:11: C:\Users\Administrator\scoop\apps\nodejs24\current\node.exe
2025/11/17 10:23:13: https://fan.380227.xyz/ss免费账号/
2025/11/17 11:24:19Extracted src: https://fan.380227.xyz/ss免费账号/
2025/11/17 11:24:17: C:\Users\Administrator\scoop\apps\nodejs24\current\node.exe
2025/11/17 11:24:19: https://fan.380227.xyz/ss免费账号/
2025/11/17 12:25:17Extracted src: https://fan.380227.xyz/ss免费账号/
2025/11/17 12:25:14: C:\Users\Administrator\scoop\apps\nodejs24\current\node.exe
2025/11/17 12:25:17: https://fan.380227.xyz/ss免费账号/
2025/11/17 19:28:16Extracted src: https://fan.380227.xyz/ss免费账号/
2025/11/17 19:28:13: C:\Users\Administrator\scoop\apps\nodejs24\current\node.exe
2025/11/17 19:28:16: https://fan.380227.xyz/ss免费账号/
2025/11/17 20:29:16Extracted src: https://fan.380227.xyz/ss免费账号/
2025/11/17 20:29:13: C:\Users\Administrator\scoop\apps\nodejs24\current\node.exe
2025/11/17 20:29:16: https://fan.380227.xyz/ss免费账号/
2025/11/17 21:30:18Extracted src: https://fan.380227.xyz/ss免费账号/
2025/11/17 21:30:16: C:\Users\Administrator\scoop\apps\nodejs24\current\node.exe
2025/11/17 21:30:18: https://fan.380227.xyz/ss免费账号/
2025/11/17 22:31:21Extracted src: https://fan.380227.xyz/ss免费账号/
2025/11/17 22:31:21: https://fan.380227.xyz/ss免费账号/
2025/11/17 22:31:14: C:\Users\Administrator\scoop\apps\nodejs24\current\node.exe
2025/11/17 23:32:14: C:\Users\Administrator\scoop\apps\nodejs24\current\node.exe
2025/11/17 23:32:40: null
2025/11/18 10:45:14Extracted src: https://fan.380227.xyz/ss免费账号/
2025/11/18 10:45:11: C:\Users\Administrator\scoop\apps\nodejs24\current\node.exe
2025/11/18 10:45:14: https://fan.380227.xyz/ss免费账号/
2025/11/18 11:46:18Extracted src: https://fan.380227.xyz/ss免费账号/
2025/11/18 11:46:16: C:\Users\Administrator\scoop\apps\nodejs24\current\node.exe
2025/11/18 11:46:18: https://fan.380227.xyz/ss免费账号/
2025/11/18 12:47:25Extracted src: https://fan.380227.xyz/ss免费账号/
2025/11/18 12:47:18: C:\Users\Administrator\scoop\apps\nodejs24\current\node.exe
2025/11/18 12:47:25: https://fan.380227.xyz/ss免费账号/
2025/11/18 15:50:15Extracted src: https://fan.380227.xyz/ss免费账号/
2025/11/18 15:50:12: C:\Users\Administrator\scoop\apps\nodejs24\current\node.exe
2025/11/18 15:50:15: https://fan.380227.xyz/ss免费账号/
2025/11/18 16:51:17Extracted src: https://fan.380227.xyz/ss免费账号/
2025/11/18 16:51:13: C:\Users\Administrator\scoop\apps\nodejs24\current\node.exe
2025/11/18 16:51:17: https://fan.380227.xyz/ss免费账号/
2025/11/18 17:52:15Extracted src: https://fan.380227.xyz/ss免费账号/
2025/11/18 17:52:12: C:\Users\Administrator\scoop\apps\nodejs24\current\node.exe
2025/11/18 17:52:15: https://fan.380227.xyz/ss免费账号/
2025/11/18 19:54:15Extracted src: https://fan.380227.xyz/ss免费账号/
2025/11/18 19:54:15: https://fan.380227.xyz/ss免费账号/
2025/11/18 19:54:13: C:\Users\Administrator\scoop\apps\nodejs24\current\node.exe
2025/11/18 20:55:16Extracted src: https://fan.380227.xyz/ss免费账号/
2025/11/18 20:55:12: C:\Users\Administrator\scoop\apps\nodejs24\current\node.exe
2025/11/18 20:55:16: https://fan.380227.xyz/ss免费账号/
2025/11/18 23:14:42Extracted src: https://fan.380227.xyz/ss免费账号/
2025/11/18 23:14:37: C:\Users\Administrator\scoop\apps\nodejs24\current\node.exe
2025/11/18 23:14:42: https://fan.380227.xyz/ss免费账号/
2025/11/19 00:15:40Extracted src: https://fan.380227.xyz/ss免费账号/
2025/11/19 00:15:37: C:\Users\Administrator\scoop\apps\nodejs24\current\node.exe
2025/11/19 00:15:40: https://fan.380227.xyz/ss免费账号/
2025/11/19 01:16:38Extracted src: https://fan.380227.xyz/ss免费账号/
2025/11/19 01:16:35: C:\Users\Administrator\scoop\apps\nodejs24\current\node.exe
2025/11/19 01:16:38: https://fan.380227.xyz/ss免费账号/
2025/11/19 02:17:38Extracted src: https://fan.380227.xyz/ss免费账号/
2025/11/19 02:17:35: C:\Users\Administrator\scoop\apps\nodejs24\current\node.exe
2025/11/19 02:17:38: https://fan.380227.xyz/ss免费账号/
2025/11/19 13:55:41Extracted src: https://fan.380227.xyz/ss免费账号/
2025/11/19 13:55:37: C:\Users\Administrator\scoop\apps\nodejs24\current\node.exe
2025/11/19 13:55:41: https://fan.380227.xyz/ss免费账号/
2025/11/19 14:56:40Extracted src: https://fan.380227.xyz/ss免费账号/
2025/11/19 14:56:38: C:\Users\Administrator\scoop\apps\nodejs24\current\node.exe
2025/11/19 14:56:40: https://fan.380227.xyz/ss免费账号/
2025/11/19 15:57:41Extracted src: https://fan.380227.xyz/ss免费账号/
2025/11/19 15:57:39: C:\Users\Administrator\scoop\apps\nodejs24\current\node.exe
2025/11/19 15:57:41: https://fan.380227.xyz/ss免费账号/
2025/11/19 16:58:45Extracted src: https://fan.380227.xyz/ss免费账号/
2025/11/19 16:58:39: C:\Users\Administrator\scoop\apps\nodejs24\current\node.exe
2025/11/19 16:58:45: https://fan.380227.xyz/ss免费账号/
2025/11/19 17:59:40Extracted src: https://fan.380227.xyz/ss免费账号/
2025/11/19 17:59:38: C:\Users\Administrator\scoop\apps\nodejs24\current\node.exe
2025/11/19 17:59:40: https://fan.380227.xyz/ss免费账号/
2025/11/19 20:01:41Extracted src: https://fan.380227.xyz/ss免费账号/
2025/11/19 20:01:38: C:\Users\Administrator\scoop\apps\nodejs24\current\node.exe
2025/11/19 20:01:41: https://fan.380227.xyz/ss免费账号/
2025/11/19 21:02:40Extracted src: https://fan.380227.xyz/ss免费账号/
2025/11/19 21:02:40: https://fan.380227.xyz/ss免费账号/
2025/11/19 21:02:38: C:\Users\Administrator\scoop\apps\nodejs24\current\node.exe
2025/11/19 22:03:41Extracted src: https://fan.380227.xyz/ss免费账号/
2025/11/19 22:03:38: C:\Users\Administrator\scoop\apps\nodejs24\current\node.exe
2025/11/19 22:03:41: https://fan.380227.xyz/ss免费账号/
2025/11/19 23:04:42Extracted src: https://fan.380227.xyz/ss免费账号/
2025/11/19 23:04:39: C:\Users\Administrator\scoop\apps\nodejs24\current\node.exe
2025/11/19 23:04:42: https://fan.380227.xyz/ss免费账号/
2025/11/20 00:05:47Extracted src: https://fan.380227.xyz/ss免费账号/
2025/11/20 00:05:47: https://fan.380227.xyz/ss免费账号/
2025/11/20 00:05:39: C:\Users\Administrator\scoop\apps\nodejs24\current\node.exe
2025/11/20 12:28:46Extracted src: https://fan.380227.xyz/ss免费账号/
2025/11/20 12:28:46: https://fan.380227.xyz/ss免费账号/
2025/11/20 12:28:40: C:\Users\Administrator\scoop\apps\nodejs24\current\node.exe
2025/11/20 13:29:41Extracted src: https://fan.380227.xyz/ss免费账号/
2025/11/20 13:29:39: C:\Users\Administrator\scoop\apps\nodejs24\current\node.exe
2025/11/20 13:29:41: https://fan.380227.xyz/ss免费账号/
2025/11/20 15:30:43Extracted src: https://fan.380227.xyz/ss免费账号/
2025/11/20 15:30:43: https://fan.380227.xyz/ss免费账号/
2025/11/20 15:30:41: C:\Users\Administrator\scoop\apps\nodejs24\current\node.exe
2025/11/20 16:31:42Extracted src: https://fan.380227.xyz/ss免费账号/
2025/11/20 16:31:39: C:\Users\Administrator\scoop\apps\nodejs24\current\node.exe
2025/11/20 16:31:42: https://fan.380227.xyz/ss免费账号/
2025/11/20 17:32:42Extracted src: https://fan.380227.xyz/ss免费账号/
2025/11/20 17:32:39: C:\Users\Administrator\scoop\apps\nodejs24\current\node.exe
2025/11/20 17:32:42: https://fan.380227.xyz/ss免费账号/
2025/11/20 18:33:42Extracted src: https://fan.380227.xyz/ss免费账号/
2025/11/20 18:33:39: C:\Users\Administrator\scoop\apps\nodejs24\current\node.exe
2025/11/20 18:33:42: https://fan.380227.xyz/ss免费账号/
2025/11/20 19:34:50Extracted src: https://fan.380227.xyz/ss免费账号/
2025/11/20 19:34:44: C:\Users\Administrator\scoop\apps\nodejs24\current\node.exe
2025/11/20 19:34:50: https://fan.380227.xyz/ss免费账号/
2025/11/20 20:35:46Extracted src: https://fan.380227.xyz/ss免费账号/
2025/11/20 20:35:42: C:\Users\Administrator\scoop\apps\nodejs24\current\node.exe
2025/11/20 20:35:46: https://fan.380227.xyz/ss免费账号/
2025/11/20 21:36:54Extracted src: https://fan.380227.xyz/ss免费账号/
2025/11/20 21:36:51: C:\Users\Administrator\scoop\apps\nodejs24\current\node.exe
2025/11/20 21:36:54: https://fan.380227.xyz/ss免费账号/
2025/11/20 22:37:51Extracted src: https://fan.380227.xyz/ss免费账号/
2025/11/20 22:37:44: C:\Users\Administrator\scoop\apps\nodejs24\current\node.exe
2025/11/20 22:37:51: https://fan.380227.xyz/ss免费账号/
2025/11/20 23:38:53Extracted src: https://fan.380227.xyz/ss免费账号/
2025/11/20 23:38:53: https://fan.380227.xyz/ss免费账号/
2025/11/20 23:38:47: C:\Users\Administrator\scoop\apps\nodejs24\current\node.exe
2025/11/21 10:18:46Extracted src: https://fan.380227.xyz/ss免费账号/
2025/11/21 10:18:44: C:\Users\Administrator\scoop\apps\nodejs24\current\node.exe
2025/11/21 10:18:46: https://fan.380227.xyz/ss免费账号/
2025/11/21 11:19:59Extracted src: https://fan.380227.xyz/ss免费账号/
2025/11/21 11:19:59: https://fan.380227.xyz/ss免费账号/
2025/11/21 11:19:44: C:\Users\Administrator\scoop\apps\nodejs24\current\node.exe
2025/11/21 12:20:49Extracted src: https://fan.380227.xyz/ss免费账号/
2025/11/21 12:20:47: C:\Users\Administrator\scoop\apps\nodejs24\current\node.exe
2025/11/21 12:20:49: https://fan.380227.xyz/ss免费账号/
2025/11/21 13:21:51Extracted src: https://fan.380227.xyz/ss免费账号/
2025/11/21 13:21:48: C:\Users\Administrator\scoop\apps\nodejs24\current\node.exe
2025/11/21 13:21:51: https://fan.380227.xyz/ss免费账号/
2025/11/21 14:22:53Extracted src: https://fan.380227.xyz/ss免费账号/
2025/11/21 14:22:48: C:\Users\Administrator\scoop\apps\nodejs24\current\node.exe
2025/11/21 14:22:53: https://fan.380227.xyz/ss免费账号/
2025/11/21 15:23:50Extracted src: https://fan.380227.xyz/ss免费账号/
2025/11/21 15:23:47: C:\Users\Administrator\scoop\apps\nodejs24\current\node.exe
2025/11/21 15:23:50: https://fan.380227.xyz/ss免费账号/
2025/11/21 16:24:49Extracted src: https://fan.380227.xyz/ss免费账号/
2025/11/21 16:24:49: https://fan.380227.xyz/ss免费账号/
2025/11/21 16:24:47: C:\Users\Administrator\scoop\apps\nodejs24\current\node.exe
2025/11/21 17:25:48Extracted src: https://fan.380227.xyz/ss免费账号/
2025/11/21 17:25:46: C:\Users\Administrator\scoop\apps\nodejs24\current\node.exe
2025/11/21 17:25:49: https://fan.380227.xyz/ss免费账号/
2025/11/21 18:49:36Extracted src: https://fan.380227.xyz/ss免费账号/
2025/11/21 18:49:34: C:\Users\Administrator\scoop\apps\nodejs24\current\node.exe
2025/11/21 18:49:36: https://fan.380227.xyz/ss免费账号/
2025/11/21 19:50:43Extracted src: https://fan.380227.xyz/ss免费账号/
2025/11/21 19:50:39: C:\Users\Administrator\scoop\apps\nodejs24\current\node.exe
2025/11/21 19:50:43: https://fan.380227.xyz/ss免费账号/
2025/11/21 20:51:47Extracted src: https://fan.380227.xyz/ss免费账号/
2025/11/21 20:51:39: C:\Users\Administrator\scoop\apps\nodejs24\current\node.exe
2025/11/21 20:51:47: https://fan.380227.xyz/ss免费账号/
2025/11/21 21:52:42Extracted src: https://fan.380227.xyz/ss免费账号/
2025/11/21 21:52:39: C:\Users\Administrator\scoop\apps\nodejs24\current\node.exe
2025/11/21 21:52:42: https://fan.380227.xyz/ss免费账号/
2025/11/21 22:53:41Extracted src: https://fan.380227.xyz/ss免费账号/
2025/11/21 22:53:38: C:\Users\Administrator\scoop\apps\nodejs24\current\node.exe
2025/11/21 22:53:41: https://fan.380227.xyz/ss免费账号/
2025/11/21 23:54:44Extracted src: https://fan.380227.xyz/ss免费账号/
2025/11/21 23:54:40: C:\Users\Administrator\scoop\apps\nodejs24\current\node.exe
2025/11/21 23:54:44: https://fan.380227.xyz/ss免费账号/
2025/11/22 11:07:40Extracted src: https://fan.380227.xyz/ss免费账号/
2025/11/22 11:07:38: C:\Users\Administrator\scoop\apps\nodejs24\current\node.exe
2025/11/22 11:07:40: https://fan.380227.xyz/ss免费账号/
2025/11/22 13:09:44Extracted src: https://fan.380227.xyz/ss免费账号/
2025/11/22 13:09:41: C:\Users\Administrator\scoop\apps\nodejs24\current\node.exe
2025/11/22 13:09:44: https://fan.380227.xyz/ss免费账号/
2025/11/22 14:10:44Extracted src: https://fan.380227.xyz/ss免费账号/
2025/11/22 14:10:41: C:\Users\Administrator\scoop\apps\nodejs24\current\node.exe
2025/11/22 14:10:44: https://fan.380227.xyz/ss免费账号/
2025/11/22 15:11:42Extracted src: https://fan.380227.xyz/ss免费账号/
2025/11/22 15:11:40: C:\Users\Administrator\scoop\apps\nodejs24\current\node.exe
2025/11/22 15:11:42: https://fan.380227.xyz/ss免费账号/
2025/11/22 16:12:43Extracted src: https://fan.380227.xyz/ss免费账号/
2025/11/22 16:12:40: C:\Users\Administrator\scoop\apps\nodejs24\current\node.exe
2025/11/22 16:12:43: https://fan.380227.xyz/ss免费账号/
2025/11/22 17:13:47Extracted src: https://fan.380227.xyz/ss免费账号/
2025/11/22 17:13:47: https://fan.380227.xyz/ss免费账号/
2025/11/22 17:13:40: C:\Users\Administrator\scoop\apps\nodejs24\current\node.exe
2025/11/22 18:14:43Extracted src: https://fan.380227.xyz/ss免费账号/
2025/11/22 18:14:43: https://fan.380227.xyz/ss免费账号/
2025/11/22 18:14:40: C:\Users\Administrator\scoop\apps\nodejs24\current\node.exe
2025/11/22 20:42:46Extracted src: https://fan.380227.xyz/ss免费账号/
2025/11/22 20:42:43: C:\Users\Administrator\scoop\apps\nodejs24\current\node.exe
2025/11/22 20:42:46: https://fan.380227.xyz/ss免费账号/
2025/11/22 21:43:44Extracted src: https://fan.380227.xyz/ss免费账号/
2025/11/22 21:43:41: C:\Users\Administrator\scoop\apps\nodejs24\current\node.exe
2025/11/22 21:43:44: https://fan.380227.xyz/ss免费账号/
2025/11/22 22:44:48Extracted src: https://fan.380227.xyz/ss免费账号/
2025/11/22 22:44:46: C:\Users\Administrator\scoop\apps\nodejs24\current\node.exe
2025/11/22 22:44:48: https://fan.380227.xyz/ss免费账号/
2025/11/22 23:45:41Extracted src: https://fan.380227.xyz/ss免费账号/
2025/11/22 23:45:39: C:\Users\Administrator\scoop\apps\nodejs24\current\node.exe
2025/11/22 23:45:41: https://fan.380227.xyz/ss免费账号/
2025/11/23 00:46:43Extracted src: https://fan.380227.xyz/ss免费账号/
2025/11/23 00:46:39: C:\Users\Administrator\scoop\apps\nodejs24\current\node.exe
2025/11/23 00:46:43: https://fan.380227.xyz/ss免费账号/
2025/11/23 09:52:39Extracted src: https://fan.380227.xyz/ss免费账号/
2025/11/23 09:52:37: C:\Users\Administrator\scoop\apps\nodejs24\current\node.exe
2025/11/23 09:52:39: https://fan.380227.xyz/ss免费账号/
2025/11/23 10:53:41Extracted src: https://fan.380227.xyz/ss免费账号/
2025/11/23 10:53:38: C:\Users\Administrator\scoop\apps\nodejs24\current\node.exe
2025/11/23 10:53:41: https://fan.380227.xyz/ss免费账号/
2025/11/23 11:54:45Extracted src: https://fan.380227.xyz/ss免费账号/
2025/11/23 11:54:45: https://fan.380227.xyz/ss免费账号/
2025/11/23 11:54:38: C:\Users\Administrator\scoop\apps\nodejs24\current\node.exe
2025/11/23 14:05:40Extracted src: https://fan.380227.xyz/ss免费账号/
2025/11/23 14:05:38: C:\Users\Administrator\scoop\apps\nodejs24\current\node.exe
2025/11/23 14:05:40: https://fan.380227.xyz/ss免费账号/
2025/11/23 15:06:40Extracted src: https://fan.380227.xyz/ss免费账号/
2025/11/23 15:06:37: C:\Users\Administrator\scoop\apps\nodejs24\current\node.exe
2025/11/23 15:06:40: https://fan.380227.xyz/ss免费账号/
2025/11/23 16:07:43Extracted src: https://fan.380227.xyz/ss免费账号/
2025/11/23 16:07:40: C:\Users\Administrator\scoop\apps\nodejs24\current\node.exe
2025/11/23 16:07:43: https://fan.380227.xyz/ss免费账号/
2025/11/23 17:08:41Extracted src: https://fan.380227.xyz/ss免费账号/
2025/11/23 17:08:39: C:\Users\Administrator\scoop\apps\nodejs24\current\node.exe
2025/11/23 17:08:41: https://fan.380227.xyz/ss免费账号/
2025/11/23 18:09:42Extracted src: https://fan.380227.xyz/ss免费账号/
2025/11/23 18:09:39: C:\Users\Administrator\scoop\apps\nodejs24\current\node.exe
2025/11/23 18:09:42: https://fan.380227.xyz/ss免费账号/
2025/11/23 19:10:47Extracted src: https://fan.380227.xyz/ss免费账号/
2025/11/23 19:10:41: C:\Users\Administrator\scoop\apps\nodejs24\current\node.exe
2025/11/23 19:10:47: https://fan.380227.xyz/ss免费账号/
2025/11/23 20:11:43Extracted src: https://fan.380227.xyz/ss免费账号/
2025/11/23 20:11:39: C:\Users\Administrator\scoop\apps\nodejs24\current\node.exe
2025/11/23 20:11:43: https://fan.380227.xyz/ss免费账号/
2025/11/23 21:12:42Extracted src: https://fan.380227.xyz/ss免费账号/
2025/11/23 21:12:40: C:\Users\Administrator\scoop\apps\nodejs24\current\node.exe
2025/11/23 21:12:42: https://fan.380227.xyz/ss免费账号/
2025/11/23 22:13:50Extracted src: https://fan.380227.xyz/ss免费账号/
2025/11/23 22:13:40: C:\Users\Administrator\scoop\apps\nodejs24\current\node.exe
2025/11/23 22:13:50: https://fan.380227.xyz/ss免费账号/
2025/11/23 23:14:48Extracted src: https://fan.380227.xyz/ss免费账号/
2025/11/23 23:14:45: C:\Users\Administrator\scoop\apps\nodejs24\current\node.exe
2025/11/23 23:14:48: https://fan.380227.xyz/ss免费账号/
2025/11/24 00:15:45Extracted src: https://fan.380227.xyz/ss免费账号/
2025/11/24 00:15:41: C:\Users\Administrator\scoop\apps\nodejs24\current\node.exe
2025/11/24 00:15:45: https://fan.380227.xyz/ss免费账号/
2025/11/24 01:16:48Extracted src: https://fan.380227.xyz/ss免费账号/
2025/11/24 01:16:42: C:\Users\Administrator\scoop\apps\nodejs24\current\node.exe
2025/11/24 01:16:48: https://fan.380227.xyz/ss免费账号/
2025/11/24 08:10:41Extracted src: https://fan.380227.xyz/ss免费账号/
2025/11/24 08:10:39: C:\Users\Administrator\scoop\apps\nodejs24\current\node.exe
2025/11/24 08:10:41: https://fan.380227.xyz/ss免费账号/
2025/11/24 09:11:44Extracted src: https://fan.380227.xyz/ss免费账号/
2025/11/24 09:11:39: C:\Users\Administrator\scoop\apps\nodejs24\current\node.exe
2025/11/24 09:11:44: https://fan.380227.xyz/ss免费账号/
2025/11/24 10:12:44Extracted src: https://fan.380227.xyz/ss免费账号/
2025/11/24 10:12:44: https://fan.380227.xyz/ss免费账号/
2025/11/24 10:12:41: C:\Users\Administrator\scoop\apps\nodejs24\current\node.exe
2025/11/24 11:13:41Extracted src: https://fan.380227.xyz/ss免费账号/
2025/11/24 11:13:39: C:\Users\Administrator\scoop\apps\nodejs24\current\node.exe
2025/11/24 11:13:41: https://fan.380227.xyz/ss免费账号/
2025/11/24 12:14:43Extracted src: https://fan.380227.xyz/ss免费账号/
2025/11/24 12:14:43: https://fan.380227.xyz/ss免费账号/
2025/11/24 12:14:40: C:\Users\Administrator\scoop\apps\nodejs24\current\node.exe
2025/11/24 14:15:43Extracted src: https://fan.380227.xyz/ss免费账号/
2025/11/24 14:15:41: C:\Users\Administrator\scoop\apps\nodejs24\current\node.exe
2025/11/24 14:15:43: https://fan.380227.xyz/ss免费账号/
2025/11/24 16:47:43Extracted src: https://fan.380227.xyz/ss免费账号/
2025/11/24 16:47:43: https://fan.380227.xyz/ss免费账号/
2025/11/24 16:47:40: C:\Users\Administrator\scoop\apps\nodejs24\current\node.exe
2025/11/24 17:48:44Extracted src: https://fan.380227.xyz/ss免费账号/
2025/11/24 17:48:40: C:\Users\Administrator\scoop\apps\nodejs24\current\node.exe
2025/11/24 17:48:44: https://fan.380227.xyz/ss免费账号/
2025/11/24 20:03:44Extracted src: https://fan.380227.xyz/ss免费账号/
2025/11/24 20:03:44: https://fan.380227.xyz/ss免费账号/
2025/11/24 20:03:40: C:\Users\Administrator\scoop\apps\nodejs24\current\node.exe
2025/11/24 21:04:45Extracted src: https://fan.380227.xyz/ss免费账号/
2025/11/24 21:04:41: C:\Users\Administrator\scoop\apps\nodejs24\current\node.exe
2025/11/24 21:04:45: https://fan.380227.xyz/ss免费账号/
2025/11/24 22:05:46Extracted src: https://fan.380227.xyz/ss免费账号/
2025/11/24 22:05:44: C:\Users\Administrator\scoop\apps\nodejs24\current\node.exe
2025/11/24 22:05:46: https://fan.380227.xyz/ss免费账号/
2025/11/24 23:06:43Extracted src: https://fan.380227.xyz/ss免费账号/
2025/11/24 23:06:40: C:\Users\Administrator\scoop\apps\nodejs24\current\node.exe
2025/11/24 23:06:43: https://fan.380227.xyz/ss免费账号/
2025/11/25 00:07:44Extracted src: https://fan.380227.xyz/ss免费账号/
2025/11/25 00:07:41: C:\Users\Administrator\scoop\apps\nodejs24\current\node.exe
2025/11/25 00:07:44: https://fan.380227.xyz/ss免费账号/
2025/11/25 01:08:42Extracted src: https://fan.380227.xyz/ss免费账号/
2025/11/25 01:08:40: C:\Users\Administrator\scoop\apps\nodejs24\current\node.exe
2025/11/25 01:08:43: https://fan.380227.xyz/ss免费账号/
2025/11/25 12:27:42Extracted src: https://fan.380227.xyz/ss免费账号/
2025/11/25 12:27:40: C:\Users\Administrator\scoop\apps\nodejs24\current\node.exe
2025/11/25 12:27:43: https://fan.380227.xyz/ss免费账号/
2025/11/25 13:28:43Extracted src: https://fan.380227.xyz/ss免费账号/
2025/11/25 13:28:43: https://fan.380227.xyz/ss免费账号/
2025/11/25 13:28:40: C:\Users\Administrator\scoop\apps\nodejs24\current\node.exe
2025/11/25 14:29:48Extracted src: https://fan.380227.xyz/ss免费账号/
2025/11/25 14:29:42: C:\Users\Administrator\scoop\apps\nodejs24\current\node.exe
2025/11/25 14:29:48: https://fan.380227.xyz/ss免费账号/
2025/11/25 15:30:43Extracted src: https://fan.380227.xyz/ss免费账号/
2025/11/25 15:30:40: C:\Users\Administrator\scoop\apps\nodejs24\current\node.exe
2025/11/25 15:30:43: https://fan.380227.xyz/ss免费账号/
2025/11/25 16:31:45Extracted src: https://fan.380227.xyz/ss免费账号/
2025/11/25 16:31:40: C:\Users\Administrator\scoop\apps\nodejs24\current\node.exe
2025/11/25 16:31:45: https://fan.380227.xyz/ss免费账号/
2025/11/25 17:32:43Extracted src: https://fan.380227.xyz/ss免费账号/
2025/11/25 17:32:43: https://fan.380227.xyz/ss免费账号/
2025/11/25 17:32:40: C:\Users\Administrator\scoop\apps\nodejs24\current\node.exe
2025/11/25 18:33:44Extracted src: https://fan.380227.xyz/ss免费账号/
2025/11/25 18:33:40: C:\Users\Administrator\scoop\apps\nodejs24\current\node.exe
2025/11/25 18:33:44: https://fan.380227.xyz/ss免费账号/
2025/11/25 19:34:43Extracted src: https://fan.380227.xyz/ss免费账号/
2025/11/25 19:34:40: C:\Users\Administrator\scoop\apps\nodejs24\current\node.exe
2025/11/25 19:34:43: https://fan.380227.xyz/ss免费账号/
2025/11/25 20:35:45Extracted src: https://fan.380227.xyz/ss免费账号/
2025/11/25 20:35:40: C:\Users\Administrator\scoop\apps\nodejs24\current\node.exe
2025/11/25 20:35:45: https://fan.380227.xyz/ss免费账号/
2025/11/25 21:36:42Extracted src: https://fan.380227.xyz/ss免费账号/
2025/11/25 21:36:40: C:\Users\Administrator\scoop\apps\nodejs24\current\node.exe
2025/11/25 21:36:42: https://fan.380227.xyz/ss免费账号/
2025/11/25 22:37:43Extracted src: https://fan.380227.xyz/ss免费账号/
2025/11/25 22:37:41: C:\Users\Administrator\scoop\apps\nodejs24\current\node.exe
2025/11/25 22:37:43: https://fan.380227.xyz/ss免费账号/
2025/11/25 23:38:47Extracted src: https://fan.380227.xyz/ss免费账号/
2025/11/25 23:38:40: C:\Users\Administrator\scoop\apps\nodejs24\current\node.exe
2025/11/25 23:38:47: https://fan.380227.xyz/ss免费账号/
2025/11/26 10:53:41Extracted src: https://fan.380227.xyz/ss免费账号/
2025/11/26 10:53:40: C:\Users\Administrator\scoop\apps\nodejs24\current\node.exe
2025/11/26 10:53:41: https://fan.380227.xyz/ss免费账号/
2025/11/26 13:56:46Extracted src: https://fan.380227.xyz/ss免费账号/
2025/11/26 13:56:44: C:\Users\Administrator\scoop\apps\nodejs24\current\node.exe
2025/11/26 13:56:46: https://fan.380227.xyz/ss免费账号/
2025/11/26 14:57:45Extracted src: https://fan.380227.xyz/ss免费账号/
2025/11/26 14:57:42: C:\Users\Administrator\scoop\apps\nodejs24\current\node.exe
2025/11/26 14:57:45: https://fan.380227.xyz/ss免费账号/
2025/11/26 15:58:46Extracted src: https://fan.380227.xyz/ss免费账号/
2025/11/26 15:58:43: C:\Users\Administrator\scoop\apps\nodejs24\current\node.exe
2025/11/26 15:58:46: https://fan.380227.xyz/ss免费账号/
2025/11/26 16:59:45Extracted src: https://fan.380227.xyz/ss免费账号/
2025/11/26 16:59:45: https://fan.380227.xyz/ss免费账号/
2025/11/26 16:59:43: C:\Users\Administrator\scoop\apps\nodejs24\current\node.exe
2025/11/26 18:00:46Extracted src: https://fan.380227.xyz/ss免费账号/
2025/11/26 18:00:42: C:\Users\Administrator\scoop\apps\nodejs24\current\node.exe
2025/11/26 18:00:46: https://fan.380227.xyz/ss免费账号/
2025/11/26 19:01:49Extracted src: https://fan.380227.xyz/ss免费账号/
2025/11/26 19:01:49: https://fan.380227.xyz/ss免费账号/
2025/11/26 19:01:43: C:\Users\Administrator\scoop\apps\nodejs24\current\node.exe
2025/11/26 20:02:47Extracted src: https://fan.380227.xyz/ss免费账号/
2025/11/26 20:02:43: C:\Users\Administrator\scoop\apps\nodejs24\current\node.exe
2025/11/26 20:02:47: https://fan.380227.xyz/ss免费账号/
2025/11/26 21:03:46Extracted src: https://fan.380227.xyz/ss免费账号/
2025/11/26 21:03:43: C:\Users\Administrator\scoop\apps\nodejs24\current\node.exe
2025/11/26 21:03:46: https://fan.380227.xyz/ss免费账号/
2025/11/26 22:04:47Extracted src: https://fan.380227.xyz/ss免费账号/
2025/11/26 22:04:43: C:\Users\Administrator\scoop\apps\nodejs24\current\node.exe
2025/11/26 22:04:47: https://fan.380227.xyz/ss免费账号/
2025/11/26 23:05:46Extracted src: https://fan.380227.xyz/ss免费账号/
2025/11/26 23:05:46: https://fan.380227.xyz/ss免费账号/
2025/11/26 23:05:43: C:\Users\Administrator\scoop\apps\nodejs24\current\node.exe
2025/11/27 00:06:46Extracted src: https://fan.380227.xyz/ss免费账号/
2025/11/27 00:06:46: https://fan.380227.xyz/ss免费账号/
2025/11/27 00:06:43: C:\Users\Administrator\scoop\apps\nodejs24\current\node.exe
2025/11/27 01:07:45Extracted src: https://fan.380227.xyz/ss免费账号/
2025/11/27 01:07:43: C:\Users\Administrator\scoop\apps\nodejs24\current\node.exe
2025/11/27 01:07:45: https://fan.380227.xyz/ss免费账号/
2025/11/27 13:27:44Extracted src: https://fan.380227.xyz/ss免费账号/
2025/11/27 13:27:44: https://fan.380227.xyz/ss免费账号/
2025/11/27 13:27:42: C:\Users\Administrator\scoop\apps\nodejs24\current\node.exe
2025/11/27 14:28:50Extracted src: https://fan.380227.xyz/ss免费账号/
2025/11/27 14:28:42: C:\Users\Administrator\scoop\apps\nodejs24\current\node.exe
2025/11/27 14:28:50: https://fan.380227.xyz/ss免费账号/
2025/11/27 15:29:49Extracted src: https://fan.380227.xyz/ss免费账号/
2025/11/27 15:29:45: C:\Users\Administrator\scoop\apps\nodejs24\current\node.exe
2025/11/27 15:29:49: https://fan.380227.xyz/ss免费账号/
2025/11/27 16:30:46Extracted src: https://fan.380227.xyz/ss免费账号/
2025/11/27 16:30:44: C:\Users\Administrator\scoop\apps\nodejs24\current\node.exe
2025/11/27 16:30:46: https://fan.380227.xyz/ss免费账号/
2025/11/27 17:31:46Extracted src: https://fan.380227.xyz/ss免费账号/
2025/11/27 17:31:47: https://fan.380227.xyz/ss免费账号/
2025/11/27 17:31:44: C:\Users\Administrator\scoop\apps\nodejs24\current\node.exe
2025/11/27 18:32:47Extracted src: https://fan.380227.xyz/ss免费账号/
2025/11/27 18:32:44: C:\Users\Administrator\scoop\apps\nodejs24\current\node.exe
2025/11/27 18:32:47: https://fan.380227.xyz/ss免费账号/
2025/11/27 20:44:48Extracted src: https://fan.380227.xyz/ss免费账号/
2025/11/27 20:44:45: C:\Users\Administrator\scoop\apps\nodejs24\current\node.exe
2025/11/27 20:44:48: https://fan.380227.xyz/ss免费账号/
2025/11/27 21:45:50Extracted src: https://fan.380227.xyz/ss免费账号/
2025/11/27 21:45:45: C:\Users\Administrator\scoop\apps\nodejs24\current\node.exe
2025/11/27 21:45:50: https://fan.380227.xyz/ss免费账号/
2025/11/27 22:46:48Extracted src: https://fan.380227.xyz/ss免费账号/
2025/11/27 22:46:48: https://fan.380227.xyz/ss免费账号/
2025/11/27 22:46:45: C:\Users\Administrator\scoop\apps\nodejs24\current\node.exe
2025/11/27 23:47:47Extracted src: https://fan.380227.xyz/ss免费账号/
2025/11/27 23:47:45: C:\Users\Administrator\scoop\apps\nodejs24\current\node.exe
2025/11/27 23:47:47: https://fan.380227.xyz/ss免费账号/
2025/11/28 00:48:50Extracted src: https://fan.380227.xyz/ss免费账号/
2025/11/28 00:48:46: C:\Users\Administrator\scoop\apps\nodejs24\current\node.exe
2025/11/28 00:48:50: https://fan.380227.xyz/ss免费账号/
2025/11/28 10:28:46Extracted src: https://fan.380227.xyz/ss免费账号/
2025/11/28 10:28:44: C:\Users\Administrator\scoop\apps\nodejs24\current\node.exe
2025/11/28 10:28:46: https://fan.380227.xyz/ss免费账号/
2025/11/28 13:31:46Extracted src: https://fan.380227.xyz/ss免费账号/
2025/11/28 13:31:44: C:\Users\Administrator\scoop\apps\nodejs24\current\node.exe
2025/11/28 13:31:46: https://fan.380227.xyz/ss免费账号/
2025/11/28 14:32:46Extracted src: https://fan.380227.xyz/ss免费账号/
2025/11/28 14:32:44: C:\Users\Administrator\scoop\apps\nodejs24\current\node.exe
2025/11/28 14:32:46: https://fan.380227.xyz/ss免费账号/
2025/11/28 15:33:48Extracted src: https://fan.380227.xyz/ss免费账号/
2025/11/28 15:33:46: C:\Users\Administrator\scoop\apps\nodejs24\current\node.exe
2025/11/28 15:33:48: https://fan.380227.xyz/ss免费账号/
2025/11/28 16:34:46Extracted src: https://fan.380227.xyz/ss免费账号/
2025/11/28 16:34:44: C:\Users\Administrator\scoop\apps\nodejs24\current\node.exe
2025/11/28 16:34:46: https://fan.380227.xyz/ss免费账号/
2025/11/28 17:35:45Extracted src: https://fan.380227.xyz/ss免费账号/
2025/11/28 17:35:44: C:\Users\Administrator\scoop\apps\nodejs24\current\node.exe
2025/11/28 17:35:45: https://fan.380227.xyz/ss免费账号/
2025/11/28 18:36:46Extracted src: https://fan.380227.xyz/ss免费账号/
2025/11/28 18:36:46: https://fan.380227.xyz/ss免费账号/
2025/11/28 18:36:44: C:\Users\Administrator\scoop\apps\nodejs24\current\node.exe
2025/11/28 19:37:48Extracted src: https://fan.380227.xyz/ss免费账号/
2025/11/28 19:37:48: https://fan.380227.xyz/ss免费账号/
2025/11/28 19:37:44: C:\Users\Administrator\scoop\apps\nodejs24\current\node.exe
2025/11/28 21:39:47Extracted src: https://fan.380227.xyz/ss免费账号/
2025/11/28 21:39:44: C:\Users\Administrator\scoop\apps\nodejs24\current\node.exe
2025/11/28 21:39:48: https://fan.380227.xyz/ss免费账号/
2025/11/28 22:40:48Extracted src: https://fan.380227.xyz/ss免费账号/
2025/11/28 22:40:44: C:\Users\Administrator\scoop\apps\nodejs24\current\node.exe
2025/11/28 22:40:48: https://fan.380227.xyz/ss免费账号/
2025/11/28 23:41:49Extracted src: https://fan.380227.xyz/ss免费账号/
2025/11/28 23:41:45: C:\Users\Administrator\scoop\apps\nodejs24\current\node.exe
2025/11/28 23:41:49: https://fan.380227.xyz/ss免费账号/
2025/11/29 00:42:49Extracted src: https://fan.380227.xyz/ss免费账号/
2025/11/29 00:42:47: C:\Users\Administrator\scoop\apps\nodejs24\current\node.exe
2025/11/29 00:42:49: https://fan.380227.xyz/ss免费账号/
2025/11/29 12:02:47Extracted src: https://fan.380227.xyz/ss免费账号/
2025/11/29 12:02:45: C:\Users\Administrator\scoop\apps\nodejs24\current\node.exe
2025/11/29 12:02:47: https://fan.380227.xyz/ss免费账号/
2025/11/29 15:05:55Extracted src: https://fan.380227.xyz/ss免费账号/
2025/11/29 15:05:47: C:\Users\Administrator\scoop\apps\nodejs24\current\node.exe
2025/11/29 15:05:55: https://fan.380227.xyz/ss免费账号/
2025/11/29 16:06:50Extracted src: https://fan.380227.xyz/ss免费账号/
2025/11/29 16:06:44: C:\Users\Administrator\scoop\apps\nodejs24\current\node.exe
2025/11/29 16:06:50: https://fan.380227.xyz/ss免费账号/
2025/11/29 17:07:46Extracted src: https://fan.380227.xyz/ss免费账号/
2025/11/29 17:07:44: C:\Users\Administrator\scoop\apps\nodejs24\current\node.exe
2025/11/29 17:07:46: https://fan.380227.xyz/ss免费账号/
2025/11/29 18:08:46Extracted src: https://fan.380227.xyz/ss免费账号/
2025/11/29 18:08:43: C:\Users\Administrator\scoop\apps\nodejs24\current\node.exe
2025/11/29 18:08:46: https://fan.380227.xyz/ss免费账号/
2025/11/29 19:09:46Extracted src: https://fan.380227.xyz/ss免费账号/
2025/11/29 19:09:43: C:\Users\Administrator\scoop\apps\nodejs24\current\node.exe
2025/11/29 19:09:46: https://fan.380227.xyz/ss免费账号/
2025/11/29 20:10:47Extracted src: https://fan.380227.xyz/ss免费账号/
2025/11/29 20:10:44: C:\Users\Administrator\scoop\apps\nodejs24\current\node.exe
2025/11/29 20:10:47: https://fan.380227.xyz/ss免费账号/
2025/11/29 21:11:05Extracted src: https://fan.380227.xyz/ss免费账号/
2025/11/29 21:11:02: C:\Users\Administrator\scoop\apps\nodejs24\current\node.exe
2025/11/29 21:11:05: https://fan.380227.xyz/ss免费账号/
2025/11/29 22:12:07Extracted src: https://fan.380227.xyz/ss免费账号/
2025/11/29 22:12:03: C:\Users\Administrator\scoop\apps\nodejs24\current\node.exe
2025/11/29 22:12:07: https://fan.380227.xyz/ss免费账号/
2025/11/29 23:13:04Extracted src: https://fan.380227.xyz/ss免费账号/
2025/11/29 23:13:01: C:\Users\Administrator\scoop\apps\nodejs24\current\node.exe
2025/11/29 23:13:04: https://fan.380227.xyz/ss免费账号/
2025/11/30 00:14:14Extracted src: https://fan.380227.xyz/ss免费账号/
2025/11/30 00:14:09: C:\Users\Administrator\scoop\apps\nodejs24\current\node.exe
2025/11/30 00:14:14: https://fan.380227.xyz/ss免费账号/
2025/11/30 13:16:46Extracted src: https://fan.380227.xyz/ss免费账号/
2025/11/30 13:16:44: C:\Users\Administrator\scoop\apps\nodejs24\current\node.exe
2025/11/30 13:16:46: https://fan.380227.xyz/ss免费账号/
2025/11/30 14:17:42Extracted src: https://fan.380227.xyz/ss免费账号/
2025/11/30 14:17:40: C:\Users\Administrator\scoop\apps\nodejs24\current\node.exe
2025/11/30 14:17:42: https://fan.380227.xyz/ss免费账号/
2025/11/30 15:18:39Extracted src: https://fan.380227.xyz/ss免费账号/
2025/11/30 15:18:35: C:\Users\Administrator\scoop\apps\nodejs24\current\node.exe
2025/11/30 15:18:39: https://fan.380227.xyz/ss免费账号/
2025/11/30 16:19:40Extracted src: https://fan.380227.xyz/ss免费账号/
2025/11/30 16:19:36: C:\Users\Administrator\scoop\apps\nodejs24\current\node.exe
2025/11/30 16:19:40: https://fan.380227.xyz/ss免费账号/
2025/11/30 17:20:37Extracted src: https://fan.380227.xyz/ss免费账号/
2025/11/30 17:20:37: https://fan.380227.xyz/ss免费账号/
2025/11/30 17:20:35: C:\Users\Administrator\scoop\apps\nodejs24\current\node.exe
2025/11/30 18:21:37Extracted src: https://fan.380227.xyz/ss免费账号/
2025/11/30 18:21:35: C:\Users\Administrator\scoop\apps\nodejs24\current\node.exe
2025/11/30 18:21:37: https://fan.380227.xyz/ss免费账号/
2025/11/30 19:22:38Extracted src: https://fan.380227.xyz/ss免费账号/
2025/11/30 19:22:35: C:\Users\Administrator\scoop\apps\nodejs24\current\node.exe
2025/11/30 19:22:38: https://fan.380227.xyz/ss免费账号/
2025/11/30 20:26:32Extracted src: https://fan.380227.xyz/ss免费账号/
2025/11/30 20:26:30: C:\Users\Administrator\scoop\apps\nodejs24\current\node.exe
2025/11/30 20:26:33: https://fan.380227.xyz/ss免费账号/
2025/11/30 21:27:30Extracted src: https://fan.380227.xyz/ss免费账号/
2025/11/30 21:27:28: C:\Users\Administrator\scoop\apps\nodejs24\current\node.exe
2025/11/30 21:27:30: https://fan.380227.xyz/ss免费账号/
2025/11/30 22:28:27Extracted src: https://fan.380227.xyz/ss免费账号/
2025/11/30 22:28:25: C:\Users\Administrator\scoop\apps\nodejs24\current\node.exe
2025/11/30 22:28:27: https://fan.380227.xyz/ss免费账号/
2025/11/30 23:29:28Extracted src: https://fan.380227.xyz/ss免费账号/
2025/11/30 23:29:25: C:\Users\Administrator\scoop\apps\nodejs24\current\node.exe
2025/11/30 23:29:29: https://fan.380227.xyz/ss免费账号/
2025/12/1 11:24:26Extracted src: https://fan.380227.xyz/ss免费账号/
2025/12/1 11:24:24: C:\Users\Administrator\scoop\apps\nodejs24\current\node.exe
2025/12/1 11:24:26: https://fan.380227.xyz/ss免费账号/
2025/12/1 12:25:28Extracted src: https://fan.380227.xyz/ss免费账号/
2025/12/1 12:25:25: C:\Users\Administrator\scoop\apps\nodejs24\current\node.exe
2025/12/1 12:25:28: https://fan.380227.xyz/ss免费账号/
2025/12/1 14:27:27Extracted src: https://fan.380227.xyz/ss免费账号/
2025/12/1 14:27:24: C:\Users\Administrator\scoop\apps\nodejs24\current\node.exe
2025/12/1 14:27:27: https://fan.380227.xyz/ss免费账号/
2025/12/1 16:29:28Extracted src: https://fan.380227.xyz/ss免费账号/
2025/12/1 16:29:26: C:\Users\Administrator\scoop\apps\nodejs24\current\node.exe
2025/12/1 16:29:28: https://fan.380227.xyz/ss免费账号/
2025/12/1 17:30:30Extracted src: https://fan.380227.xyz/ss免费账号/
2025/12/1 17:30:26: C:\Users\Administrator\scoop\apps\nodejs24\current\node.exe
2025/12/1 17:30:30: https://fan.380227.xyz/ss免费账号/
2025/12/1 18:31:28Extracted src: https://fan.380227.xyz/ss免费账号/
2025/12/1 18:31:26: C:\Users\Administrator\scoop\apps\nodejs24\current\node.exe
2025/12/1 18:31:28: https://fan.380227.xyz/ss免费账号/
2025/12/1 19:32:29Extracted src: https://fan.380227.xyz/ss免费账号/
2025/12/1 19:32:26: C:\Users\Administrator\scoop\apps\nodejs24\current\node.exe
2025/12/1 19:32:29: https://fan.380227.xyz/ss免费账号/
2025/12/1 23:10:28Extracted src: https://fan.380227.xyz/ss免费账号/
2025/12/1 23:10:26: C:\Users\Administrator\scoop\apps\nodejs24\current\node.exe
2025/12/1 23:10:28: https://fan.380227.xyz/ss免费账号/
2025/12/2 00:11:30Extracted src: https://fan.380227.xyz/ss免费账号/
2025/12/2 00:11:26: C:\Users\Administrator\scoop\apps\nodejs24\current\node.exe
2025/12/2 00:11:30: https://fan.380227.xyz/ss免费账号/
2025/12/2 01:12:29Extracted src: https://fan.380227.xyz/ss免费账号/
2025/12/2 01:12:28: C:\Users\Administrator\scoop\apps\nodejs24\current\node.exe
2025/12/2 01:12:29: https://fan.380227.xyz/ss免费账号/
2025/12/2 13:47:29Extracted src: https://fan.380227.xyz/ss免费账号/
2025/12/2 13:47:27: C:\Users\Administrator\scoop\apps\nodejs24\current\node.exe
2025/12/2 13:47:29: https://fan.380227.xyz/ss免费账号/
2025/12/2 14:48:29Extracted src: https://fan.380227.xyz/ss免费账号/
2025/12/2 14:48:26: C:\Users\Administrator\scoop\apps\nodejs24\current\node.exe
2025/12/2 14:48:29: https://fan.380227.xyz/ss免费账号/
2025/12/2 15:49:32Extracted src: https://fan.380227.xyz/ss免费账号/
2025/12/2 15:49:32: https://fan.380227.xyz/ss免费账号/
2025/12/2 15:49:27: C:\Users\Administrator\scoop\apps\nodejs24\current\node.exe
2025/12/2 16:50:32Extracted src: https://fan.380227.xyz/ss免费账号/
2025/12/2 16:50:30: C:\Users\Administrator\scoop\apps\nodejs24\current\node.exe
2025/12/2 16:50:32: https://fan.380227.xyz/ss免费账号/
2025/12/2 17:51:29Extracted src: https://fan.380227.xyz/ss免费账号/
2025/12/2 17:51:27: C:\Users\Administrator\scoop\apps\nodejs24\current\node.exe
2025/12/2 17:51:29: https://fan.380227.xyz/ss免费账号/
2025/12/2 19:53:31Extracted src: https://fan.380227.xyz/ss免费账号/
2025/12/2 19:53:29: C:\Users\Administrator\scoop\apps\nodejs24\current\node.exe
2025/12/2 19:53:31: https://fan.380227.xyz/ss免费账号/
2025/12/2 20:54:30Extracted src: https://fan.380227.xyz/ss免费账号/
2025/12/2 20:54:28: C:\Users\Administrator\scoop\apps\nodejs24\current\node.exe
2025/12/2 20:54:30: https://fan.380227.xyz/ss免费账号/
2025/12/2 21:55:30Extracted src: https://fan.380227.xyz/ss免费账号/
2025/12/2 21:55:28: C:\Users\Administrator\scoop\apps\nodejs24\current\node.exe
2025/12/2 21:55:30: https://fan.380227.xyz/ss免费账号/
2025/12/2 22:56:34Extracted src: https://fan.380227.xyz/ss免费账号/
2025/12/2 22:56:34: https://fan.380227.xyz/ss免费账号/
2025/12/2 22:56:30: C:\Users\Administrator\scoop\apps\nodejs24\current\node.exe
2025/12/2 23:57:33Extracted src: https://fan.380227.xyz/ss免费账号/
2025/12/2 23:57:30: C:\Users\Administrator\scoop\apps\nodejs24\current\node.exe
2025/12/2 23:57:33: https://fan.380227.xyz/ss免费账号/
2025/12/3 00:58:29Extracted src: https://fan.380227.xyz/ss免费账号/
2025/12/3 00:58:29: https://fan.380227.xyz/ss免费账号/
2025/12/3 00:58:27: C:\Users\Administrator\scoop\apps\nodejs24\current\node.exe
2025/12/3 01:59:29Extracted src: https://fan.380227.xyz/ss免费账号/
2025/12/3 01:59:27: C:\Users\Administrator\scoop\apps\nodejs24\current\node.exe
2025/12/3 01:59:29: https://fan.380227.xyz/ss免费账号/
2025/12/3 13:51:30Extracted src: https://fan.380227.xyz/ss免费账号/
2025/12/3 13:51:28: C:\Users\Administrator\scoop\apps\nodejs24\current\node.exe
2025/12/3 13:51:30: https://fan.380227.xyz/ss免费账号/
2025/12/3 14:52:30Extracted src: https://fan.380227.xyz/ss免费账号/
2025/12/3 14:52:28: C:\Users\Administrator\scoop\apps\nodejs24\current\node.exe
2025/12/3 14:52:30: https://fan.380227.xyz/ss免费账号/
2025/12/3 15:53:31Extracted src: https://fan.380227.xyz/ss免费账号/
2025/12/3 15:53:28: C:\Users\Administrator\scoop\apps\nodejs24\current\node.exe
2025/12/3 15:53:31: https://fan.380227.xyz/ss免费账号/
2025/12/3 16:54:33Extracted src: https://fan.380227.xyz/ss免费账号/
2025/12/3 16:54:31: C:\Users\Administrator\scoop\apps\nodejs24\current\node.exe
2025/12/3 16:54:33: https://fan.380227.xyz/ss免费账号/
2025/12/3 17:56:38Extracted src: https://fan.380227.xyz/ss免费账号/
2025/12/3 17:56:36: C:\Users\Administrator\scoop\apps\nodejs24\current\node.exe
2025/12/3 17:56:38: https://fan.380227.xyz/ss免费账号/
2025/12/3 17:57:52Extracted src: https://fan.380227.xyz/ss免费账号/
2025/12/3 17:57:52: https://fan.380227.xyz/ss免费账号/
2025/12/3 17:57:50: C:\Users\Administrator\scoop\apps\nodejs24\current\node.exe
2025/12/3 17:58:42Extracted src: https://fan.380227.xyz/ss免费账号/
2025/12/3 17:58:40: C:\Users\Administrator\scoop\apps\nodejs24\current\node.exe
2025/12/3 17:58:42: https://fan.380227.xyz/ss免费账号/
2025/12/3 20:01:35Extracted src: https://fan.380227.xyz/ss免费账号/
2025/12/3 20:01:29: C:\Users\Administrator\scoop\apps\nodejs24\current\node.exe
2025/12/3 20:01:35: https://fan.380227.xyz/ss免费账号/
2025/12/3 21:02:25Extracted src: https://fan.380227.xyz/ss免费账号/
2025/12/3 21:02:23: C:\Users\Administrator\scoop\apps\nodejs24\current\node.exe
2025/12/3 21:02:25: https://fan.380227.xyz/ss免费账号/
2025/12/3 22:02:40Extracted src: https://fan.380227.xyz/ss免费账号/
2025/12/3 22:02:40: https://fan.380227.xyz/ss免费账号/
2025/12/3 22:02:37: C:\Users\Administrator\scoop\apps\nodejs24\current\node.exe
2025/12/3 23:03:39Extracted src: https://fan.380227.xyz/ss免费账号/
2025/12/3 23:03:37: C:\Users\Administrator\scoop\apps\nodejs24\current\node.exe
2025/12/3 23:03:39: https://fan.380227.xyz/ss免费账号/
2025/12/4 00:04:40Extracted src: https://fan.380227.xyz/ss免费账号/
2025/12/4 00:04:38: C:\Users\Administrator\scoop\apps\nodejs24\current\node.exe
2025/12/4 00:04:41: https://fan.380227.xyz/ss免费账号/
2025/12/4 01:05:40Extracted src: https://fan.380227.xyz/ss免费账号/
2025/12/4 01:05:37: C:\Users\Administrator\scoop\apps\nodejs24\current\node.exe
2025/12/4 01:05:40: https://fan.380227.xyz/ss免费账号/
2025/12/4 02:06:39Extracted src: https://fan.380227.xyz/ss免费账号/
2025/12/4 02:06:37: C:\Users\Administrator\scoop\apps\nodejs24\current\node.exe
2025/12/4 02:06:39: https://fan.380227.xyz/ss免费账号/
2025/12/4 03:07:39Extracted src: https://fan.380227.xyz/ss免费账号/
2025/12/4 03:07:37: C:\Users\Administrator\scoop\apps\nodejs24\current\node.exe
2025/12/4 03:07:39: https://fan.380227.xyz/ss免费账号/
2025/12/4 03:38:20Extracted src: https://fan.380227.xyz/ss免费账号/
2025/12/4 03:38:17: C:\Users\Administrator\scoop\apps\nodejs24\current\node.exe
2025/12/4 03:38:20: https://fan.380227.xyz/ss免费账号/
2025/12/4 13:40:30Extracted src: https://fan.380227.xyz/ss免费账号/
2025/12/4 13:40:28: C:\Users\Administrator\scoop\apps\nodejs24\current\node.exe
2025/12/4 13:40:30: https://fan.380227.xyz/ss免费账号/
2025/12/4 14:40:46Extracted src: https://fan.380227.xyz/ss免费账号/
2025/12/4 14:40:44: C:\Users\Administrator\scoop\apps\nodejs24\current\node.exe
2025/12/4 14:40:46: https://fan.380227.xyz/ss免费账号/
2025/12/4 15:41:46Extracted src: https://fan.380227.xyz/ss免费账号/
2025/12/4 15:41:43: C:\Users\Administrator\scoop\apps\nodejs24\current\node.exe
2025/12/4 15:41:46: https://fan.380227.xyz/ss免费账号/
2025/12/4 16:42:45Extracted src: https://fan.380227.xyz/ss免费账号/
2025/12/4 16:42:43: C:\Users\Administrator\scoop\apps\nodejs24\current\node.exe
2025/12/4 16:42:45: https://fan.380227.xyz/ss免费账号/
2025/12/4 17:43:45Extracted src: https://fan.380227.xyz/ss免费账号/
2025/12/4 17:43:43: C:\Users\Administrator\scoop\apps\nodejs24\current\node.exe
2025/12/4 17:43:45: https://fan.380227.xyz/ss免费账号/
2025/12/4 19:45:51Extracted src: https://fan.380227.xyz/ss免费账号/
2025/12/4 19:45:49: C:\Users\Administrator\scoop\apps\nodejs24\current\node.exe
2025/12/4 19:45:51: https://fan.380227.xyz/ss免费账号/
2025/12/4 20:47:01Extracted src: https://fan.380227.xyz/ss免费账号/
2025/12/4 20:46:59: C:\Users\Administrator\scoop\apps\nodejs24\current\node.exe
2025/12/4 20:47:01: https://fan.380227.xyz/ss免费账号/
2025/12/4 21:47:52Extracted src: https://fan.380227.xyz/ss免费账号/
2025/12/4 21:47:50: C:\Users\Administrator\scoop\apps\nodejs24\current\node.exe
2025/12/4 21:47:52: https://fan.380227.xyz/ss免费账号/
2025/12/4 22:48:53Extracted src: https://fan.380227.xyz/ss免费账号/
2025/12/4 22:48:50: C:\Users\Administrator\scoop\apps\nodejs24\current\node.exe
2025/12/4 22:48:53: https://fan.380227.xyz/ss免费账号/
2025/12/4 23:49:57Extracted src: https://fan.380227.xyz/ss免费账号/
2025/12/4 23:49:51: C:\Users\Administrator\scoop\apps\nodejs24\current\node.exe
2025/12/4 23:49:57: https://fan.380227.xyz/ss免费账号/
2025/12/5 14:01:15Extracted src: https://fan.380227.xyz/ss免费账号/
2025/12/5 14:01:12: C:\Users\Administrator\scoop\apps\nodejs24\current\node.exe
2025/12/5 14:01:15: https://fan.380227.xyz/ss免费账号/
2025/12/5 16:03:18Extracted src: https://fan.380227.xyz/ss免费账号/
2025/12/5 16:03:16: C:\Users\Administrator\scoop\apps\nodejs24\current\node.exe
2025/12/5 16:03:18: https://fan.380227.xyz/ss免费账号/
2025/12/5 17:04:16Extracted src: https://fan.380227.xyz/ss免费账号/
2025/12/5 17:04:14: C:\Users\Administrator\scoop\apps\nodejs24\current\node.exe
2025/12/5 17:04:16: https://fan.380227.xyz/ss免费账号/
2025/12/5 18:05:17Extracted src: https://fan.380227.xyz/ss免费账号/
2025/12/5 18:05:15: C:\Users\Administrator\scoop\apps\nodejs24\current\node.exe
2025/12/5 18:05:17: https://fan.380227.xyz/ss免费账号/
2025/12/5 19:06:18Extracted src: https://fan.380227.xyz/ss免费账号/
2025/12/5 19:06:15: C:\Users\Administrator\scoop\apps\nodejs24\current\node.exe
2025/12/5 19:06:18: https://fan.380227.xyz/ss免费账号/
2025/12/5 20:07:18Extracted src: https://fan.380227.xyz/ss免费账号/
2025/12/5 20:07:18: https://fan.380227.xyz/ss免费账号/
2025/12/5 20:07:16: C:\Users\Administrator\scoop\apps\nodejs24\current\node.exe
2025/12/5 21:08:18Extracted src: https://fan.380227.xyz/ss免费账号/
2025/12/5 21:08:18: https://fan.380227.xyz/ss免费账号/
2025/12/5 21:08:16: C:\Users\Administrator\scoop\apps\nodejs24\current\node.exe
2025/12/5 22:09:20Extracted src: https://fan.380227.xyz/ss免费账号/
2025/12/5 22:09:17: C:\Users\Administrator\scoop\apps\nodejs24\current\node.exe
2025/12/5 22:09:20: https://fan.380227.xyz/ss免费账号/
2025/12/5 23:10:18Extracted src: https://fan.380227.xyz/ss免费账号/
2025/12/5 23:10:15: C:\Users\Administrator\scoop\apps\nodejs24\current\node.exe
2025/12/5 23:10:18: https://fan.380227.xyz/ss免费账号/
2025/12/6 00:11:18Extracted src: https://fan.380227.xyz/ss免费账号/
2025/12/6 00:11:15: C:\Users\Administrator\scoop\apps\nodejs24\current\node.exe
2025/12/6 00:11:18: https://fan.380227.xyz/ss免费账号/
2025/12/6 00:12:17Extracted src: https://fan.380227.xyz/ss免费账号/
2025/12/6 00:12:15: C:\Users\Administrator\scoop\apps\nodejs24\current\node.exe
2025/12/6 00:12:17: https://fan.380227.xyz/ss免费账号/
2025/12/6 01:18:21Extracted src: https://fan.380227.xyz/ss免费账号/
2025/12/6 01:18:18: C:\Users\Administrator\scoop\apps\nodejs24\current\node.exe
2025/12/6 01:18:21: https://fan.380227.xyz/ss免费账号/
2025/12/6 02:19:17Extracted src: https://fan.380227.xyz/ss免费账号/
2025/12/6 02:19:15: C:\Users\Administrator\scoop\apps\nodejs24\current\node.exe
2025/12/6 02:19:17: https://fan.380227.xyz/ss免费账号/
2025/12/6 03:20:17Extracted src: https://fan.380227.xyz/ss免费账号/
2025/12/6 03:20:17: https://fan.380227.xyz/ss免费账号/
2025/12/6 03:20:15: C:\Users\Administrator\scoop\apps\nodejs24\current\node.exe
2025/12/6 04:21:17Extracted src: https://fan.380227.xyz/ss免费账号/
2025/12/6 04:21:15: C:\Users\Administrator\scoop\apps\nodejs24\current\node.exe
2025/12/6 04:21:17: https://fan.380227.xyz/ss免费账号/
2025/12/6 13:26:55Extracted src: https://fan.380227.xyz/ss免费账号/
2025/12/6 13:26:53: C:\Users\Administrator\scoop\apps\nodejs24\current\node.exe
2025/12/6 13:26:55: https://fan.380227.xyz/ss免费账号/
2025/12/6 14:27:42Extracted src: https://fan.380227.xyz/ss免费账号/
2025/12/6 14:27:36: C:\Users\Administrator\scoop\apps\nodejs24\current\node.exe
2025/12/6 14:27:42: https://fan.380227.xyz/ss免费账号/
2025/12/6 15:28:43Extracted src: https://fan.380227.xyz/ss免费账号/
2025/12/6 15:28:35: C:\Users\Administrator\scoop\apps\nodejs24\current\node.exe
2025/12/6 15:28:43: https://fan.380227.xyz/ss免费账号/
2025/12/6 16:29:38Extracted src: https://fan.380227.xyz/ss免费账号/
2025/12/6 16:29:36: C:\Users\Administrator\scoop\apps\nodejs24\current\node.exe
2025/12/6 16:29:38: https://fan.380227.xyz/ss免费账号/
2025/12/6 17:30:41Extracted src: https://fan.380227.xyz/ss免费账号/
2025/12/6 17:30:35: C:\Users\Administrator\scoop\apps\nodejs24\current\node.exe
2025/12/6 17:30:41: https://fan.380227.xyz/ss免费账号/
2025/12/6 19:32:37Extracted src: https://fan.380227.xyz/ss免费账号/
2025/12/6 19:32:34: C:\Users\Administrator\scoop\apps\nodejs24\current\node.exe
2025/12/6 19:32:37: https://fan.380227.xyz/ss免费账号/
2025/12/6 20:33:38Extracted src: https://fan.380227.xyz/ss免费账号/
2025/12/6 20:33:35: C:\Users\Administrator\scoop\apps\nodejs24\current\node.exe
2025/12/6 20:33:38: https://fan.380227.xyz/ss免费账号/
2025/12/6 21:34:39Extracted src: https://fan.380227.xyz/ss免费账号/
2025/12/6 21:34:39: https://fan.380227.xyz/ss免费账号/
2025/12/6 21:34:35: C:\Users\Administrator\scoop\apps\nodejs24\current\node.exe
2025/12/6 22:35:37Extracted src: https://fan.380227.xyz/ss免费账号/
2025/12/6 22:35:35: C:\Users\Administrator\scoop\apps\nodejs24\current\node.exe
2025/12/6 22:35:37: https://fan.380227.xyz/ss免费账号/
2025/12/7 12:34:29Extracted src: https://fan.380227.xyz/ss免费账号/
2025/12/7 12:34:27: C:\Users\Administrator\scoop\apps\nodejs24\current\node.exe
2025/12/7 12:34:29: https://fan.380227.xyz/ss免费账号/
2025/12/7 13:34:47Extracted src: https://fan.380227.xyz/ss免费账号/
2025/12/7 13:34:47: https://fan.380227.xyz/ss免费账号/
2025/12/7 13:34:39: C:\Users\Administrator\scoop\apps\nodejs24\current\node.exe
2025/12/7 14:35:41Extracted src: https://fan.380227.xyz/ss免费账号/
2025/12/7 14:35:37: C:\Users\Administrator\scoop\apps\nodejs24\current\node.exe
2025/12/7 14:35:41: https://fan.380227.xyz/ss免费账号/
2025/12/7 15:36:41Extracted src: https://fan.380227.xyz/ss免费账号/
2025/12/7 15:36:39: C:\Users\Administrator\scoop\apps\nodejs24\current\node.exe
2025/12/7 15:36:41: https://fan.380227.xyz/ss免费账号/
2025/12/7 16:37:19Extracted src: https://fan.380227.xyz/ss免费账号/
2025/12/7 16:37:13: C:\Users\Administrator\scoop\apps\nodejs24\current\node.exe
2025/12/7 16:37:19: https://fan.380227.xyz/ss免费账号/
2025/12/7 17:38:14Extracted src: https://fan.380227.xyz/ss免费账号/
2025/12/7 17:38:11: C:\Users\Administrator\scoop\apps\nodejs24\current\node.exe
2025/12/7 17:38:14: https://fan.380227.xyz/ss免费账号/
2025/12/7 18:39:18Extracted src: https://fan.380227.xyz/ss免费账号/
2025/12/7 18:39:12: C:\Users\Administrator\scoop\apps\nodejs24\current\node.exe
2025/12/7 18:39:18: https://fan.380227.xyz/ss免费账号/
2025/12/7 19:40:15Extracted src: https://fan.380227.xyz/ss免费账号/
2025/12/7 19:40:15: https://fan.380227.xyz/ss免费账号/
2025/12/7 19:40:11: C:\Users\Administrator\scoop\apps\nodejs24\current\node.exe
2025/12/7 21:49:14Extracted src: https://fan.380227.xyz/ss免费账号/
2025/12/7 21:49:12: C:\Users\Administrator\scoop\apps\nodejs24\current\node.exe
2025/12/7 21:49:14: https://fan.380227.xyz/ss免费账号/
2025/12/7 22:50:19Extracted src: https://fan.380227.xyz/ss免费账号/
2025/12/7 22:50:14: C:\Users\Administrator\scoop\apps\nodejs24\current\node.exe
2025/12/7 22:50:19: https://fan.380227.xyz/ss免费账号/
2025/12/7 23:51:22Extracted src: https://fan.380227.xyz/ss免费账号/
2025/12/7 23:51:11: C:\Users\Administrator\scoop\apps\nodejs24\current\node.exe
2025/12/7 23:51:22: https://fan.380227.xyz/ss免费账号/
2025/12/8 07:42:40Extracted src: https://fan.380227.xyz/ss免费账号/
2025/12/8 07:42:38: C:\Users\Administrator\scoop\apps\nodejs24\current\node.exe
2025/12/8 07:42:40: https://fan.380227.xyz/ss免费账号/
2025/12/8 08:42:55Extracted src: https://fan.380227.xyz/ss免费账号/
2025/12/8 08:42:51: C:\Users\Administrator\scoop\apps\nodejs24\current\node.exe
2025/12/8 08:42:55: https://fan.380227.xyz/ss免费账号/
2025/12/8 09:43:54Extracted src: https://fan.380227.xyz/ss免费账号/
2025/12/8 09:43:51: C:\Users\Administrator\scoop\apps\nodejs24\current\node.exe
2025/12/8 09:43:54: https://fan.380227.xyz/ss免费账号/
2025/12/8 10:44:58Extracted src: https://fan.380227.xyz/ss免费账号/
2025/12/8 10:44:53: C:\Users\Administrator\scoop\apps\nodejs24\current\node.exe
2025/12/8 10:44:58: https://fan.380227.xyz/ss免费账号/
2025/12/8 11:45:59Extracted src: https://fan.380227.xyz/ss免费账号/
2025/12/8 11:45:56: C:\Users\Administrator\scoop\apps\nodejs24\current\node.exe
2025/12/8 11:45:59: https://fan.380227.xyz/ss免费账号/
2025/12/8 15:56:58Extracted src: https://fan.380227.xyz/ss免费账号/
2025/12/8 15:56:55: C:\Users\Administrator\scoop\apps\nodejs24\current\node.exe
2025/12/8 15:56:58: https://fan.380227.xyz/ss免费账号/
2025/12/8 16:57:58Extracted src: https://fan.380227.xyz/ss免费账号/
2025/12/8 16:57:56: C:\Users\Administrator\scoop\apps\nodejs24\current\node.exe
2025/12/8 16:57:58: https://fan.380227.xyz/ss免费账号/
2025/12/8 17:58:59Extracted src: https://fan.380227.xyz/ss免费账号/
2025/12/8 17:58:56: C:\Users\Administrator\scoop\apps\nodejs24\current\node.exe
2025/12/8 17:58:59: https://fan.380227.xyz/ss免费账号/
2025/12/8 20:00:01Extracted src: https://fan.380227.xyz/ss免费账号/
2025/12/8 19:59:56: C:\Users\Administrator\scoop\apps\nodejs24\current\node.exe
2025/12/8 20:00:01: https://fan.380227.xyz/ss免费账号/
2025/12/8 21:01:04Extracted src: https://fan.380227.xyz/ss免费账号/
2025/12/8 21:00:58: C:\Users\Administrator\scoop\apps\nodejs24\current\node.exe
2025/12/8 21:01:04: https://fan.380227.xyz/ss免费账号/
2025/12/8 22:02:03Extracted src: https://fan.380227.xyz/ss免费账号/
2025/12/8 22:01:56: C:\Users\Administrator\scoop\apps\nodejs24\current\node.exe
2025/12/8 22:02:03: https://fan.380227.xyz/ss免费账号/
2025/12/8 23:03:02Extracted src: https://fan.380227.xyz/ss免费账号/
2025/12/8 23:02:59: C:\Users\Administrator\scoop\apps\nodejs24\current\node.exe
2025/12/8 23:03:02: https://fan.380227.xyz/ss免费账号/
2025/12/9 00:03:58Extracted src: https://fan.380227.xyz/ss免费账号/
2025/12/9 00:03:56: C:\Users\Administrator\scoop\apps\nodejs24\current\node.exe
2025/12/9 00:03:58: https://fan.380227.xyz/ss免费账号/
2025/12/9 11:01:22Extracted src: https://fan.380227.xyz/ss免费账号/
2025/12/9 11:01:18: C:\Users\Administrator\scoop\apps\nodejs24\current\node.exe
2025/12/9 11:01:22: https://fan.380227.xyz/ss免费账号/
2025/12/9 12:02:23Extracted src: https://fan.380227.xyz/ss免费账号/
2025/12/9 12:02:20: C:\Users\Administrator\scoop\apps\nodejs24\current\node.exe
2025/12/9 12:02:23: https://fan.380227.xyz/ss免费账号/
2025/12/9 14:04:24Extracted src: https://fan.380227.xyz/ss免费账号/
2025/12/9 14:04:20: C:\Users\Administrator\scoop\apps\nodejs24\current\node.exe
2025/12/9 14:04:24: https://fan.380227.xyz/ss免费账号/
2025/12/9 15:05:23Extracted src: https://fan.380227.xyz/ss免费账号/
2025/12/9 15:05:19: C:\Users\Administrator\scoop\apps\nodejs24\current\node.exe
2025/12/9 15:05:23: https://fan.380227.xyz/ss免费账号/
2025/12/9 16:06:26Extracted src: https://fan.380227.xyz/ss免费账号/
2025/12/9 16:06:20: C:\Users\Administrator\scoop\apps\nodejs24\current\node.exe
2025/12/9 16:06:26: https://fan.380227.xyz/ss免费账号/
2025/12/9 17:07:23Extracted src: https://fan.380227.xyz/ss免费账号/
2025/12/9 17:07:19: C:\Users\Administrator\scoop\apps\nodejs24\current\node.exe
2025/12/9 17:07:23: https://fan.380227.xyz/ss免费账号/
2025/12/9 18:07:45Extracted src: https://fan.380227.xyz/ss免费账号/
2025/12/9 18:07:42: C:\Users\Administrator\scoop\apps\nodejs24\current\node.exe
2025/12/9 18:07:45: https://fan.380227.xyz/ss免费账号/
2025/12/9 20:09:45Extracted src: https://fan.380227.xyz/ss免费账号/
2025/12/9 20:09:42: C:\Users\Administrator\scoop\apps\nodejs24\current\node.exe
2025/12/9 20:09:45: https://fan.380227.xyz/ss免费账号/
2025/12/9 21:10:45Extracted src: https://fan.380227.xyz/ss免费账号/
2025/12/9 21:10:42: C:\Users\Administrator\scoop\apps\nodejs24\current\node.exe
2025/12/9 21:10:45: https://fan.380227.xyz/ss免费账号/
2025/12/9 22:11:47Extracted src: https://fan.380227.xyz/ss免费账号/
2025/12/9 22:11:42: C:\Users\Administrator\scoop\apps\nodejs24\current\node.exe
2025/12/9 22:11:47: https://fan.380227.xyz/ss免费账号/
2025/12/10 13:27:04Extracted src: https://fan.380227.xyz/ss免费账号/
2025/12/10 13:27:02: C:\Users\Administrator\scoop\apps\nodejs24\current\node.exe
2025/12/10 13:27:04: https://fan.380227.xyz/ss免费账号/
2025/12/10 14:28:13Extracted src: https://fan.380227.xyz/ss免费账号/
2025/12/10 14:28:10: C:\Users\Administrator\scoop\apps\nodejs24\current\node.exe
2025/12/10 14:28:13: https://fan.380227.xyz/ss免费账号/
2025/12/10 15:29:18Extracted src: https://fan.380227.xyz/ss免费账号/
2025/12/10 15:29:13: C:\Users\Administrator\scoop\apps\nodejs24\current\node.exe
2025/12/10 15:29:18: https://fan.380227.xyz/ss免费账号/
2025/12/10 16:30:16Extracted src: https://fan.380227.xyz/ss免费账号/
2025/12/10 16:30:12: C:\Users\Administrator\scoop\apps\nodejs24\current\node.exe
2025/12/10 16:30:16: https://fan.380227.xyz/ss免费账号/
2025/12/10 17:31:15Extracted src: https://fan.380227.xyz/ss免费账号/
2025/12/10 17:31:15: https://fan.380227.xyz/ss免费账号/
2025/12/10 17:31:13: C:\Users\Administrator\scoop\apps\nodejs24\current\node.exe
2025/12/10 18:32:15Extracted src: https://fan.380227.xyz/ss免费账号/
2025/12/10 18:32:13: C:\Users\Administrator\scoop\apps\nodejs24\current\node.exe
2025/12/10 18:32:15: https://fan.380227.xyz/ss免费账号/
2025/12/10 20:34:15Extracted src: https://fan.380227.xyz/ss免费账号/
2025/12/10 20:34:15: https://fan.380227.xyz/ss免费账号/
2025/12/10 20:34:13: C:\Users\Administrator\scoop\apps\nodejs24\current\node.exe
2025/12/10 21:35:16Extracted src: https://fan.380227.xyz/ss免费账号/
2025/12/10 21:35:13: C:\Users\Administrator\scoop\apps\nodejs24\current\node.exe
2025/12/10 21:35:16: https://fan.380227.xyz/ss免费账号/
2025/12/10 22:36:18Extracted src: https://fan.380227.xyz/ss免费账号/
2025/12/10 22:36:13: C:\Users\Administrator\scoop\apps\nodejs24\current\node.exe
2025/12/10 22:36:18: https://fan.380227.xyz/ss免费账号/
2025/12/10 23:37:18Extracted src: https://fan.380227.xyz/ss免费账号/
2025/12/10 23:37:13: C:\Users\Administrator\scoop\apps\nodejs24\current\node.exe
2025/12/10 23:37:18: https://fan.380227.xyz/ss免费账号/
2025/12/11 00:38:23Extracted src: https://fan.380227.xyz/ss免费账号/
2025/12/11 00:38:14: C:\Users\Administrator\scoop\apps\nodejs24\current\node.exe
2025/12/11 00:38:23: https://fan.380227.xyz/ss免费账号/
2025/12/11 14:15:15Extracted src: https://fan.380227.xyz/ss免费账号/
2025/12/11 14:15:13: C:\Users\Administrator\scoop\apps\nodejs24\current\node.exe
2025/12/11 14:15:15: https://fan.380227.xyz/ss免费账号/
2025/12/11 15:16:13Extracted src: https://fan.380227.xyz/ss免费账号/
2025/12/11 15:16:12: C:\Users\Administrator\scoop\apps\nodejs24\current\node.exe
2025/12/11 15:16:13: https://fan.380227.xyz/ss免费账号/
2025/12/11 16:17:15Extracted src: https://fan.380227.xyz/ss免费账号/
2025/12/11 16:17:12: C:\Users\Administrator\scoop\apps\nodejs24\current\node.exe
2025/12/11 16:17:15: https://fan.380227.xyz/ss免费账号/
2025/12/11 17:18:15Extracted src: https://fan.380227.xyz/ss免费账号/
2025/12/11 17:18:12: C:\Users\Administrator\scoop\apps\nodejs24\current\node.exe
2025/12/11 17:18:15: https://fan.380227.xyz/ss免费账号/
2025/12/11 18:19:20Extracted src: https://fan.380227.xyz/ss免费账号/
2025/12/11 18:19:15: C:\Users\Administrator\scoop\apps\nodejs24\current\node.exe
2025/12/11 18:19:20: https://fan.380227.xyz/ss免费账号/
2025/12/11 20:21:16Extracted src: https://fan.380227.xyz/ss免费账号/
2025/12/11 20:21:14: C:\Users\Administrator\scoop\apps\nodejs24\current\node.exe
2025/12/11 20:21:16: https://fan.380227.xyz/ss免费账号/
2025/12/11 21:22:21Extracted src: https://fan.380227.xyz/ss免费账号/
2025/12/11 21:22:15: C:\Users\Administrator\scoop\apps\nodejs24\current\node.exe
2025/12/11 21:22:21: https://fan.380227.xyz/ss免费账号/
2025/12/11 22:23:18Extracted src: https://fan.380227.xyz/ss免费账号/
2025/12/11 22:23:15: C:\Users\Administrator\scoop\apps\nodejs24\current\node.exe
2025/12/11 22:23:18: https://fan.380227.xyz/ss免费账号/
2025/12/11 23:24:18Extracted src: https://fan.380227.xyz/ss免费账号/
2025/12/11 23:24:15: C:\Users\Administrator\scoop\apps\nodejs24\current\node.exe
2025/12/11 23:24:18: https://fan.380227.xyz/ss免费账号/
2025/12/12 00:25:24Extracted src: https://fan.380227.xyz/ss免费账号/
2025/12/12 00:25:21: C:\Users\Administrator\scoop\apps\nodejs24\current\node.exe
2025/12/12 00:25:24: https://fan.380227.xyz/ss免费账号/
2025/12/12 14:44:18Extracted src: https://fan.380227.xyz/ss免费账号/
2025/12/12 14:44:15: C:\Users\Administrator\scoop\apps\nodejs24\current\node.exe
2025/12/12 14:44:18: https://fan.380227.xyz/ss免费账号/
2025/12/12 15:45:22Extracted src: https://fan.380227.xyz/ss免费账号/
2025/12/12 15:45:16: C:\Users\Administrator\scoop\apps\nodejs24\current\node.exe
2025/12/12 15:45:22: https://fan.380227.xyz/ss免费账号/
2025/12/12 16:46:16Extracted src: https://fan.380227.xyz/ss免费账号/
2025/12/12 16:46:14: C:\Users\Administrator\scoop\apps\nodejs24\current\node.exe
2025/12/12 16:46:16: https://fan.380227.xyz/ss免费账号/
2025/12/12 17:47:17Extracted src: https://fan.380227.xyz/ss免费账号/
2025/12/12 17:47:15: C:\Users\Administrator\scoop\apps\nodejs24\current\node.exe
2025/12/12 17:47:17: https://fan.380227.xyz/ss免费账号/
2025/12/12 18:48:17Extracted src: https://fan.380227.xyz/ss免费账号/
2025/12/12 18:48:17: https://fan.380227.xyz/ss免费账号/
2025/12/12 18:48:14: C:\Users\Administrator\scoop\apps\nodejs24\current\node.exe
2025/12/12 22:05:18Extracted src: https://fan.380227.xyz/ss免费账号/
2025/12/12 22:05:16: C:\Users\Administrator\scoop\apps\nodejs24\current\node.exe
2025/12/12 22:05:18: https://fan.380227.xyz/ss免费账号/
2025/12/12 23:06:18Extracted src: https://fan.380227.xyz/ss免费账号/
2025/12/12 23:06:15: C:\Users\Administrator\scoop\apps\nodejs24\current\node.exe
2025/12/12 23:06:18: https://fan.380227.xyz/ss免费账号/
2025/12/13 00:07:20Extracted src: https://fan.380227.xyz/ss免费账号/
2025/12/13 00:07:20: https://fan.380227.xyz/ss免费账号/
2025/12/13 00:07:17: C:\Users\Administrator\scoop\apps\nodejs24\current\node.exe
2025/12/13 01:08:26Extracted src: https://fan.380227.xyz/ss免费账号/
2025/12/13 01:08:16: C:\Users\Administrator\scoop\apps\nodejs24\current\node.exe
2025/12/13 01:08:26: https://fan.380227.xyz/ss免费账号/
2025/12/13 02:09:17Extracted src: https://fan.380227.xyz/ss免费账号/
2025/12/13 02:09:15: C:\Users\Administrator\scoop\apps\nodejs24\current\node.exe
2025/12/13 02:09:17: https://fan.380227.xyz/ss免费账号/
2025/12/13 03:10:16Extracted src: https://fan.380227.xyz/ss免费账号/
2025/12/13 03:10:15: C:\Users\Administrator\scoop\apps\nodejs24\current\node.exe
2025/12/13 03:10:16: https://fan.380227.xyz/ss免费账号/
2025/12/13 04:11:17Extracted src: https://fan.380227.xyz/ss免费账号/
2025/12/13 04:11:15: C:\Users\Administrator\scoop\apps\nodejs24\current\node.exe
2025/12/13 04:11:17: https://fan.380227.xyz/ss免费账号/
2025/12/13 05:12:17Extracted src: https://fan.380227.xyz/ss免费账号/
2025/12/13 05:12:15: C:\Users\Administrator\scoop\apps\nodejs24\current\node.exe
2025/12/13 05:12:17: https://fan.380227.xyz/ss免费账号/
2025/12/13 14:38:18Extracted src: https://fan.380227.xyz/ss免费账号/
2025/12/13 14:38:18: https://fan.380227.xyz/ss免费账号/
2025/12/13 14:38:16: C:\Users\Administrator\scoop\apps\nodejs24\current\node.exe
2025/12/13 16:40:21Extracted src: https://fan.380227.xyz/ss免费账号/
2025/12/13 16:40:18: C:\Users\Administrator\scoop\apps\nodejs24\current\node.exe
2025/12/13 16:40:21: https://fan.380227.xyz/ss免费账号/
2025/12/13 17:41:18Extracted src: https://fan.380227.xyz/ss免费账号/
2025/12/13 17:41:15: C:\Users\Administrator\scoop\apps\nodejs24\current\node.exe
2025/12/13 17:41:18: https://fan.380227.xyz/ss免费账号/
2025/12/13 19:42:31Extracted src: https://fan.380227.xyz/ss免费账号/
2025/12/13 19:42:29: C:\Users\Administrator\scoop\apps\nodejs24\current\node.exe
2025/12/13 19:42:31: https://fan.380227.xyz/ss免费账号/
2025/12/13 20:43:17Extracted src: https://fan.380227.xyz/ss免费账号/
2025/12/13 20:43:17: https://fan.380227.xyz/ss免费账号/
2025/12/13 20:43:14: C:\Users\Administrator\scoop\apps\nodejs24\current\node.exe
2025/12/13 21:44:22Extracted src: https://fan.380227.xyz/ss免费账号/
2025/12/13 21:44:18: C:\Users\Administrator\scoop\apps\nodejs24\current\node.exe
2025/12/13 21:44:22: https://fan.380227.xyz/ss免费账号/
2025/12/13 22:45:17Extracted src: https://fan.380227.xyz/ss免费账号/
2025/12/13 22:45:17: https://fan.380227.xyz/ss免费账号/
2025/12/13 22:45:15: C:\Users\Administrator\scoop\apps\nodejs24\current\node.exe
2025/12/13 23:46:18Extracted src: https://fan.380227.xyz/ss免费账号/
2025/12/13 23:46:15: C:\Users\Administrator\scoop\apps\nodejs24\current\node.exe
2025/12/13 23:46:18: https://fan.380227.xyz/ss免费账号/
2025/12/14 00:47:19Extracted src: https://fan.380227.xyz/ss免费账号/
2025/12/14 00:47:15: C:\Users\Administrator\scoop\apps\nodejs24\current\node.exe
2025/12/14 00:47:19: https://fan.380227.xyz/ss免费账号/
2025/12/14 01:48:17Extracted src: https://fan.380227.xyz/ss免费账号/
2025/12/14 01:48:17: https://fan.380227.xyz/ss免费账号/
2025/12/14 01:48:14: C:\Users\Administrator\scoop\apps\nodejs24\current\node.exe
2025/12/14 14:43:19Extracted src: https://fan.380227.xyz/ss免费账号/
2025/12/14 14:43:16: C:\Users\Administrator\scoop\apps\nodejs24\current\node.exe
2025/12/14 14:43:19: https://fan.380227.xyz/ss免费账号/
2025/12/14 15:44:22Extracted src: https://fan.380227.xyz/ss免费账号/
2025/12/14 15:44:16: C:\Users\Administrator\scoop\apps\nodejs24\current\node.exe
2025/12/14 15:44:22: https://fan.380227.xyz/ss免费账号/
2025/12/14 15:49:16Extracted src: https://fan.380227.xyz/ss免费账号/
2025/12/14 15:49:14: C:\Users\Administrator\scoop\apps\nodejs24\current\node.exe
2025/12/14 15:49:16: https://fan.380227.xyz/ss免费账号/
2025/12/14 16:50:20Extracted src: https://fan.380227.xyz/ss免费账号/
2025/12/14 16:50:15: C:\Users\Administrator\scoop\apps\nodejs24\current\node.exe
2025/12/14 16:50:20: https://fan.380227.xyz/ss免费账号/
2025/12/14 17:51:17Extracted src: https://fan.380227.xyz/ss免费账号/
2025/12/14 17:51:17: https://fan.380227.xyz/ss免费账号/
2025/12/14 17:51:15: C:\Users\Administrator\scoop\apps\nodejs24\current\node.exe
2025/12/14 18:52:20Extracted src: https://fan.380227.xyz/ss免费账号/
2025/12/14 18:52:15: C:\Users\Administrator\scoop\apps\nodejs24\current\node.exe
2025/12/14 18:52:20: https://fan.380227.xyz/ss免费账号/
2025/12/14 19:53:18Extracted src: https://fan.380227.xyz/ss免费账号/
2025/12/14 19:53:15: C:\Users\Administrator\scoop\apps\nodejs24\current\node.exe
2025/12/14 19:53:18: https://fan.380227.xyz/ss免费账号/
2025/12/14 20:54:20Extracted src: https://fan.380227.xyz/ss免费账号/
2025/12/14 20:54:15: C:\Users\Administrator\scoop\apps\nodejs24\current\node.exe
2025/12/14 20:54:20: https://fan.380227.xyz/ss免费账号/
2025/12/14 21:55:20Extracted src: https://fan.380227.xyz/ss免费账号/
2025/12/14 21:55:20: https://fan.380227.xyz/ss免费账号/
2025/12/14 21:55:16: C:\Users\Administrator\scoop\apps\nodejs24\current\node.exe
2025/12/14 22:56:17Extracted src: https://fan.380227.xyz/ss免费账号/
2025/12/14 22:56:14: C:\Users\Administrator\scoop\apps\nodejs24\current\node.exe
2025/12/14 22:56:17: https://fan.380227.xyz/ss免费账号/
2025/12/15 09:33:47Extracted src: https://fan.380227.xyz/ss免费账号/
2025/12/15 09:33:47: https://fan.380227.xyz/ss免费账号/
2025/12/15 09:33:43: C:\Users\Administrator\scoop\apps\nodejs24\current\node.exe
2025/12/15 10:34:17Extracted src: https://fan.380227.xyz/ss免费账号/
2025/12/15 10:34:15: C:\Users\Administrator\scoop\apps\nodejs24\current\node.exe
2025/12/15 10:34:17: https://fan.380227.xyz/ss免费账号/
2025/12/15 11:35:17Extracted src: https://fan.380227.xyz/ss免费账号/
2025/12/15 11:35:13: C:\Users\Administrator\scoop\apps\nodejs24\current\node.exe
2025/12/15 11:35:17: https://fan.380227.xyz/ss免费账号/
2025/12/15 12:40:03Extracted src: https://fan.380227.xyz/ss免费账号/
2025/12/15 12:40:01: C:\Users\Administrator\scoop\apps\nodejs24\current\node.exe
2025/12/15 12:40:03: https://fan.380227.xyz/ss免费账号/
2025/12/15 13:40:53Extracted src: https://fan.380227.xyz/ss免费账号/
2025/12/15 13:40:49: C:\Users\Administrator\scoop\apps\nodejs24\current\node.exe
2025/12/15 13:40:53: https://fan.380227.xyz/ss免费账号/
2025/12/15 14:41:51Extracted src: https://fan.380227.xyz/ss免费账号/
2025/12/15 14:41:49: C:\Users\Administrator\scoop\apps\nodejs24\current\node.exe
2025/12/15 14:41:51: https://fan.380227.xyz/ss免费账号/
2025/12/15 15:42:53Extracted src: https://fan.380227.xyz/ss免费账号/
2025/12/15 15:42:50: C:\Users\Administrator\scoop\apps\nodejs24\current\node.exe
2025/12/15 15:42:53: https://fan.380227.xyz/ss免费账号/
2025/12/15 16:43:52Extracted src: https://fan.380227.xyz/ss免费账号/
2025/12/15 16:43:49: C:\Users\Administrator\scoop\apps\nodejs24\current\node.exe
2025/12/15 16:43:52: https://fan.380227.xyz/ss免费账号/
2025/12/15 17:44:51Extracted src: https://fan.380227.xyz/ss免费账号/
2025/12/15 17:44:49: C:\Users\Administrator\scoop\apps\nodejs24\current\node.exe
2025/12/15 17:44:51: https://fan.380227.xyz/ss免费账号/
2025/12/15 18:45:52Extracted src: https://fan.380227.xyz/ss免费账号/
2025/12/15 18:45:52: https://fan.380227.xyz/ss免费账号/
2025/12/15 18:45:49: C:\Users\Administrator\scoop\apps\nodejs24\current\node.exe
2025/12/15 19:46:52Extracted src: https://fan.380227.xyz/ss免费账号/
2025/12/15 19:46:49: C:\Users\Administrator\scoop\apps\nodejs24\current\node.exe
2025/12/15 19:46:52: https://fan.380227.xyz/ss免费账号/
2025/12/15 20:47:57Extracted src: https://fan.380227.xyz/ss免费账号/
2025/12/15 20:47:57: https://fan.380227.xyz/ss免费账号/
2025/12/15 20:47:55: C:\Users\Administrator\scoop\apps\nodejs24\current\node.exe
2025/12/15 21:48:59Extracted src: https://fan.380227.xyz/ss免费账号/
2025/12/15 21:48:55: C:\Users\Administrator\scoop\apps\nodejs24\current\node.exe
2025/12/15 21:48:59: https://fan.380227.xyz/ss免费账号/
2025/12/15 22:50:05Extracted src: https://fan.380227.xyz/ss免费账号/
2025/12/15 22:50:05: https://fan.380227.xyz/ss免费账号/
2025/12/15 22:49:58: C:\Users\Administrator\scoop\apps\nodejs24\current\node.exe
2025/12/15 23:50:58Extracted src: https://fan.380227.xyz/ss免费账号/
2025/12/15 23:50:55: C:\Users\Administrator\scoop\apps\nodejs24\current\node.exe
2025/12/15 23:50:58: https://fan.380227.xyz/ss免费账号/
2025/12/16 00:52:02Extracted src: https://fan.380227.xyz/ss免费账号/
2025/12/16 00:52:02: https://fan.380227.xyz/ss免费账号/
2025/12/16 00:51:59: C:\Users\Administrator\scoop\apps\nodejs24\current\node.exe
2025/12/16 01:52:58Extracted src: https://fan.380227.xyz/ss免费账号/
2025/12/16 01:52:55: C:\Users\Administrator\scoop\apps\nodejs24\current\node.exe
2025/12/16 01:52:58: https://fan.380227.xyz/ss免费账号/
2025/12/16 13:32:43Extracted src: https://fan.380227.xyz/ss免费账号/
2025/12/16 13:32:40: C:\Users\Administrator\scoop\apps\nodejs24\current\node.exe
2025/12/16 13:32:43: https://fan.380227.xyz/ss免费账号/
2025/12/16 14:33:02Extracted src: https://fan.380227.xyz/ss免费账号/
2025/12/16 14:33:02: https://fan.380227.xyz/ss免费账号/
2025/12/16 14:33:00: C:\Users\Administrator\scoop\apps\nodejs24\current\node.exe
2025/12/16 15:34:04Extracted src: https://fan.380227.xyz/ss免费账号/
2025/12/16 15:33:58: C:\Users\Administrator\scoop\apps\nodejs24\current\node.exe
2025/12/16 15:34:04: https://fan.380227.xyz/ss免费账号/
2025/12/16 16:35:06Extracted src: https://fan.380227.xyz/ss免费账号/
2025/12/16 16:35:00: C:\Users\Administrator\scoop\apps\nodejs24\current\node.exe
2025/12/16 16:35:06: https://fan.380227.xyz/ss免费账号/
2025/12/16 17:36:02Extracted src: https://fan.380227.xyz/ss免费账号/
2025/12/16 17:35:59: C:\Users\Administrator\scoop\apps\nodejs24\current\node.exe
2025/12/16 17:36:02: https://fan.380227.xyz/ss免费账号/
2025/12/16 19:38:04Extracted src: https://fan.380227.xyz/ss免费账号/
2025/12/16 19:37:59: C:\Users\Administrator\scoop\apps\nodejs24\current\node.exe
2025/12/16 19:38:05: https://fan.380227.xyz/ss免费账号/
2025/12/16 20:39:03Extracted src: https://fan.380227.xyz/ss免费账号/
2025/12/16 20:38:59: C:\Users\Administrator\scoop\apps\nodejs24\current\node.exe
2025/12/16 20:39:04: https://fan.380227.xyz/ss免费账号/
2025/12/16 21:40:02Extracted src: https://fan.380227.xyz/ss免费账号/
2025/12/16 21:39:58: C:\Users\Administrator\scoop\apps\nodejs24\current\node.exe
2025/12/16 21:40:02: https://fan.380227.xyz/ss免费账号/
2025/12/16 22:41:01Extracted src: https://fan.380227.xyz/ss免费账号/
2025/12/16 22:41:01: https://fan.380227.xyz/ss免费账号/
2025/12/16 22:40:59: C:\Users\Administrator\scoop\apps\nodejs24\current\node.exe
2025/12/16 23:42:02Extracted src: https://fan.380227.xyz/ss免费账号/
2025/12/16 23:42:00: C:\Users\Administrator\scoop\apps\nodejs24\current\node.exe
2025/12/16 23:42:03: https://fan.380227.xyz/ss免费账号/
2025/12/17 00:43:03Extracted src: https://fan.380227.xyz/ss免费账号/
2025/12/17 00:43:03: https://fan.380227.xyz/ss免费账号/
2025/12/17 00:42:59: C:\Users\Administrator\scoop\apps\nodejs24\current\node.exe
2025/12/17 12:09:01Extracted src: https://fan.380227.xyz/ss免费账号/
2025/12/17 12:08:58: C:\Users\Administrator\scoop\apps\nodejs24\current\node.exe
2025/12/17 12:09:01: https://fan.380227.xyz/ss免费账号/
2025/12/17 13:10:06Extracted src: https://fan.380227.xyz/ss免费账号/
2025/12/17 13:10:03: C:\Users\Administrator\scoop\apps\nodejs24\current\node.exe
2025/12/17 13:10:06: https://fan.380227.xyz/ss免费账号/
2025/12/17 14:11:01Extracted src: https://fan.380227.xyz/ss免费账号/
2025/12/17 14:10:58: C:\Users\Administrator\scoop\apps\nodejs24\current\node.exe
2025/12/17 14:11:01: https://fan.380227.xyz/ss免费账号/
2025/12/17 15:12:00Extracted src: https://fan.380227.xyz/ss免费账号/
2025/12/17 15:11:58: C:\Users\Administrator\scoop\apps\nodejs24\current\node.exe
2025/12/17 15:12:00: https://fan.380227.xyz/ss免费账号/
2025/12/17 16:13:03Extracted src: https://fan.380227.xyz/ss免费账号/
2025/12/17 16:12:59: C:\Users\Administrator\scoop\apps\nodejs24\current\node.exe
2025/12/17 16:13:03: https://fan.380227.xyz/ss免费账号/
2025/12/17 17:14:03Extracted src: https://fan.380227.xyz/ss免费账号/
2025/12/17 17:13:58: C:\Users\Administrator\scoop\apps\nodejs24\current\node.exe
2025/12/17 17:14:03: https://fan.380227.xyz/ss免费账号/
2025/12/17 18:15:03Extracted src: https://fan.380227.xyz/ss免费账号/
2025/12/17 18:14:58: C:\Users\Administrator\scoop\apps\nodejs24\current\node.exe
2025/12/17 18:15:03: https://fan.380227.xyz/ss免费账号/
2025/12/17 19:16:00Extracted src: https://fan.380227.xyz/ss免费账号/
2025/12/17 19:15:58: C:\Users\Administrator\scoop\apps\nodejs24\current\node.exe
2025/12/17 19:16:00: https://fan.380227.xyz/ss免费账号/
2025/12/17 20:17:06Extracted src: https://fan.380227.xyz/ss免费账号/
2025/12/17 20:17:01: C:\Users\Administrator\scoop\apps\nodejs24\current\node.exe
2025/12/17 20:17:06: https://fan.380227.xyz/ss免费账号/
2025/12/17 21:18:00Extracted src: https://fan.380227.xyz/ss免费账号/
2025/12/17 21:17:58: C:\Users\Administrator\scoop\apps\nodejs24\current\node.exe
2025/12/17 21:18:00: https://fan.380227.xyz/ss免费账号/
2025/12/17 22:18:47Extracted src: https://fan.380227.xyz/ss免费账号/
2025/12/17 22:18:47: https://fan.380227.xyz/ss免费账号/
2025/12/17 22:18:45: C:\Users\Administrator\scoop\apps\nodejs24\current\node.exe
2025/12/17 23:19:08Extracted src: https://fan.380227.xyz/ss免费账号/
2025/12/17 23:19:01: C:\Users\Administrator\scoop\apps\nodejs24\current\node.exe
2025/12/17 23:19:09: https://fan.380227.xyz/ss免费账号/
2025/12/18 11:26:11Extracted src: https://fan.380227.xyz/ss免费账号/
2025/12/18 11:26:09: C:\Users\Administrator\scoop\apps\nodejs24\current\node.exe
2025/12/18 11:26:11: https://fan.380227.xyz/ss免费账号/
2025/12/18 12:26:55Extracted src: https://fan.380227.xyz/ss免费账号/
2025/12/18 12:26:49: C:\Users\Administrator\scoop\apps\nodejs24\current\node.exe
2025/12/18 12:26:55: https://fan.380227.xyz/ss免费账号/
2025/12/18 13:27:53Extracted src: https://fan.380227.xyz/ss免费账号/
2025/12/18 13:27:47: C:\Users\Administrator\scoop\apps\nodejs24\current\node.exe
2025/12/18 13:27:53: https://fan.380227.xyz/ss免费账号/
2025/12/18 15:29:50Extracted src: https://fan.380227.xyz/ss免费账号/
2025/12/18 15:29:48: C:\Users\Administrator\scoop\apps\nodejs24\current\node.exe
2025/12/18 15:29:50: https://fan.380227.xyz/ss免费账号/
2025/12/18 16:30:49Extracted src: https://fan.380227.xyz/ss免费账号/
2025/12/18 16:30:47: C:\Users\Administrator\scoop\apps\nodejs24\current\node.exe
2025/12/18 16:30:49: https://fan.380227.xyz/ss免费账号/
2025/12/18 17:31:49Extracted src: https://fan.380227.xyz/ss免费账号/
2025/12/18 17:31:46: C:\Users\Administrator\scoop\apps\nodejs24\current\node.exe
2025/12/18 17:31:49: https://fan.380227.xyz/ss免费账号/
2025/12/18 18:32:50Extracted src: https://fan.380227.xyz/ss免费账号/
2025/12/18 18:32:47: C:\Users\Administrator\scoop\apps\nodejs24\current\node.exe
2025/12/18 18:32:50: https://fan.380227.xyz/ss免费账号/
2025/12/18 19:33:50Extracted src: https://fan.380227.xyz/ss免费账号/
2025/12/18 19:33:47: C:\Users\Administrator\scoop\apps\nodejs24\current\node.exe
2025/12/18 19:33:50: https://fan.380227.xyz/ss免费账号/
2025/12/18 20:34:50Extracted src: https://fan.380227.xyz/ss免费账号/
2025/12/18 20:34:49: C:\Users\Administrator\scoop\apps\nodejs24\current\node.exe
2025/12/18 20:34:51: https://fan.380227.xyz/ss免费账号/
2025/12/18 21:35:48Extracted src: https://fan.380227.xyz/ss免费账号/
2025/12/18 21:35:47: C:\Users\Administrator\scoop\apps\nodejs24\current\node.exe
2025/12/18 21:35:49: https://fan.380227.xyz/ss免费账号/
2025/12/18 22:36:50Extracted src: https://fan.380227.xyz/ss免费账号/
2025/12/18 22:36:47: C:\Users\Administrator\scoop\apps\nodejs24\current\node.exe
2025/12/18 22:36:50: https://fan.380227.xyz/ss免费账号/
2025/12/18 23:37:51Extracted src: https://fan.380227.xyz/ss免费账号/
2025/12/18 23:37:48: C:\Users\Administrator\scoop\apps\nodejs24\current\node.exe
2025/12/18 23:37:51: https://fan.380227.xyz/ss免费账号/
2025/12/19 00:38:50Extracted src: https://fan.380227.xyz/ss免费账号/
2025/12/19 00:38:47: C:\Users\Administrator\scoop\apps\nodejs24\current\node.exe
2025/12/19 00:38:50: https://fan.380227.xyz/ss免费账号/
2025/12/19 08:04:41Extracted src: https://fan.380227.xyz/ss免费账号/
2025/12/19 08:04:39: C:\Users\Administrator\scoop\apps\nodejs24\current\node.exe
2025/12/19 08:04:41: https://fan.380227.xyz/ss免费账号/
2025/12/19 09:05:20Extracted src: https://fan.380227.xyz/ss免费账号/
2025/12/19 09:05:20: https://fan.380227.xyz/ss免费账号/
2025/12/19 09:05:18: C:\Users\Administrator\scoop\apps\nodejs24\current\node.exe
2025/12/19 10:06:26Extracted src: https://fan.380227.xyz/ss免费账号/
2025/12/19 10:06:18: C:\Users\Administrator\scoop\apps\nodejs24\current\node.exe
2025/12/19 10:06:26: https://fan.380227.xyz/ss免费账号/
2025/12/19 11:07:22Extracted src: https://fan.380227.xyz/ss免费账号/
2025/12/19 11:07:19: C:\Users\Administrator\scoop\apps\nodejs24\current\node.exe
2025/12/19 11:07:22: https://fan.380227.xyz/ss免费账号/
2025/12/19 14:46:20Extracted src: https://fan.380227.xyz/ss免费账号/
2025/12/19 14:46:18: C:\Users\Administrator\scoop\apps\nodejs24\current\node.exe
2025/12/19 14:46:21: https://fan.380227.xyz/ss免费账号/
2025/12/19 15:47:24Extracted src: https://fan.380227.xyz/ss免费账号/
2025/12/19 15:47:19: C:\Users\Administrator\scoop\apps\nodejs24\current\node.exe
2025/12/19 15:47:24: https://fan.380227.xyz/ss免费账号/
2025/12/19 16:48:22Extracted src: https://fan.380227.xyz/ss免费账号/
2025/12/19 16:48:18: C:\Users\Administrator\scoop\apps\nodejs24\current\node.exe
2025/12/19 16:48:22: https://fan.380227.xyz/ss免费账号/
2025/12/19 17:49:24Extracted src: https://fan.380227.xyz/ss免费账号/
2025/12/19 17:49:24: https://fan.380227.xyz/ss免费账号/
2025/12/19 17:49:19: C:\Users\Administrator\scoop\apps\nodejs24\current\node.exe
2025/12/19 18:50:24Extracted src: https://fan.380227.xyz/ss免费账号/
2025/12/19 18:50:19: C:\Users\Administrator\scoop\apps\nodejs24\current\node.exe
2025/12/19 18:50:24: https://fan.380227.xyz/ss免费账号/
2025/12/19 20:26:10Extracted src: https://fan.380227.xyz/ss免费账号/
2025/12/19 20:26:03: C:\Users\Administrator\scoop\apps\nodejs24\current\node.exe
2025/12/19 20:26:10: https://fan.380227.xyz/ss免费账号/
2025/12/19 21:26:23Extracted src: https://fan.380227.xyz/ss免费账号/
2025/12/19 21:26:23: https://fan.380227.xyz/ss免费账号/
2025/12/19 21:26:20: C:\Users\Administrator\scoop\apps\nodejs24\current\node.exe
2025/12/19 22:28:22Extracted src: https://fan.380227.xyz/ss免费账号/
2025/12/19 22:28:19: C:\Users\Administrator\scoop\apps\nodejs24\current\node.exe
2025/12/19 22:28:22: https://fan.380227.xyz/ss免费账号/
2025/12/19 23:29:20Extracted src: https://fan.380227.xyz/ss免费账号/
2025/12/19 23:29:18: C:\Users\Administrator\scoop\apps\nodejs24\current\node.exe
2025/12/19 23:29:20: https://fan.380227.xyz/ss免费账号/
2025/12/20 00:31:22Extracted src: https://fan.380227.xyz/ss免费账号/
2025/12/20 00:31:22: https://fan.380227.xyz/ss免费账号/
2025/12/20 00:31:20: C:\Users\Administrator\scoop\apps\nodejs24\current\node.exe
2025/12/20 00:31:24Extracted src: https://fan.380227.xyz/ss免费账号/
2025/12/20 00:31:24: https://fan.380227.xyz/ss免费账号/
2025/12/20 00:31:22: C:\Users\Administrator\scoop\apps\nodejs24\current\node.exe
2025/12/20 01:32:24Extracted src: https://fan.380227.xyz/ss免费账号/
2025/12/20 01:32:19: C:\Users\Administrator\scoop\apps\nodejs24\current\node.exe
2025/12/20 01:32:24: https://fan.380227.xyz/ss免费账号/
2025/12/20 02:33:20Extracted src: https://fan.380227.xyz/ss免费账号/
2025/12/20 02:33:18: C:\Users\Administrator\scoop\apps\nodejs24\current\node.exe
2025/12/20 02:33:20: https://fan.380227.xyz/ss免费账号/
2025/12/20 03:34:21Extracted src: https://fan.380227.xyz/ss免费账号/
2025/12/20 03:34:18: C:\Users\Administrator\scoop\apps\nodejs24\current\node.exe
2025/12/20 03:34:21: https://fan.380227.xyz/ss免费账号/
2025/12/20 13:01:20Extracted src: https://fan.380227.xyz/ss免费账号/
2025/12/20 13:01:18: C:\Users\Administrator\scoop\apps\nodejs24\current\node.exe
2025/12/20 13:01:20: https://fan.380227.xyz/ss免费账号/
2025/12/20 14:02:31Extracted src: https://fan.380227.xyz/ss免费账号/
2025/12/20 14:02:20: C:\Users\Administrator\scoop\apps\nodejs24\current\node.exe
2025/12/20 14:02:31: https://fan.380227.xyz/ss免费账号/
2025/12/20 15:03:23Extracted src: https://fan.380227.xyz/ss免费账号/
2025/12/20 15:03:19: C:\Users\Administrator\scoop\apps\nodejs24\current\node.exe
2025/12/20 15:03:23: https://fan.380227.xyz/ss免费账号/
2025/12/20 15:14:05Extracted src: https://fan.380227.xyz/ss免费账号/
2025/12/20 15:14:02: C:\Users\Administrator\scoop\apps\nodejs24\current\node.exe
2025/12/20 15:14:05: https://fan.380227.xyz/ss免费账号/
2025/12/20 15:14:27Extracted src: https://fan.380227.xyz/ss免费账号/
2025/12/20 15:14:27: https://fan.380227.xyz/ss免费账号/
2025/12/20 15:14:23: C:\Users\Administrator\scoop\apps\nodejs24\current\node.exe
2025/12/20 15:15:08Extracted src: https://fan.380227.xyz/ss免费账号/
2025/12/20 15:15:08: https://fan.380227.xyz/ss免费账号/
2025/12/20 15:15:05: C:\Users\Administrator\scoop\apps\nodejs24\current\node.exe
2025/12/20 16:15:23Extracted src: https://fan.380227.xyz/ss免费账号/
2025/12/20 16:15:19: C:\Users\Administrator\scoop\apps\nodejs24\current\node.exe
2025/12/20 16:15:23: https://fan.380227.xyz/ss免费账号/
2025/12/20 17:16:21Extracted src: https://fan.380227.xyz/ss免费账号/
2025/12/20 17:16:19: C:\Users\Administrator\scoop\apps\nodejs24\current\node.exe
2025/12/20 17:16:22: https://fan.380227.xyz/ss免费账号/
2025/12/20 19:18:22Extracted src: https://fan.380227.xyz/ss免费账号/
2025/12/20 19:18:19: C:\Users\Administrator\scoop\apps\nodejs24\current\node.exe
2025/12/20 19:18:22: https://fan.380227.xyz/ss免费账号/
2025/12/20 20:19:21Extracted src: https://fan.380227.xyz/ss免费账号/
2025/12/20 20:19:18: C:\Users\Administrator\scoop\apps\nodejs24\current\node.exe
2025/12/20 20:19:21: https://fan.380227.xyz/ss免费账号/
2025/12/20 21:20:23Extracted src: https://fan.380227.xyz/ss免费账号/
2025/12/20 21:20:18: C:\Users\Administrator\scoop\apps\nodejs24\current\node.exe
2025/12/20 21:20:23: https://fan.380227.xyz/ss免费账号/
2025/12/20 22:21:21Extracted src: https://fan.380227.xyz/ss免费账号/
2025/12/20 22:21:19: C:\Users\Administrator\scoop\apps\nodejs24\current\node.exe
2025/12/20 22:21:21: https://fan.380227.xyz/ss免费账号/
2025/12/20 23:22:20Extracted src: https://fan.380227.xyz/ss免费账号/
2025/12/20 23:22:18: C:\Users\Administrator\scoop\apps\nodejs24\current\node.exe
2025/12/20 23:22:20: https://fan.380227.xyz/ss免费账号/
2025/12/21 00:23:27Extracted src: https://fan.380227.xyz/ss免费账号/
2025/12/21 00:23:24: C:\Users\Administrator\scoop\apps\nodejs24\current\node.exe
2025/12/21 00:23:27: https://fan.380227.xyz/ss免费账号/
2025/12/21 01:24:26Extracted src: https://fan.380227.xyz/ss免费账号/
2025/12/21 01:24:23: C:\Users\Administrator\scoop\apps\nodejs24\current\node.exe
2025/12/21 01:24:26: https://fan.380227.xyz/ss免费账号/
2025/12/21 09:28:59Extracted src: https://fan.380227.xyz/ss免费账号/
2025/12/21 09:28:57: C:\Users\Administrator\scoop\apps\nodejs24\current\node.exe
2025/12/21 09:28:59: https://fan.380227.xyz/ss免费账号/
2025/12/21 09:29:34Extracted src: https://fan.380227.xyz/ss免费账号/
2025/12/21 09:29:31: C:\Users\Administrator\scoop\apps\nodejs24\current\node.exe
2025/12/21 09:29:34: https://fan.380227.xyz/ss免费账号/
2025/12/21 09:29:55Extracted src: https://fan.380227.xyz/ss免费账号/
2025/12/21 09:29:53: C:\Users\Administrator\scoop\apps\nodejs24\current\node.exe
2025/12/21 09:29:55: https://fan.380227.xyz/ss免费账号/
2025/12/21 10:31:00Extracted src: https://fan.380227.xyz/ss免费账号/
2025/12/21 10:30:58: C:\Users\Administrator\scoop\apps\nodejs24\current\node.exe
2025/12/21 10:31:00: https://fan.380227.xyz/ss免费账号/
2025/12/21 11:32:05Extracted src: https://fan.380227.xyz/ss免费账号/
2025/12/21 11:32:03: C:\Users\Administrator\scoop\apps\nodejs24\current\node.exe
2025/12/21 11:32:05: https://fan.380227.xyz/ss免费账号/
2025/12/21 13:14:07Extracted src: https://fan.380227.xyz/ss免费账号/
2025/12/21 13:14:05: C:\Users\Administrator\scoop\apps\nodejs24\current\node.exe
2025/12/21 13:14:07: https://fan.380227.xyz/ss免费账号/
2025/12/21 13:14:11Extracted src: https://fan.380227.xyz/ss免费账号/
2025/12/21 13:14:09: C:\Users\Administrator\scoop\apps\nodejs24\current\node.exe
2025/12/21 13:14:11: https://fan.380227.xyz/ss免费账号/
2025/12/21 14:35:05Extracted src: https://fan.380227.xyz/ss免费账号/
2025/12/21 14:35:03: C:\Users\Administrator\scoop\apps\nodejs24\current\node.exe
2025/12/21 14:35:05: https://fan.380227.xyz/ss免费账号/
2025/12/21 15:36:12Extracted src: https://fan.380227.xyz/ss免费账号/
2025/12/21 15:36:06: C:\Users\Administrator\scoop\apps\nodejs24\current\node.exe
2025/12/21 15:36:12: https://fan.380227.xyz/ss免费账号/
2025/12/21 16:37:14Extracted src: https://fan.380227.xyz/ss免费账号/
2025/12/21 16:37:05: C:\Users\Administrator\scoop\apps\nodejs24\current\node.exe
2025/12/21 16:37:14: https://fan.380227.xyz/ss免费账号/
2025/12/21 17:38:12Extracted src: https://fan.380227.xyz/ss免费账号/
2025/12/21 17:38:12: https://fan.380227.xyz/ss免费账号/
2025/12/21 17:38:04: C:\Users\Administrator\scoop\apps\nodejs24\current\node.exe
2025/12/21 18:04:37Extracted src: https://fan.380227.xyz/ss免费账号/
2025/12/21 18:06:14Extracted src: https://fan.380227.xyz/ss免费账号/
2025/12/21 18:07:52Extracted src: https://fan.380227.xyz/ss免费账号/
2025/12/21 18:32:36Extracted src: https://fan.380227.xyz/ss免费账号/
2025/12/21 18:33:27Extracted src: https://fan.380227.xyz/ss免费账号/
2025/12/21 18:34:26Extracted src: https://fan.380227.xyz/ss免费账号/
2025/12/21 18:36:58Extracted src: https://fan.380227.xyz/ss免费账号/
2025/12/21 18:37:30Extracted src: https://fan.380227.xyz/ss免费账号/
2025/12/21 18:39:08Extracted src: https://fan.380227.xyz/ss免费账号/
2025/12/21 18:39:04: C:\Users\Administrator\scoop\apps\nodejs24\current\node.exe
2025/12/21 18:39:08: https://fan.380227.xyz/ss免费账号/
2025/12/21 18:40:16Extracted src: https://fan.380227.xyz/ss免费账号/
2025/12/21 18:41:46Extracted src: https://fan.380227.xyz/ss免费账号/
2025/12/21 18:42:48Extracted src: https://fan.380227.xyz/ss免费账号/
2025/12/21 20:34:37Extracted src: https://fan.380227.xyz/ss免费账号/
2025/12/21 20:41:14Extracted src: https://fan.380227.xyz/ss免费账号/
2025/12/21 20:41:05: C:\Users\Administrator\scoop\apps\nodejs24\current\node.exe
2025/12/21 20:41:14: https://fan.380227.xyz/ss免费账号/
2025/12/21 20:52:37Extracted src: https://fan.380227.xyz/ss免费账号/
2025/12/21 21:39:03Extracted src: https://fan.380227.xyz/ss免费账号/
2025/12/21 21:42:07Extracted src: https://fan.380227.xyz/ss免费账号/
2025/12/21 21:42:04: C:\Users\Administrator\scoop\apps\nodejs24\current\node.exe
2025/12/21 21:42:07: https://fan.380227.xyz/ss免费账号/
2025/12/21 21:50:47Extracted src: https://fan.380227.xyz/ss免费账号/
2025/12/21 21:50:52Fetch error: AxiosError: Request failed with status code 502
2025/12/21 21:51:42Extracted src: https://fan.380227.xyz/ss免费账号/
2025/12/21 21:51:52Fetch error: AxiosError: Request failed with status code 502
2025/12/21 21:52:18Extracted src: https://fan.380227.xyz/ss免费账号/
2025/12/21 21:52:23Fetch error: AxiosError: Request failed with status code 502
2025/12/21 21:52:35Extracted src: https://fan.380227.xyz/ss免费账号/
2025/12/21 23:15:45Extracted src: https://fan.380227.xyz/ss免费账号/
2025/12/21 23:15:42: C:\Users\Administrator\scoop\apps\nodejs24\current\node.exe
2025/12/21 23:15:45: https://fan.380227.xyz/v2ray免费账号/
2025/12/21 23:15:45: https://fan.380227.xyz/ss免费账号/
2025/12/21 23:15:51Extracted src: https://fan.380227.xyz/ss免费账号/
2025/12/21 23:15:49: C:\Users\Administrator\scoop\apps\nodejs24\current\node.exe
2025/12/21 23:15:51: https://fan.380227.xyz/ss免费账号/
2025/12/21 23:15:51: https://fan.380227.xyz/v2ray免费账号/
2025/12/22 00:15:21Extracted src: https://fan.380227.xyz/ss免费账号/
2025/12/22 00:15:16: C:\Users\Administrator\scoop\apps\nodejs24\current\node.exe
2025/12/22 00:15:21: https://fan.380227.xyz/ss免费账号/
2025/12/22 00:15:21: https://fan.380227.xyz/v2ray免费账号/
2025/12/22 11:22:18Extracted src: https://fan.380227.xyz/ss免费账号/
2025/12/22 11:22:18: https://fan.380227.xyz/ss免费账号/
2025/12/22 11:22:18: https://fan.380227.xyz/v2ray免费账号/
2025/12/22 11:22:15: C:\Users\Administrator\scoop\apps\nodejs24\current\node.exe
2025/12/22 11:27:01Extracted src: https://fan.380227.xyz/ss免费账号/
2025/12/22 11:53:45Extracted src: https://fan.380227.xyz/ss免费账号/
2025/12/22 11:53:42: C:\Users\Administrator\scoop\apps\nodejs24\current\node.exe
2025/12/22 11:53:45: https://fan.380227.xyz/ss免费账号/
2025/12/22 11:53:45: https://fan.380227.xyz/v2ray免费账号/
2025/12/22 11:55:31Extracted src: https://fan.380227.xyz/ss免费账号/
2025/12/22 11:55:29: C:\Users\Administrator\scoop\apps\nodejs24\current\node.exe
2025/12/22 11:55:31: https://fan.380227.xyz/ss免费账号/
2025/12/22 11:55:31: https://fan.380227.xyz/v2ray免费账号/
2025/12/22 12:56:07Extracted src: https://fan.380227.xyz/ss免费账号/
2025/12/22 12:56:03: C:\Users\Administrator\scoop\apps\nodejs24\current\node.exe
2025/12/22 12:56:07: https://fan.380227.xyz/ss免费账号/
2025/12/22 12:56:07: https://fan.380227.xyz/v2ray免费账号/
2025/12/22 13:35:12Extracted src: https://fan.380227.xyz/ss免费账号/
2025/12/22 13:35:08: C:\Users\Administrator\scoop\apps\nodejs24\current\node.exe
2025/12/22 13:35:12: https://fan.380227.xyz/ss免费账号/
2025/12/22 13:35:12: https://fan.380227.xyz/v2ray免费账号/
2025/12/22 14:36:08Extracted src: https://fan.380227.xyz/ss免费账号/
2025/12/22 14:36:04: C:\Users\Administrator\scoop\apps\nodejs24\current\node.exe
2025/12/22 14:36:08: https://fan.380227.xyz/ss免费账号/
2025/12/22 14:36:08: https://fan.380227.xyz/v2ray免费账号/
2025/12/22 15:37:06Extracted src: https://fan.380227.xyz/ss免费账号/
2025/12/22 15:37:03: C:\Users\Administrator\scoop\apps\nodejs24\current\node.exe
2025/12/22 15:37:06: https://fan.380227.xyz/ss免费账号/
2025/12/22 15:37:06: https://fan.380227.xyz/v2ray免费账号/
2025/12/22 16:38:06Extracted src: https://fan.380227.xyz/ss免费账号/
2025/12/22 16:38:06: https://fan.380227.xyz/ss免费账号/
2025/12/22 16:38:06: https://fan.380227.xyz/v2ray免费账号/
2025/12/22 16:38:03: C:\Users\Administrator\scoop\apps\nodejs24\current\node.exe
2025/12/22 17:39:09Extracted src: https://fan.380227.xyz/ss免费账号/
2025/12/22 17:39:03: C:\Users\Administrator\scoop\apps\nodejs24\current\node.exe
2025/12/22 17:39:09: https://fan.380227.xyz/ss免费账号/
2025/12/22 17:39:09: https://fan.380227.xyz/v2ray免费账号/
2025/12/22 18:37:19Extracted src: https://fan.380227.xyz/ss免费账号/
2025/12/22 18:39:25Extracted src: https://fan.380227.xyz/ss免费账号/
2025/12/22 18:39:25: https://fan.380227.xyz/ss免费账号/
2025/12/22 18:39:23: C:\Users\Administrator\scoop\apps\nodejs24\current\node.exe
2025/12/22 18:39:25: https://fan.380227.xyz/v2ray免费账号/
2025/12/22 18:45:07Extracted src: https://fan.380227.xyz/ss免费账号/
2025/12/22 18:50:50Extracted src: https://fan.380227.xyz/ss免费账号/
2025/12/22 18:50:47: C:\Users\Administrator\scoop\apps\nodejs24\current\node.exe
2025/12/22 18:50:50: https://fan.380227.xyz/ss免费账号/
2025/12/22 18:50:50: https://fan.380227.xyz/v2ray免费账号/
2025/12/22 19:51:09Extracted src: https://fan.380227.xyz/ss免费账号/
2025/12/22 19:51:07: C:\Users\Administrator\scoop\apps\nodejs24\current\node.exe
2025/12/22 19:51:09: https://fan.380227.xyz/ss免费账号/
2025/12/22 19:51:09: https://fan.380227.xyz/v2ray免费账号/
2025/12/22 21:53:12Extracted src: https://fan.380227.xyz/ss免费账号/
2025/12/22 21:53:07: C:\Users\Administrator\scoop\apps\nodejs24\current\node.exe
2025/12/22 21:53:12: https://fan.380227.xyz/v2ray免费账号/
2025/12/22 21:53:12: https://fan.380227.xyz/ss免费账号/
2025/12/22 22:54:09Extracted src: https://fan.380227.xyz/ss免费账号/
2025/12/22 22:54:09: https://fan.380227.xyz/ss免费账号/
2025/12/22 22:54:07: C:\Users\Administrator\scoop\apps\nodejs24\current\node.exe
2025/12/22 22:54:09: https://fan.380227.xyz/v2ray免费账号/
2025/12/22 23:55:14Extracted src: https://fan.380227.xyz/ss免费账号/
2025/12/22 23:55:07: C:\Users\Administrator\scoop\apps\nodejs24\current\node.exe
2025/12/22 23:55:14: https://fan.380227.xyz/ss免费账号/
2025/12/22 23:55:14: https://fan.380227.xyz/v2ray免费账号/
2025/12/23 00:56:10Extracted src: https://fan.380227.xyz/ss免费账号/
2025/12/23 00:56:08: C:\Users\Administrator\scoop\apps\nodejs24\current\node.exe
2025/12/23 00:56:10: https://fan.380227.xyz/ss免费账号/
2025/12/23 00:56:10: https://fan.380227.xyz/v2ray免费账号/
2025/12/23 01:57:11Extracted src: https://fan.380227.xyz/ss免费账号/
2025/12/23 01:57:11: https://fan.380227.xyz/ss免费账号/
2025/12/23 01:57:11: https://fan.380227.xyz/v2ray免费账号/
2025/12/23 01:57:09: C:\Users\Administrator\scoop\apps\nodejs24\current\node.exe
2025/12/23 02:58:09Extracted src: https://fan.380227.xyz/ss免费账号/
2025/12/23 02:58:07: C:\Users\Administrator\scoop\apps\nodejs24\current\node.exe
2025/12/23 02:58:09: https://fan.380227.xyz/ss免费账号/
2025/12/23 02:58:09: https://fan.380227.xyz/v2ray免费账号/
2025/12/23 11:19:31Extracted src: https://fan.380227.xyz/ss免费账号/
2025/12/23 11:19:29: C:\Users\Administrator\scoop\apps\nodejs24\current\node.exe
2025/12/23 11:19:31: https://fan.380227.xyz/v2ray免费账号/
2025/12/23 11:19:31: https://fan.380227.xyz/ss免费账号/
2025/12/23 12:20:13Extracted src: https://fan.380227.xyz/ss免费账号/
2025/12/23 12:20:09: C:\Users\Administrator\scoop\apps\nodejs24\current\node.exe
2025/12/23 12:20:13: https://fan.380227.xyz/v2ray免费账号/
2025/12/23 12:20:13: https://fan.380227.xyz/ss免费账号/
2025/12/23 13:21:15Extracted src: https://fan.380227.xyz/ss免费账号/
2025/12/23 13:21:08: C:\Users\Administrator\scoop\apps\nodejs24\current\node.exe
2025/12/23 13:21:15: https://fan.380227.xyz/ss免费账号/
2025/12/23 13:21:15: https://fan.380227.xyz/v2ray免费账号/
2025/12/23 14:22:15Extracted src: https://fan.380227.xyz/ss免费账号/
2025/12/23 14:22:10: C:\Users\Administrator\scoop\apps\nodejs24\current\node.exe
2025/12/23 14:22:16: https://fan.380227.xyz/ss免费账号/
2025/12/23 14:22:16: https://fan.380227.xyz/v2ray免费账号/
2025/12/23 16:23:31Extracted src: https://fan.380227.xyz/ss免费账号/
2025/12/23 16:23:29: C:\Users\Administrator\scoop\apps\nodejs24\current\node.exe
2025/12/23 16:23:31: https://fan.380227.xyz/ss免费账号/
2025/12/23 16:23:31: https://fan.380227.xyz/v2ray免费账号/
2025/12/23 16:55:19Extracted src: https://fan.380227.xyz/ss免费账号/
2025/12/23 16:55:17: C:\Users\Administrator\scoop\apps\nodejs24\current\node.exe
2025/12/23 16:55:19: https://fan.380227.xyz/ss免费账号/
2025/12/23 16:55:19: https://fan.380227.xyz/v2ray免费账号/
2025/12/23 16:56:19Extracted src: https://fan.380227.xyz/ss免费账号/
2025/12/23 16:56:17: C:\Users\Administrator\scoop\apps\nodejs24\current\node.exe
2025/12/23 16:56:19: https://fan.380227.xyz/v2ray免费账号/
2025/12/23 16:56:19: https://fan.380227.xyz/ss免费账号/
2025/12/23 17:15:03Extracted src: https://fan.380227.xyz/ss免费账号/
2025/12/23 17:15:00: C:\Users\Administrator\scoop\apps\nodejs24\current\node.exe
2025/12/23 17:15:03: https://fan.380227.xyz/v2ray免费账号/
2025/12/23 17:15:03: https://fan.380227.xyz/ss免费账号/
2025/12/23 17:15:27Extracted src: https://fan.380227.xyz/ss免费账号/
2025/12/23 17:15:25: C:\Users\Administrator\scoop\apps\nodejs24\current\node.exe
2025/12/23 17:15:27: https://fan.380227.xyz/v2ray免费账号/
2025/12/23 17:15:27: https://fan.380227.xyz/ss免费账号/
2025/12/23 18:16:13Extracted src: https://fan.380227.xyz/ss免费账号/
2025/12/23 18:16:11: C:\Users\Administrator\scoop\apps\nodejs24\current\node.exe
2025/12/23 18:16:14: https://fan.380227.xyz/v2ray免费账号/
2025/12/23 18:16:14: https://fan.380227.xyz/ss免费账号/
2025/12/23 19:02:40Extracted src: https://fan.380227.xyz/ss免费账号/
2025/12/23 19:02:38: C:\Users\Administrator\scoop\apps\nodejs24\current\node.exe
2025/12/23 19:02:40: https://fan.380227.xyz/ss免费账号/
2025/12/23 19:02:40: https://fan.380227.xyz/v2ray免费账号/
2025/12/23 20:03:16Extracted src: https://fan.380227.xyz/ss免费账号/
2025/12/23 20:03:16: https://fan.380227.xyz/ss免费账号/
2025/12/23 20:03:11: C:\Users\Administrator\scoop\apps\nodejs24\current\node.exe
2025/12/23 20:03:16: https://fan.380227.xyz/v2ray免费账号/
2025/12/23 21:03:36Extracted src: https://fan.380227.xyz/ss免费账号/
2025/12/23 21:03:36: https://fan.380227.xyz/ss免费账号/
2025/12/23 21:03:28: C:\Users\Administrator\scoop\apps\nodejs24\current\node.exe
2025/12/23 21:03:36: https://fan.380227.xyz/v2ray免费账号/
2025/12/23 22:04:14Extracted src: https://fan.380227.xyz/ss免费账号/
2025/12/23 22:04:12: C:\Users\Administrator\scoop\apps\nodejs24\current\node.exe
2025/12/23 22:04:14: https://fan.380227.xyz/ss免费账号/
2025/12/23 22:04:14: https://fan.380227.xyz/v2ray免费账号/
2025/12/23 23:05:14Extracted src: https://fan.380227.xyz/ss免费账号/
2025/12/23 23:05:11: C:\Users\Administrator\scoop\apps\nodejs24\current\node.exe
2025/12/23 23:05:14: https://fan.380227.xyz/ss免费账号/
2025/12/23 23:05:14: https://fan.380227.xyz/v2ray免费账号/
2025/12/24 00:06:14Extracted src: https://fan.380227.xyz/ss免费账号/
2025/12/24 00:06:11: C:\Users\Administrator\scoop\apps\nodejs24\current\node.exe
2025/12/24 00:06:14: https://fan.380227.xyz/ss免费账号/
2025/12/24 00:06:14: https://fan.380227.xyz/v2ray免费账号/
2025/12/24 01:07:14Extracted src: https://fan.380227.xyz/ss免费账号/
2025/12/24 01:07:11: C:\Users\Administrator\scoop\apps\nodejs24\current\node.exe
2025/12/24 01:07:14: https://fan.380227.xyz/ss免费账号/
2025/12/24 01:07:14: https://fan.380227.xyz/v2ray免费账号/
2025/12/24 11:15:35Extracted src: https://fan.380227.xyz/ss免费账号/
2025/12/24 11:15:33: C:\Users\Administrator\scoop\apps\nodejs24\current\node.exe
2025/12/24 11:15:35: https://fan.380227.xyz/ss免费账号/
2025/12/24 11:15:35: https://fan.380227.xyz/v2ray免费账号/
2025/12/24 13:17:38Extracted src: https://fan.380227.xyz/ss免费账号/
2025/12/24 13:17:29: C:\Users\Administrator\scoop\apps\nodejs24\current\node.exe
2025/12/24 13:17:38: https://fan.380227.xyz/ss免费账号/
2025/12/24 13:17:38: https://fan.380227.xyz/v2ray免费账号/
2025/12/24 14:18:28Extracted src: https://fan.380227.xyz/ss免费账号/
2025/12/24 14:18:25: C:\Users\Administrator\scoop\apps\nodejs24\current\node.exe
2025/12/24 14:18:29: https://fan.380227.xyz/v2ray免费账号/
2025/12/24 14:18:29: https://fan.380227.xyz/ss免费账号/
2025/12/24 15:19:28Extracted src: https://fan.380227.xyz/ss免费账号/
2025/12/24 15:19:28: https://fan.380227.xyz/ss免费账号/
2025/12/24 15:19:26: C:\Users\Administrator\scoop\apps\nodejs24\current\node.exe
2025/12/24 15:19:28: https://fan.380227.xyz/v2ray免费账号/
2025/12/24 16:20:31Extracted src: https://fan.380227.xyz/ss免费账号/
2025/12/24 16:20:31: https://fan.380227.xyz/ss免费账号/
2025/12/24 16:20:25: C:\Users\Administrator\scoop\apps\nodejs24\current\node.exe
2025/12/24 16:20:31: https://fan.380227.xyz/v2ray免费账号/
2025/12/24 17:21:27Extracted src: https://fan.380227.xyz/ss免费账号/
2025/12/24 17:21:25: C:\Users\Administrator\scoop\apps\nodejs24\current\node.exe
2025/12/24 17:21:27: https://fan.380227.xyz/ss免费账号/
2025/12/24 17:21:27: https://fan.380227.xyz/v2ray免费账号/
2025/12/24 18:22:27Extracted src: https://fan.380227.xyz/ss免费账号/
2025/12/24 18:22:27: https://fan.380227.xyz/ss免费账号/
2025/12/24 18:22:24: C:\Users\Administrator\scoop\apps\nodejs24\current\node.exe
2025/12/24 18:22:27: https://fan.380227.xyz/v2ray免费账号/
2025/12/24 19:23:28Extracted src: https://fan.380227.xyz/ss免费账号/
2025/12/24 19:23:25: C:\Users\Administrator\scoop\apps\nodejs24\current\node.exe
2025/12/24 19:23:28: https://fan.380227.xyz/ss免费账号/
2025/12/24 19:23:28: https://fan.380227.xyz/v2ray免费账号/
2025/12/24 20:24:29Extracted src: https://fan.380227.xyz/ss免费账号/
2025/12/24 20:24:26: C:\Users\Administrator\scoop\apps\nodejs24\current\node.exe
2025/12/24 20:24:29: https://fan.380227.xyz/v2ray免费账号/
2025/12/24 20:24:29: https://fan.380227.xyz/ss免费账号/
2025/12/24 21:25:31Extracted src: https://fan.380227.xyz/ss免费账号/
2025/12/24 21:25:28: C:\Users\Administrator\scoop\apps\nodejs24\current\node.exe
2025/12/24 21:25:31: https://fan.380227.xyz/ss免费账号/
2025/12/24 21:25:31: https://fan.380227.xyz/v2ray免费账号/
2025/12/24 22:26:05Extracted src: https://fan.380227.xyz/ss免费账号/
2025/12/24 22:25:58: C:\Users\Administrator\scoop\apps\nodejs24\current\node.exe
2025/12/24 22:26:05: https://fan.380227.xyz/v2ray免费账号/
2025/12/24 22:26:05: https://fan.380227.xyz/ss免费账号/
2025/12/24 23:26:29Extracted src: https://fan.380227.xyz/ss免费账号/
2025/12/24 23:26:27: C:\Users\Administrator\scoop\apps\nodejs24\current\node.exe
2025/12/24 23:26:30: https://fan.380227.xyz/v2ray免费账号/
2025/12/24 23:26:30: https://fan.380227.xyz/ss免费账号/
2025/12/25 00:27:28Extracted src: https://fan.380227.xyz/ss免费账号/
2025/12/25 00:27:26: C:\Users\Administrator\scoop\apps\nodejs24\current\node.exe
2025/12/25 00:27:28: https://fan.380227.xyz/ss免费账号/
2025/12/25 00:27:28: https://fan.380227.xyz/v2ray免费账号/
2025/12/25 01:28:31Extracted src: https://fan.380227.xyz/ss免费账号/
2025/12/25 01:28:27: C:\Users\Administrator\scoop\apps\nodejs24\current\node.exe
2025/12/25 01:28:31: https://fan.380227.xyz/ss免费账号/
2025/12/25 01:28:31: https://fan.380227.xyz/v2ray免费账号/
2025/12/25 02:29:29Extracted src: https://fan.380227.xyz/ss免费账号/
2025/12/25 02:29:26: C:\Users\Administrator\scoop\apps\nodejs24\current\node.exe
2025/12/25 02:29:30: https://fan.380227.xyz/ss免费账号/
2025/12/25 02:29:30: https://fan.380227.xyz/v2ray免费账号/
2025/12/25 11:00:49Extracted src: https://fan.380227.xyz/ss免费账号/
2025/12/25 11:00:46: C:\Users\Administrator\scoop\apps\nodejs24\current\node.exe
2025/12/25 11:00:49: https://fan.380227.xyz/ss免费账号/
2025/12/25 11:00:49: https://fan.380227.xyz/v2ray免费账号/
2025/12/25 12:01:01Extracted src: https://fan.380227.xyz/ss免费账号/
2025/12/25 12:00:59: C:\Users\Administrator\scoop\apps\nodejs24\current\node.exe
2025/12/25 12:01:01: https://fan.380227.xyz/ss免费账号/
2025/12/25 12:01:01: https://fan.380227.xyz/v2ray免费账号/
2025/12/25 13:57:27Extracted src: https://fan.380227.xyz/ss免费账号/
2025/12/25 13:57:24: C:\Users\Administrator\scoop\apps\nodejs24\current\node.exe
2025/12/25 13:57:27: https://fan.380227.xyz/ss免费账号/
2025/12/25 13:57:27: https://fan.380227.xyz/v2ray免费账号/
2025/12/25 14:58:13Extracted src: https://fan.380227.xyz/ss免费账号/
2025/12/25 14:58:11: C:\Users\Administrator\scoop\apps\nodejs24\current\node.exe
2025/12/25 14:58:13: https://fan.380227.xyz/ss免费账号/
2025/12/25 14:58:13: https://fan.380227.xyz/v2ray免费账号/
2025/12/25 15:59:09Extracted src: https://fan.380227.xyz/ss免费账号/
2025/12/25 15:59:09: https://fan.380227.xyz/ss免费账号/
2025/12/25 15:59:07: C:\Users\Administrator\scoop\apps\nodejs24\current\node.exe
2025/12/25 15:59:09: https://fan.380227.xyz/v2ray免费账号/
2025/12/25 17:00:11Extracted src: https://fan.380227.xyz/ss免费账号/
2025/12/25 17:00:07: C:\Users\Administrator\scoop\apps\nodejs24\current\node.exe
2025/12/25 17:00:11: https://fan.380227.xyz/ss免费账号/
2025/12/25 17:00:11: https://fan.380227.xyz/v2ray免费账号/
2025/12/25 18:01:09Extracted src: https://fan.380227.xyz/ss免费账号/
2025/12/25 18:01:07: C:\Users\Administrator\scoop\apps\nodejs24\current\node.exe
2025/12/25 18:01:09: https://fan.380227.xyz/ss免费账号/
2025/12/25 18:01:09: https://fan.380227.xyz/v2ray免费账号/
2025/12/25 19:02:13Extracted src: https://fan.380227.xyz/ss免费账号/
2025/12/25 19:02:09: C:\Users\Administrator\scoop\apps\nodejs24\current\node.exe
2025/12/25 19:02:13: https://fan.380227.xyz/ss免费账号/
2025/12/25 19:02:13: https://fan.380227.xyz/v2ray免费账号/
2025/12/25 21:04:15Extracted src: https://fan.380227.xyz/ss免费账号/
2025/12/25 21:04:07: C:\Users\Administrator\scoop\apps\nodejs24\current\node.exe
2025/12/25 21:04:15: https://fan.380227.xyz/v2ray免费账号/
2025/12/25 21:04:15: https://fan.380227.xyz/ss免费账号/
2025/12/25 22:05:09Extracted src: https://fan.380227.xyz/ss免费账号/
2025/12/25 22:05:06: C:\Users\Administrator\scoop\apps\nodejs24\current\node.exe
2025/12/25 22:05:09: https://fan.380227.xyz/v2ray免费账号/
2025/12/25 22:05:09: https://fan.380227.xyz/ss免费账号/
2025/12/25 23:06:09Extracted src: https://fan.380227.xyz/ss免费账号/
2025/12/25 23:06:06: C:\Users\Administrator\scoop\apps\nodejs24\current\node.exe
2025/12/25 23:06:09: https://fan.380227.xyz/v2ray免费账号/
2025/12/25 23:06:09: https://fan.380227.xyz/ss免费账号/
2025/12/26 00:07:09Extracted src: https://fan.380227.xyz/ss免费账号/
2025/12/26 00:07:07: C:\Users\Administrator\scoop\apps\nodejs24\current\node.exe
2025/12/26 00:07:09: https://fan.380227.xyz/ss免费账号/
2025/12/26 00:07:09: https://fan.380227.xyz/v2ray免费账号/
2025/12/26 10:10:37Extracted src: https://fan.380227.xyz/ss免费账号/
2025/12/26 10:10:35: C:\Users\Administrator\scoop\apps\nodejs24\current\node.exe
2025/12/26 10:10:37: https://fan.380227.xyz/v2ray免费账号/
2025/12/26 10:10:37: https://fan.380227.xyz/ss免费账号/
2025/12/26 12:12:06Extracted src: https://fan.380227.xyz/ss免费账号/
2025/12/26 12:12:03: C:\Users\Administrator\scoop\apps\nodejs24\current\node.exe
2025/12/26 12:12:06: https://fan.380227.xyz/ss免费账号/
2025/12/26 12:12:06: https://fan.380227.xyz/v2ray免费账号/
2025/12/26 13:13:04Extracted src: https://fan.380227.xyz/ss免费账号/
2025/12/26 13:13:02: C:\Users\Administrator\scoop\apps\nodejs24\current\node.exe
2025/12/26 13:13:04: https://fan.380227.xyz/ss免费账号/
2025/12/26 13:13:04: https://fan.380227.xyz/v2ray免费账号/
2025/12/26 14:14:11Extracted src: https://fan.380227.xyz/ss免费账号/
2025/12/26 14:14:11: https://fan.380227.xyz/ss免费账号/
2025/12/26 14:14:07: C:\Users\Administrator\scoop\apps\nodejs24\current\node.exe
2025/12/26 14:14:11: https://fan.380227.xyz/v2ray免费账号/
2025/12/26 15:15:10: C:\Users\Administrator\scoop\apps\nodejs24\current\node.exe
2025/12/26 15:18:40: null
2025/12/26 15:18:40: null
2025/12/26 15:18:40Fetch error: AxiosError: Network Error
2025/12/26 15:30:10Extracted src: https://fan.380227.xyz/ss免费账号/
2025/12/26 15:30:05: C:\Users\Administrator\scoop\apps\nodejs24\current\node.exe
2025/12/26 15:30:10: https://fan.380227.xyz/ss免费账号/
2025/12/26 15:30:10: https://fan.380227.xyz/v2ray免费账号/
2025/12/26 16:31:11Extracted src: https://fan.380227.xyz/ss免费账号/
2025/12/26 16:31:11: https://fan.380227.xyz/ss免费账号/
2025/12/26 16:31:06: C:\Users\Administrator\scoop\apps\nodejs24\current\node.exe
2025/12/26 16:31:11: https://fan.380227.xyz/v2ray免费账号/
2025/12/26 17:31:44Extracted src: https://fan.380227.xyz/ss免费账号/
2025/12/26 17:31:44: https://fan.380227.xyz/ss免费账号/
2025/12/26 17:31:40: C:\Users\Administrator\scoop\apps\nodejs24\current\node.exe
2025/12/26 17:31:44: https://fan.380227.xyz/v2ray免费账号/
2025/12/26 18:32:08Extracted src: https://fan.380227.xyz/ss免费账号/
2025/12/26 18:32:05: C:\Users\Administrator\scoop\apps\nodejs24\current\node.exe
2025/12/26 18:32:08: https://fan.380227.xyz/v2ray免费账号/
2025/12/26 18:32:08: https://fan.380227.xyz/ss免费账号/
2025/12/26 19:33:11Extracted src: https://fan.380227.xyz/ss免费账号/
2025/12/26 19:33:05: C:\Users\Administrator\scoop\apps\nodejs24\current\node.exe
2025/12/26 19:33:11: https://fan.380227.xyz/ss免费账号/
2025/12/26 19:33:11: https://fan.380227.xyz/v2ray免费账号/
2025/12/26 20:33:32Extracted src: https://fan.380227.xyz/ss免费账号/
2025/12/26 20:33:29: C:\Users\Administrator\scoop\apps\nodejs24\current\node.exe
2025/12/26 20:33:32: https://fan.380227.xyz/ss免费账号/
2025/12/26 20:33:32: https://fan.380227.xyz/v2ray免费账号/
2025/12/26 21:34:18Extracted src: https://fan.380227.xyz/ss免费账号/
2025/12/26 21:34:13: C:\Users\Administrator\scoop\apps\nodejs24\current\node.exe
2025/12/26 21:34:18: https://fan.380227.xyz/ss免费账号/
2025/12/26 21:34:18: https://fan.380227.xyz/v2ray免费账号/
2025/12/26 22:35:16Extracted src: https://fan.380227.xyz/ss免费账号/
2025/12/26 22:35:13: C:\Users\Administrator\scoop\apps\nodejs24\current\node.exe
2025/12/26 22:35:16: https://fan.380227.xyz/v2ray免费账号/
2025/12/26 22:35:16: https://fan.380227.xyz/ss免费账号/
2025/12/26 23:36:16Extracted src: https://fan.380227.xyz/ss免费账号/
2025/12/26 23:36:14: C:\Users\Administrator\scoop\apps\nodejs24\current\node.exe
2025/12/26 23:36:16: https://fan.380227.xyz/ss免费账号/
2025/12/26 23:36:16: https://fan.380227.xyz/v2ray免费账号/
2025/12/27 00:37:15Extracted src: https://fan.380227.xyz/ss免费账号/
2025/12/27 00:37:13: C:\Users\Administrator\scoop\apps\nodejs24\current\node.exe
2025/12/27 00:37:15: https://fan.380227.xyz/ss免费账号/
2025/12/27 00:37:15: https://fan.380227.xyz/v2ray免费账号/
2025/12/27 09:10:12Extracted src: https://fan.380227.xyz/ss免费账号/
2025/12/27 09:10:09: C:\Users\Administrator\scoop\apps\nodejs24\current\node.exe
2025/12/27 09:10:12: https://fan.380227.xyz/v2ray免费账号/
2025/12/27 09:10:12: https://fan.380227.xyz/ss免费账号/
2025/12/27 10:11:38Extracted src: https://fan.380227.xyz/ss免费账号/
2025/12/27 10:11:38: https://fan.380227.xyz/ss免费账号/
2025/12/27 10:11:38: https://fan.380227.xyz/v2ray免费账号/
2025/12/27 10:11:36: C:\Users\Administrator\scoop\apps\nodejs24\current\node.exe
2025/12/27 11:12:34Extracted src: https://fan.380227.xyz/ss免费账号/
2025/12/27 11:12:30: C:\Users\Administrator\scoop\apps\nodejs24\current\node.exe
2025/12/27 11:12:34: https://fan.380227.xyz/ss免费账号/
2025/12/27 11:12:34: https://fan.380227.xyz/v2ray免费账号/
2025/12/27 12:13:37Extracted src: https://fan.380227.xyz/ss免费账号/
2025/12/27 12:13:31: C:\Users\Administrator\scoop\apps\nodejs24\current\node.exe
2025/12/27 12:13:37: https://fan.380227.xyz/v2ray免费账号/
2025/12/27 12:13:37: https://fan.380227.xyz/ss免费账号/
2025/12/27 14:15:32Extracted src: https://fan.380227.xyz/ss免费账号/
2025/12/27 14:15:29: C:\Users\Administrator\scoop\apps\nodejs24\current\node.exe
2025/12/27 14:15:32: https://fan.380227.xyz/ss免费账号/
2025/12/27 14:15:32: https://fan.380227.xyz/v2ray免费账号/
2025/12/27 16:17:21Extracted src: https://fan.380227.xyz/ss免费账号/
2025/12/27 16:17:14: C:\Users\Administrator\scoop\apps\nodejs24\current\node.exe
2025/12/27 16:17:21: https://fan.380227.xyz/v2ray免费账号/
2025/12/27 16:17:21: https://fan.380227.xyz/ss免费账号/
2025/12/27 17:17:35Extracted src: https://fan.380227.xyz/ss免费账号/
2025/12/27 17:17:31: C:\Users\Administrator\scoop\apps\nodejs24\current\node.exe
2025/12/27 17:17:35: https://fan.380227.xyz/ss免费账号/
2025/12/27 17:17:36: https://fan.380227.xyz/v2ray免费账号/
2025/12/27 18:18:31Extracted src: https://fan.380227.xyz/ss免费账号/
2025/12/27 18:18:31: https://fan.380227.xyz/ss免费账号/
2025/12/27 18:18:31: https://fan.380227.xyz/v2ray免费账号/
2025/12/27 18:18:29: C:\Users\Administrator\scoop\apps\nodejs24\current\node.exe
2025/12/27 19:19:32Extracted src: https://fan.380227.xyz/ss免费账号/
2025/12/27 19:19:29: C:\Users\Administrator\scoop\apps\nodejs24\current\node.exe
2025/12/27 19:19:32: https://fan.380227.xyz/v2ray免费账号/
2025/12/27 19:19:32: https://fan.380227.xyz/ss免费账号/
2025/12/27 22:37:19Extracted src: https://fan.380227.xyz/ss免费账号/
2025/12/27 22:37:19: https://fan.380227.xyz/ss免费账号/
2025/12/27 22:36:32: C:\Users\Administrator\scoop\apps\nodejs24\current\node.exe
2025/12/27 22:37:19: https://fan.380227.xyz/v2ray免费账号/
2025/12/27 23:37:35Extracted src: https://fan.380227.xyz/ss免费账号/
2025/12/27 23:37:33: C:\Users\Administrator\scoop\apps\nodejs24\current\node.exe
2025/12/27 23:37:35: https://fan.380227.xyz/v2ray免费账号/
2025/12/27 23:37:35: https://fan.380227.xyz/ss免费账号/
2025/12/27 23:38:05Fetch error: AxiosError: timeout exceeded
2025/12/27 23:38:20Extracted src: https://fan.380227.xyz/ss免费账号/
2025/12/27 23:38:20: https://fan.380227.xyz/v2ray免费账号/
2025/12/27 23:38:12: C:\Users\Administrator\scoop\apps\nodejs24\current\node.exe
2025/12/27 23:38:20: https://fan.380227.xyz/ss免费账号/
2025/12/28 00:38:38Extracted src: https://fan.380227.xyz/ss免费账号/
2025/12/28 00:38:31: C:\Users\Administrator\scoop\apps\nodejs24\current\node.exe
2025/12/28 00:38:38: https://fan.380227.xyz/ss免费账号/
2025/12/28 00:38:38: https://fan.380227.xyz/v2ray免费账号/
2025/12/28 10:02:48Extracted src: https://fan.380227.xyz/ss免费账号/
2025/12/28 10:02:46: C:\Users\Administrator\scoop\apps\nodejs24\current\node.exe
2025/12/28 10:02:48: https://fan.380227.xyz/ss免费账号/
2025/12/28 10:02:48: https://fan.380227.xyz/v2ray免费账号/
2025/12/28 11:03:02Extracted src: https://fan.380227.xyz/ss免费账号/
2025/12/28 11:03:02: https://fan.380227.xyz/ss免费账号/
2025/12/28 11:03:00: C:\Users\Administrator\scoop\apps\nodejs24\current\node.exe
2025/12/28 11:03:02: https://fan.380227.xyz/v2ray免费账号/
2025/12/28 12:04:02Extracted src: https://fan.380227.xyz/ss免费账号/
2025/12/28 12:04:02: https://fan.380227.xyz/ss免费账号/
2025/12/28 12:03:59: C:\Users\Administrator\scoop\apps\nodejs24\current\node.exe
2025/12/28 12:04:02: https://fan.380227.xyz/v2ray免费账号/
2025/12/28 14:06:01Extracted src: https://fan.380227.xyz/ss免费账号/
2025/12/28 14:05:59: C:\Users\Administrator\scoop\apps\nodejs24\current\node.exe
2025/12/28 14:06:01: https://fan.380227.xyz/v2ray免费账号/
2025/12/28 14:06:01: https://fan.380227.xyz/ss免费账号/
2025/12/28 15:07:02Extracted src: https://fan.380227.xyz/ss免费账号/
2025/12/28 15:06:58: C:\Users\Administrator\scoop\apps\nodejs24\current\node.exe
2025/12/28 15:07:02: https://fan.380227.xyz/ss免费账号/
2025/12/28 15:07:02: https://fan.380227.xyz/v2ray免费账号/
2025/12/28 16:08:02Extracted src: https://fan.380227.xyz/ss免费账号/
2025/12/28 16:08:02: https://fan.380227.xyz/ss免费账号/
2025/12/28 16:07:59: C:\Users\Administrator\scoop\apps\nodejs24\current\node.exe
2025/12/28 16:08:02: https://fan.380227.xyz/v2ray免费账号/
2025/12/28 17:09:00Extracted src: https://fan.380227.xyz/ss免费账号/
2025/12/28 17:08:58: C:\Users\Administrator\scoop\apps\nodejs24\current\node.exe
2025/12/28 17:09:00: https://fan.380227.xyz/ss免费账号/
2025/12/28 17:09:00: https://fan.380227.xyz/v2ray免费账号/
2025/12/28 18:10:00Extracted src: https://fan.380227.xyz/ss免费账号/
2025/12/28 18:09:58: C:\Users\Administrator\scoop\apps\nodejs24\current\node.exe
2025/12/28 18:10:00: https://fan.380227.xyz/ss免费账号/
2025/12/28 18:10:00: https://fan.380227.xyz/v2ray免费账号/
2025/12/28 20:12:10Extracted src: https://fan.380227.xyz/ss免费账号/
2025/12/28 20:12:06: C:\Users\Administrator\scoop\apps\nodejs24\current\node.exe
2025/12/28 20:12:10: https://fan.380227.xyz/v2ray免费账号/
2025/12/28 20:12:10: https://fan.380227.xyz/ss免费账号/
2025/12/28 21:13:05Extracted src: https://fan.380227.xyz/ss免费账号/
2025/12/28 21:13:00: C:\Users\Administrator\scoop\apps\nodejs24\current\node.exe
2025/12/28 21:13:05: https://fan.380227.xyz/ss免费账号/
2025/12/28 21:13:05: https://fan.380227.xyz/v2ray免费账号/
2025/12/28 22:14:02Extracted src: https://fan.380227.xyz/ss免费账号/
2025/12/28 22:13:59: C:\Users\Administrator\scoop\apps\nodejs24\current\node.exe
2025/12/28 22:14:02: https://fan.380227.xyz/ss免费账号/
2025/12/28 22:14:02: https://fan.380227.xyz/v2ray免费账号/
2025/12/28 23:15:03Extracted src: https://fan.380227.xyz/ss免费账号/
2025/12/28 23:15:01: C:\Users\Administrator\scoop\apps\nodejs24\current\node.exe
2025/12/28 23:15:03: https://fan.380227.xyz/ss免费账号/
2025/12/28 23:15:03: https://fan.380227.xyz/v2ray免费账号/
2025/12/29 11:11:58Extracted src: https://fan.380227.xyz/ss免费账号/
2025/12/29 11:11:56: C:\Users\Administrator\scoop\apps\nodejs24\current\node.exe
2025/12/29 11:11:58: https://fan.380227.xyz/ss免费账号/
2025/12/29 11:11:58: https://fan.380227.xyz/v2ray免费账号/
2025/12/29 12:12:48Extracted src: https://fan.380227.xyz/ss免费账号/
2025/12/29 12:12:46: C:\Users\Administrator\scoop\apps\nodejs24\current\node.exe
2025/12/29 12:12:48: https://fan.380227.xyz/ss免费账号/
2025/12/29 12:12:48: https://fan.380227.xyz/v2ray免费账号/
2025/12/29 13:13:50Extracted src: https://fan.380227.xyz/ss免费账号/
2025/12/29 13:13:50: https://fan.380227.xyz/ss免费账号/
2025/12/29 13:13:46: C:\Users\Administrator\scoop\apps\nodejs24\current\node.exe
2025/12/29 13:13:50: https://fan.380227.xyz/v2ray免费账号/
2025/12/29 14:14:48Extracted src: https://fan.380227.xyz/ss免费账号/
2025/12/29 14:14:45: C:\Users\Administrator\scoop\apps\nodejs24\current\node.exe
2025/12/29 14:14:48: https://fan.380227.xyz/ss免费账号/
2025/12/29 14:14:48: https://fan.380227.xyz/v2ray免费账号/
2025/12/29 15:15:47Extracted src: https://fan.380227.xyz/ss免费账号/
2025/12/29 15:15:44: C:\Users\Administrator\scoop\apps\nodejs24\current\node.exe
2025/12/29 15:15:47: https://fan.380227.xyz/ss免费账号/
2025/12/29 15:15:47: https://fan.380227.xyz/v2ray免费账号/
2025/12/29 16:16:46Extracted src: https://fan.380227.xyz/ss免费账号/
2025/12/29 16:16:44: C:\Users\Administrator\scoop\apps\nodejs24\current\node.exe
2025/12/29 16:16:46: https://fan.380227.xyz/v2ray免费账号/
2025/12/29 16:16:46: https://fan.380227.xyz/ss免费账号/
2025/12/29 17:17:47Extracted src: https://fan.380227.xyz/ss免费账号/
2025/12/29 17:17:44: C:\Users\Administrator\scoop\apps\nodejs24\current\node.exe
2025/12/29 17:17:47: https://fan.380227.xyz/ss免费账号/
2025/12/29 17:17:47: https://fan.380227.xyz/v2ray免费账号/
2025/12/29 18:18:46Extracted src: https://fan.380227.xyz/ss免费账号/
2025/12/29 18:18:44: C:\Users\Administrator\scoop\apps\nodejs24\current\node.exe
2025/12/29 18:18:46: https://fan.380227.xyz/ss免费账号/
2025/12/29 18:18:46: https://fan.380227.xyz/v2ray免费账号/
2025/12/29 19:19:52Extracted src: https://fan.380227.xyz/ss免费账号/
2025/12/29 19:19:44: C:\Users\Administrator\scoop\apps\nodejs24\current\node.exe
2025/12/29 19:19:52: https://fan.380227.xyz/v2ray免费账号/
2025/12/29 19:19:52: https://fan.380227.xyz/ss免费账号/
2025/12/29 20:20:47Extracted src: https://fan.380227.xyz/ss免费账号/
2025/12/29 20:20:45: C:\Users\Administrator\scoop\apps\nodejs24\current\node.exe
2025/12/29 20:20:47: https://fan.380227.xyz/ss免费账号/
2025/12/29 20:20:47: https://fan.380227.xyz/v2ray免费账号/
2025/12/29 21:21:48Extracted src: https://fan.380227.xyz/ss免费账号/
2025/12/29 21:21:44: C:\Users\Administrator\scoop\apps\nodejs24\current\node.exe
2025/12/29 21:21:48: https://fan.380227.xyz/ss免费账号/
2025/12/29 21:21:48: https://fan.380227.xyz/v2ray免费账号/
2025/12/29 22:22:50Extracted src: https://fan.380227.xyz/ss免费账号/
2025/12/29 22:22:48: C:\Users\Administrator\scoop\apps\nodejs24\current\node.exe
2025/12/29 22:22:50: https://fan.380227.xyz/v2ray免费账号/
2025/12/29 22:22:50: https://fan.380227.xyz/ss免费账号/
2025/12/29 23:23:48Extracted src: https://fan.380227.xyz/ss免费账号/
2025/12/29 23:23:45: C:\Users\Administrator\scoop\apps\nodejs24\current\node.exe
2025/12/29 23:23:48: https://fan.380227.xyz/ss免费账号/
2025/12/29 23:23:48: https://fan.380227.xyz/v2ray免费账号/
2025/12/30 12:11:29Extracted src: https://fan.380227.xyz/ss免费账号/
2025/12/30 12:11:27: C:\Users\Administrator\scoop\apps\nodejs24\current\node.exe
2025/12/30 12:11:29: https://fan.380227.xyz/v2ray免费账号/
2025/12/30 12:11:29: https://fan.380227.xyz/ss免费账号/
2025/12/30 16:15:11Extracted src: https://fan.380227.xyz/ss免费账号/
2025/12/30 16:15:09: C:\Users\Administrator\scoop\apps\nodejs24\current\node.exe
2025/12/30 16:15:11: https://fan.380227.xyz/v2ray免费账号/
2025/12/30 16:15:11: https://fan.380227.xyz/ss免费账号/
2025/12/30 17:16:16Extracted src: https://fan.380227.xyz/ss免费账号/
2025/12/30 17:16:13: C:\Users\Administrator\scoop\apps\nodejs24\current\node.exe
2025/12/30 17:16:16: https://fan.380227.xyz/ss免费账号/
2025/12/30 17:16:16: https://fan.380227.xyz/v2ray免费账号/
2025/12/30 20:19:17Extracted src: https://fan.380227.xyz/ss免费账号/
2025/12/30 20:19:14: C:\Users\Administrator\scoop\apps\nodejs24\current\node.exe
2025/12/30 20:19:17: https://fan.380227.xyz/v2ray免费账号/
2025/12/30 20:19:17: https://fan.380227.xyz/ss免费账号/
2025/12/30 21:20:16Extracted src: https://fan.380227.xyz/ss免费账号/
2025/12/30 21:20:16: https://fan.380227.xyz/ss免费账号/
2025/12/30 21:20:14: C:\Users\Administrator\scoop\apps\nodejs24\current\node.exe
2025/12/30 21:20:16: https://fan.380227.xyz/v2ray免费账号/
2025/12/30 22:21:14Extracted src: https://fan.380227.xyz/ss免费账号/
2025/12/30 22:21:12: C:\Users\Administrator\scoop\apps\nodejs24\current\node.exe
2025/12/30 22:21:14: https://fan.380227.xyz/ss免费账号/
2025/12/30 22:21:14: https://fan.380227.xyz/v2ray免费账号/
2025/12/30 23:22:15Extracted src: https://fan.380227.xyz/ss免费账号/
2025/12/30 23:22:15: https://fan.380227.xyz/ss免费账号/
2025/12/30 23:22:13: C:\Users\Administrator\scoop\apps\nodejs24\current\node.exe
2025/12/30 23:22:15: https://fan.380227.xyz/v2ray免费账号/
2025/12/31 00:23:18Extracted src: https://fan.380227.xyz/ss免费账号/
2025/12/31 00:23:18: https://fan.380227.xyz/ss免费账号/
2025/12/31 00:23:14: C:\Users\Administrator\scoop\apps\nodejs24\current\node.exe
2025/12/31 00:23:18: https://fan.380227.xyz/v2ray免费账号/
2025/12/31 00:23:28Fetch error: AxiosError: Network Error
2025/12/31 11:24:15Extracted src: https://fan.380227.xyz/ss免费账号/
2025/12/31 11:24:12: C:\Users\Administrator\scoop\apps\nodejs24\current\node.exe
2025/12/31 11:24:15: https://fan.380227.xyz/v2ray免费账号/
2025/12/31 11:24:15: https://fan.380227.xyz/ss免费账号/
2025/12/31 12:25:17Extracted src: https://fan.380227.xyz/ss免费账号/
2025/12/31 12:25:12: C:\Users\Administrator\scoop\apps\nodejs24\current\node.exe
2025/12/31 12:25:17: https://fan.380227.xyz/ss免费账号/
2025/12/31 12:25:17: https://fan.380227.xyz/v2ray免费账号/
2025/12/31 13:26:14Extracted src: https://fan.380227.xyz/ss免费账号/
2025/12/31 13:26:12: C:\Users\Administrator\scoop\apps\nodejs24\current\node.exe
2025/12/31 13:26:14: https://fan.380227.xyz/v2ray免费账号/
2025/12/31 13:26:14: https://fan.380227.xyz/ss免费账号/
2025/12/31 15:28:16Extracted src: https://fan.380227.xyz/ss免费账号/
2025/12/31 15:28:16: https://fan.380227.xyz/ss免费账号/
2025/12/31 15:28:14: C:\Users\Administrator\scoop\apps\nodejs24\current\node.exe
2025/12/31 15:28:16: https://fan.380227.xyz/v2ray免费账号/
2025/12/31 16:29:18Extracted src: https://fan.380227.xyz/ss免费账号/
2025/12/31 16:29:14: C:\Users\Administrator\scoop\apps\nodejs24\current\node.exe
2025/12/31 16:29:18: https://fan.380227.xyz/ss免费账号/
2025/12/31 16:29:18: https://fan.380227.xyz/v2ray免费账号/
2025/12/31 17:34:15Extracted src: https://fan.380227.xyz/ss免费账号/
2025/12/31 17:34:14: C:\Users\Administrator\scoop\apps\nodejs24\current\node.exe
2025/12/31 17:34:15: https://fan.380227.xyz/v2ray免费账号/
2025/12/31 17:34:15: https://fan.380227.xyz/ss免费账号/
2025/12/31 23:34:18Extracted src: https://fan.380227.xyz/ss免费账号/
2025/12/31 23:34:16: C:\Users\Administrator\scoop\apps\nodejs24\current\node.exe
2025/12/31 23:34:18: https://fan.380227.xyz/v2ray免费账号/
2025/12/31 23:34:18: https://fan.380227.xyz/ss免费账号/
2026/1/1 00:35:18Extracted src: https://fan.380227.xyz/ss免费账号/
2026/1/1 00:35:13: C:\Users\Administrator\scoop\apps\nodejs24\current\node.exe
2026/1/1 00:35:18: https://fan.380227.xyz/v2ray免费账号/
2026/1/1 00:35:18: https://fan.380227.xyz/ss免费账号/
2026/1/1 01:36:21Extracted src: https://fan.380227.xyz/ss免费账号/
2026/1/1 01:36:15: C:\Users\Administrator\scoop\apps\nodejs24\current\node.exe
2026/1/1 01:36:21: https://fan.380227.xyz/ss免费账号/
2026/1/1 01:36:21: https://fan.380227.xyz/v2ray免费账号/
2026/1/1 11:23:36Extracted src: https://fan.380227.xyz/ss免费账号/
2026/1/1 11:23:36: https://fan.380227.xyz/ss免费账号/
2026/1/1 11:23:30: C:\Users\Administrator\scoop\apps\nodejs24\current\node.exe
2026/1/1 11:23:36: https://fan.380227.xyz/v2ray免费账号/
2026/1/1 12:24:08Extracted src: https://fan.380227.xyz/ss免费账号/
2026/1/1 12:24:05: C:\Users\Administrator\scoop\apps\nodejs24\current\node.exe
2026/1/1 12:24:08: https://fan.380227.xyz/v2ray免费账号/
2026/1/1 12:24:08: https://fan.380227.xyz/ss免费账号/
2026/1/1 13:25:19Extracted src: https://fan.380227.xyz/ss免费账号/
2026/1/1 13:25:14: C:\Users\Administrator\scoop\apps\nodejs24\current\node.exe
2026/1/1 13:25:19: https://fan.380227.xyz/v2ray免费账号/
2026/1/1 13:25:19: https://fan.380227.xyz/ss免费账号/
2026/1/1 14:13:02Extracted src: https://fan.380227.xyz/ss免费账号/
2026/1/1 14:12:59: C:\Users\Administrator\scoop\apps\nodejs24\current\node.exe
2026/1/1 14:13:02: https://fan.380227.xyz/ss免费账号/
2026/1/1 14:13:02: https://fan.380227.xyz/v2ray免费账号/
2026/1/1 14:13:39Extracted src: https://fan.380227.xyz/ss免费账号/
2026/1/1 14:13:37: C:\Users\Administrator\scoop\apps\nodejs24\current\node.exe
2026/1/1 14:13:39: https://fan.380227.xyz/v2ray免费账号/
2026/1/1 14:13:39: https://fan.380227.xyz/ss免费账号/
2026/1/1 15:14:16Extracted src: https://fan.380227.xyz/ss免费账号/
2026/1/1 15:14:13: C:\Users\Administrator\scoop\apps\nodejs24\current\node.exe
2026/1/1 15:14:16: https://fan.380227.xyz/v2ray免费账号/
2026/1/1 15:14:16: https://fan.380227.xyz/ss免费账号/
2026/1/1 16:15:16Extracted src: https://fan.380227.xyz/ss免费账号/
2026/1/1 16:15:13: C:\Users\Administrator\scoop\apps\nodejs24\current\node.exe
2026/1/1 16:15:16: https://fan.380227.xyz/ss免费账号/
2026/1/1 16:15:16: https://fan.380227.xyz/v2ray免费账号/
2026/1/1 17:16:18Extracted src: https://fan.380227.xyz/ss免费账号/
2026/1/1 17:16:18: https://fan.380227.xyz/ss免费账号/
2026/1/1 17:16:16: C:\Users\Administrator\scoop\apps\nodejs24\current\node.exe
2026/1/1 17:16:18: https://fan.380227.xyz/v2ray免费账号/
2026/1/1 18:17:18Extracted src: https://fan.380227.xyz/ss免费账号/
2026/1/1 18:17:16: C:\Users\Administrator\scoop\apps\nodejs24\current\node.exe
2026/1/1 18:17:18: https://fan.380227.xyz/ss免费账号/
2026/1/1 18:17:18: https://fan.380227.xyz/v2ray免费账号/
2026/1/1 19:18:21Extracted src: https://fan.380227.xyz/ss免费账号/
2026/1/1 19:18:17: C:\Users\Administrator\scoop\apps\nodejs24\current\node.exe
2026/1/1 19:18:21: https://fan.380227.xyz/ss免费账号/
2026/1/1 19:18:21: https://fan.380227.xyz/v2ray免费账号/
2026/1/1 21:20:19Extracted src: https://fan.380227.xyz/ss免费账号/
2026/1/1 21:20:16: C:\Users\Administrator\scoop\apps\nodejs24\current\node.exe
2026/1/1 21:20:19: https://fan.380227.xyz/v2ray免费账号/
2026/1/1 21:20:19: https://fan.380227.xyz/ss免费账号/
2026/1/1 22:21:23Extracted src: https://fan.380227.xyz/ss免费账号/
2026/1/1 22:21:17: C:\Users\Administrator\scoop\apps\nodejs24\current\node.exe
2026/1/1 22:21:23: https://fan.380227.xyz/v2ray免费账号/
2026/1/1 22:21:23: https://fan.380227.xyz/ss免费账号/
2026/1/1 23:22:19Extracted src: https://fan.380227.xyz/ss免费账号/
2026/1/1 23:22:16: C:\Users\Administrator\scoop\apps\nodejs24\current\node.exe
2026/1/1 23:22:19: https://fan.380227.xyz/v2ray免费账号/
2026/1/1 23:22:19: https://fan.380227.xyz/ss免费账号/
2026/1/2 10:00:17Extracted src: https://fan.380227.xyz/ss免费账号/
2026/1/2 10:00:15: C:\Users\Administrator\scoop\apps\nodejs24\current\node.exe
2026/1/2 10:00:17: https://fan.380227.xyz/ss免费账号/
2026/1/2 10:00:17: https://fan.380227.xyz/v2ray免费账号/
2026/1/2 10:00:27Fetch error: AxiosError: Network Error
2026/1/2 11:01:21Extracted src: https://fan.380227.xyz/ss免费账号/
2026/1/2 11:01:15: C:\Users\Administrator\scoop\apps\nodejs24\current\node.exe
2026/1/2 11:01:21: https://fan.380227.xyz/v2ray免费账号/
2026/1/2 11:01:21: https://fan.380227.xyz/ss免费账号/
2026/1/2 11:01:32Fetch error: AxiosError: Network Error
2026/1/2 12:38:17Extracted src: https://fan.380227.xyz/ss免费账号/
2026/1/2 12:38:15: C:\Users\Administrator\scoop\apps\nodejs24\current\node.exe
2026/1/2 12:38:17: https://fan.380227.xyz/ss免费账号/
2026/1/2 12:38:17: https://fan.380227.xyz/v2ray免费账号/
2026/1/2 12:38:28Fetch error: AxiosError: Network Error
2026/1/2 16:43:45Extracted src: https://fan.380227.xyz/ss免费账号/
2026/1/2 16:43:41: C:\Users\Administrator\scoop\apps\nodejs24\current\node.exe
2026/1/2 16:43:45: https://fan.380227.xyz/ss免费账号/
2026/1/2 16:43:45: https://fan.380227.xyz/v2ray免费账号/
2026/1/2 17:44:18Extracted src: https://fan.380227.xyz/ss免费账号/
2026/1/2 17:44:16: C:\Users\Administrator\scoop\apps\nodejs24\current\node.exe
2026/1/2 17:44:18: https://fan.380227.xyz/v2ray免费账号/
2026/1/2 17:44:18: https://fan.380227.xyz/ss免费账号/
2026/1/2 18:45:21Extracted src: https://fan.380227.xyz/ss免费账号/
2026/1/2 18:45:17: C:\Users\Administrator\scoop\apps\nodejs24\current\node.exe
2026/1/2 18:45:21: https://fan.380227.xyz/ss免费账号/
2026/1/2 18:45:21: https://fan.380227.xyz/v2ray免费账号/
2026/1/2 19:46:22Extracted src: https://fan.380227.xyz/ss免费账号/
2026/1/2 19:46:23: https://fan.380227.xyz/ss免费账号/
2026/1/2 19:46:20: C:\Users\Administrator\scoop\apps\nodejs24\current\node.exe
2026/1/2 19:46:23: https://fan.380227.xyz/v2ray免费账号/
2026/1/2 20:47:20Extracted src: https://fan.380227.xyz/ss免费账号/
2026/1/2 20:47:18: C:\Users\Administrator\scoop\apps\nodejs24\current\node.exe
2026/1/2 20:47:20: https://fan.380227.xyz/ss免费账号/
2026/1/2 20:47:20: https://fan.380227.xyz/v2ray免费账号/
2026/1/2 21:48:20Extracted src: https://fan.380227.xyz/ss免费账号/
2026/1/2 21:48:18: C:\Users\Administrator\scoop\apps\nodejs24\current\node.exe
2026/1/2 21:48:20: https://fan.380227.xyz/ss免费账号/
2026/1/2 21:48:20: https://fan.380227.xyz/v2ray免费账号/
2026/1/2 22:49:22Extracted src: https://fan.380227.xyz/ss免费账号/
2026/1/2 22:49:22: https://fan.380227.xyz/ss免费账号/
2026/1/2 22:49:19: C:\Users\Administrator\scoop\apps\nodejs24\current\node.exe
2026/1/2 22:49:22: https://fan.380227.xyz/v2ray免费账号/
2026/1/2 23:50:27Extracted src: https://fan.380227.xyz/ss免费账号/
2026/1/2 23:50:18: C:\Users\Administrator\scoop\apps\nodejs24\current\node.exe
2026/1/2 23:50:27: https://fan.380227.xyz/ss免费账号/
2026/1/2 23:50:27: https://fan.380227.xyz/v2ray免费账号/
2026/1/3 00:51:21Extracted src: https://fan.380227.xyz/ss免费账号/
2026/1/3 00:51:18: C:\Users\Administrator\scoop\apps\nodejs24\current\node.exe
2026/1/3 00:51:21: https://fan.380227.xyz/v2ray免费账号/
2026/1/3 00:51:21: https://fan.380227.xyz/ss免费账号/
2026/1/3 01:52:25Extracted src: https://fan.380227.xyz/ss免费账号/
2026/1/3 01:52:20: C:\Users\Administrator\scoop\apps\nodejs24\current\node.exe
2026/1/3 01:52:25: https://fan.380227.xyz/v2ray免费账号/
2026/1/3 01:52:25: https://fan.380227.xyz/ss免费账号/
2026/1/3 09:30:19Extracted src: https://fan.380227.xyz/ss免费账号/
2026/1/3 09:30:19: https://fan.380227.xyz/ss免费账号/
2026/1/3 09:30:17: C:\Users\Administrator\scoop\apps\nodejs24\current\node.exe
2026/1/3 09:30:19: https://fan.380227.xyz/v2ray免费账号/
2026/1/3 11:31:44Extracted src: https://fan.380227.xyz/ss免费账号/
2026/1/3 11:31:44: https://fan.380227.xyz/v2ray免费账号/
2026/1/3 11:31:42: C:\Users\Administrator\scoop\apps\nodejs24\current\node.exe
2026/1/3 11:31:44: https://fan.380227.xyz/ss免费账号/
2026/1/3 12:33:19Extracted src: https://fan.380227.xyz/ss免费账号/
2026/1/3 12:33:17: C:\Users\Administrator\scoop\apps\nodejs24\current\node.exe
2026/1/3 12:33:19: https://fan.380227.xyz/v2ray免费账号/
2026/1/3 12:33:19: https://fan.380227.xyz/ss免费账号/
2026/1/3 13:34:21Extracted src: https://fan.380227.xyz/ss免费账号/
2026/1/3 13:34:17: C:\Users\Administrator\scoop\apps\nodejs24\current\node.exe
2026/1/3 13:34:21: https://fan.380227.xyz/ss免费账号/
2026/1/3 13:34:21: https://fan.380227.xyz/v2ray免费账号/
2026/1/3 14:35:21Extracted src: https://fan.380227.xyz/ss免费账号/
2026/1/3 14:35:21: https://fan.380227.xyz/v2ray免费账号/
2026/1/3 14:35:18: C:\Users\Administrator\scoop\apps\nodejs24\current\node.exe
2026/1/3 14:35:21: https://fan.380227.xyz/ss免费账号/
2026/1/3 15:36:19Extracted src: https://fan.380227.xyz/ss免费账号/
2026/1/3 15:36:17: C:\Users\Administrator\scoop\apps\nodejs24\current\node.exe
2026/1/3 15:36:19: https://fan.380227.xyz/ss免费账号/
2026/1/3 15:36:19: https://fan.380227.xyz/v2ray免费账号/
2026/1/3 16:37:20Extracted src: https://fan.380227.xyz/ss免费账号/
2026/1/3 16:37:17: C:\Users\Administrator\scoop\apps\nodejs24\current\node.exe
2026/1/3 16:37:20: https://fan.380227.xyz/v2ray免费账号/
2026/1/3 16:37:20: https://fan.380227.xyz/ss免费账号/
2026/1/3 17:38:20Extracted src: https://fan.380227.xyz/ss免费账号/
2026/1/3 17:38:17: C:\Users\Administrator\scoop\apps\nodejs24\current\node.exe
2026/1/3 17:38:20: https://fan.380227.xyz/v2ray免费账号/
2026/1/3 17:38:20: https://fan.380227.xyz/ss免费账号/
2026/1/3 18:39:21Extracted src: https://fan.380227.xyz/ss免费账号/
2026/1/3 18:39:17: C:\Users\Administrator\scoop\apps\nodejs24\current\node.exe
2026/1/3 18:39:21: https://fan.380227.xyz/ss免费账号/
2026/1/3 18:39:21: https://fan.380227.xyz/v2ray免费账号/
2026/1/3 20:15:32Extracted src: https://fan.380227.xyz/ss免费账号/
2026/1/3 20:15:32: https://fan.380227.xyz/ss免费账号/
2026/1/3 20:15:32: https://fan.380227.xyz/v2ray免费账号/
2026/1/3 20:15:30: C:\Users\Administrator\scoop\apps\nodejs24\current\node.exe
2026/1/3 21:16:24Extracted src: https://fan.380227.xyz/ss免费账号/
2026/1/3 21:16:24: https://fan.380227.xyz/ss免费账号/
2026/1/3 21:16:18: C:\Users\Administrator\scoop\apps\nodejs24\current\node.exe
2026/1/3 21:16:24: https://fan.380227.xyz/v2ray免费账号/
2026/1/3 22:17:19Extracted src: https://fan.380227.xyz/ss免费账号/
2026/1/3 22:17:18: C:\Users\Administrator\scoop\apps\nodejs24\current\node.exe
2026/1/3 22:17:19: https://fan.380227.xyz/v2ray免费账号/
2026/1/3 22:17:19: https://fan.380227.xyz/ss免费账号/
2026/1/3 23:18:26Extracted src: https://fan.380227.xyz/ss免费账号/
2026/1/3 23:18:19: C:\Users\Administrator\scoop\apps\nodejs24\current\node.exe
2026/1/3 23:18:26: https://fan.380227.xyz/ss免费账号/
2026/1/3 23:18:26: https://fan.380227.xyz/v2ray免费账号/
2026/1/4 00:18:49Extracted src: https://fan.380227.xyz/ss免费账号/
2026/1/4 00:18:44: C:\Users\Administrator\scoop\apps\nodejs24\current\node.exe
2026/1/4 00:18:49: https://fan.380227.xyz/v2ray免费账号/
2026/1/4 00:18:49: https://fan.380227.xyz/ss免费账号/
2026/1/4 12:37:20Extracted src: https://fan.380227.xyz/ss免费账号/
2026/1/4 12:37:18: C:\Users\Administrator\scoop\apps\nodejs24\current\node.exe
2026/1/4 12:37:20: https://fan.380227.xyz/ss免费账号/
2026/1/4 12:37:20: https://fan.380227.xyz/v2ray免费账号/
2026/1/4 13:38:22Extracted src: https://fan.380227.xyz/ss免费账号/
2026/1/4 13:38:22: https://fan.380227.xyz/v2ray免费账号/
2026/1/4 13:38:20: C:\Users\Administrator\scoop\apps\nodejs24\current\node.exe
2026/1/4 13:38:22: https://fan.380227.xyz/ss免费账号/
2026/1/4 14:39:22Extracted src: https://fan.380227.xyz/ss免费账号/
2026/1/4 14:39:19: C:\Users\Administrator\scoop\apps\nodejs24\current\node.exe
2026/1/4 14:39:22: https://fan.380227.xyz/ss免费账号/
2026/1/4 14:39:22: https://fan.380227.xyz/v2ray免费账号/
2026/1/4 15:40:23Extracted src: https://fan.380227.xyz/ss免费账号/
2026/1/4 15:40:20: C:\Users\Administrator\scoop\apps\nodejs24\current\node.exe
2026/1/4 15:40:23: https://fan.380227.xyz/ss免费账号/
2026/1/4 15:40:23: https://fan.380227.xyz/v2ray免费账号/
2026/1/4 16:41:23Extracted src: https://fan.380227.xyz/ss免费账号/
2026/1/4 16:41:19: C:\Users\Administrator\scoop\apps\nodejs24\current\node.exe
2026/1/4 16:41:23: https://fan.380227.xyz/ss免费账号/
2026/1/4 16:41:23: https://fan.380227.xyz/v2ray免费账号/
2026/1/4 17:42:23Extracted src: https://fan.380227.xyz/ss免费账号/
2026/1/4 17:42:19: C:\Users\Administrator\scoop\apps\nodejs24\current\node.exe
2026/1/4 17:42:23: https://fan.380227.xyz/ss免费账号/
2026/1/4 17:42:23: https://fan.380227.xyz/v2ray免费账号/
2026/1/4 18:43:25Extracted src: https://fan.380227.xyz/ss免费账号/
2026/1/4 18:43:20: C:\Users\Administrator\scoop\apps\nodejs24\current\node.exe
2026/1/4 18:43:25: https://fan.380227.xyz/ss免费账号/
2026/1/4 18:43:25: https://fan.380227.xyz/v2ray免费账号/
2026/1/4 20:45:25Extracted src: https://fan.380227.xyz/ss免费账号/
2026/1/4 20:45:22: C:\Users\Administrator\scoop\apps\nodejs24\current\node.exe
2026/1/4 20:45:25: https://fan.380227.xyz/ss免费账号/
2026/1/4 20:45:25: https://fan.380227.xyz/v2ray免费账号/
2026/1/4 21:46:34Extracted src: https://fan.380227.xyz/ss免费账号/
2026/1/4 21:46:19: C:\Users\Administrator\scoop\apps\nodejs24\current\node.exe
2026/1/4 21:46:34: https://fan.380227.xyz/ss免费账号/
2026/1/4 21:46:34: https://fan.380227.xyz/v2ray免费账号/
2026/1/4 22:47:22Extracted src: https://fan.380227.xyz/ss免费账号/
2026/1/4 22:47:20: C:\Users\Administrator\scoop\apps\nodejs24\current\node.exe
2026/1/4 22:47:22: https://fan.380227.xyz/ss免费账号/
2026/1/4 22:47:22: https://fan.380227.xyz/v2ray免费账号/
2026/1/4 23:48:24Extracted src: https://fan.380227.xyz/ss免费账号/
2026/1/4 23:48:22: C:\Users\Administrator\scoop\apps\nodejs24\current\node.exe
2026/1/4 23:48:24: https://fan.380227.xyz/ss免费账号/
2026/1/4 23:48:24: https://fan.380227.xyz/v2ray免费账号/
2026/1/5 00:49:25Extracted src: https://fan.380227.xyz/ss免费账号/
2026/1/5 00:49:22: C:\Users\Administrator\scoop\apps\nodejs24\current\node.exe
2026/1/5 00:49:25: https://fan.380227.xyz/ss免费账号/
2026/1/5 00:49:25: https://fan.380227.xyz/v2ray免费账号/
2026/1/5 01:50:21Extracted src: https://fan.380227.xyz/ss免费账号/
2026/1/5 01:50:19: C:\Users\Administrator\scoop\apps\nodejs24\current\node.exe
2026/1/5 01:50:21: https://fan.380227.xyz/ss免费账号/
2026/1/5 01:50:21: https://fan.380227.xyz/v2ray免费账号/
2026/1/5 02:51:22Extracted src: https://fan.380227.xyz/ss免费账号/
2026/1/5 02:51:19: C:\Users\Administrator\scoop\apps\nodejs24\current\node.exe
2026/1/5 02:51:22: https://fan.380227.xyz/ss免费账号/
2026/1/5 02:51:22: https://fan.380227.xyz/v2ray免费账号/
2026/1/5 03:52:20Extracted src: https://fan.380227.xyz/ss免费账号/
2026/1/5 03:52:19: C:\Users\Administrator\scoop\apps\nodejs24\current\node.exe
2026/1/5 03:52:20: https://fan.380227.xyz/ss免费账号/
2026/1/5 03:52:20: https://fan.380227.xyz/v2ray免费账号/
2026/1/5 04:53:22Extracted src: https://fan.380227.xyz/ss免费账号/
2026/1/5 04:53:19: C:\Users\Administrator\scoop\apps\nodejs24\current\node.exe
2026/1/5 04:53:22: https://fan.380227.xyz/ss免费账号/
2026/1/5 04:53:22: https://fan.380227.xyz/v2ray免费账号/
2026/1/5 14:32:25Extracted src: https://fan.380227.xyz/ss免费账号/
2026/1/5 14:32:22: C:\Users\Administrator\scoop\apps\nodejs24\current\node.exe
2026/1/5 14:32:25: https://fan.380227.xyz/v2ray免费账号/
2026/1/5 14:32:25: https://fan.380227.xyz/ss免费账号/
2026/1/5 16:34:24Extracted src: https://fan.380227.xyz/ss免费账号/
2026/1/5 16:34:21: C:\Users\Administrator\scoop\apps\nodejs24\current\node.exe
2026/1/5 16:34:24: https://fan.380227.xyz/ss免费账号/
2026/1/5 16:34:24: https://fan.380227.xyz/v2ray免费账号/
2026/1/5 17:35:26Extracted src: https://fan.380227.xyz/ss免费账号/
2026/1/5 17:35:26: https://fan.380227.xyz/ss免费账号/
2026/1/5 17:35:24: C:\Users\Administrator\scoop\apps\nodejs24\current\node.exe
2026/1/5 17:35:26: https://fan.380227.xyz/v2ray免费账号/
2026/1/5 18:36:23Extracted src: https://fan.380227.xyz/ss免费账号/
2026/1/5 18:36:21: C:\Users\Administrator\scoop\apps\nodejs24\current\node.exe
2026/1/5 18:36:23: https://fan.380227.xyz/v2ray免费账号/
2026/1/5 18:36:23: https://fan.380227.xyz/ss免费账号/
2026/1/5 19:37:24Extracted src: https://fan.380227.xyz/ss免费账号/
2026/1/5 19:37:21: C:\Users\Administrator\scoop\apps\nodejs24\current\node.exe
2026/1/5 19:37:24: https://fan.380227.xyz/v2ray免费账号/
2026/1/5 19:37:24: https://fan.380227.xyz/ss免费账号/
2026/1/5 23:01:35Extracted src: https://fan.380227.xyz/ss免费账号/
2026/1/5 23:01:25: C:\Users\Administrator\scoop\apps\nodejs24\current\node.exe
2026/1/5 23:01:35: https://fan.380227.xyz/v2ray免费账号/
2026/1/5 23:01:35: https://fan.380227.xyz/ss免费账号/
2026/1/6 00:02:27Extracted src: https://fan.380227.xyz/ss免费账号/
2026/1/6 00:02:21: C:\Users\Administrator\scoop\apps\nodejs24\current\node.exe
2026/1/6 00:02:27: https://fan.380227.xyz/ss免费账号/
2026/1/6 00:02:27: https://fan.380227.xyz/v2ray免费账号/
2026/1/6 01:03:23Extracted src: https://fan.380227.xyz/ss免费账号/
2026/1/6 01:03:21: C:\Users\Administrator\scoop\apps\nodejs24\current\node.exe
2026/1/6 01:03:23: https://fan.380227.xyz/v2ray免费账号/
2026/1/6 01:03:23: https://fan.380227.xyz/ss免费账号/
2026/1/6 14:10:45Extracted src: https://fan.380227.xyz/ss免费账号/
2026/1/6 14:10:42: C:\Users\Administrator\scoop\apps\nodejs24\current\node.exe
2026/1/6 14:10:45: https://fan.380227.xyz/ss免费账号/
2026/1/6 14:10:45: https://fan.380227.xyz/v2ray免费账号/
2026/1/6 15:10:54Extracted src: https://fan.380227.xyz/ss免费账号/
2026/1/6 15:10:51: C:\Users\Administrator\scoop\apps\nodejs24\current\node.exe
2026/1/6 15:10:54: https://fan.380227.xyz/ss免费账号/
2026/1/6 15:10:54: https://fan.380227.xyz/v2ray免费账号/
2026/1/6 17:12:53Extracted src: https://fan.380227.xyz/ss免费账号/
2026/1/6 17:12:51: C:\Users\Administrator\scoop\apps\nodejs24\current\node.exe
2026/1/6 17:12:53: https://fan.380227.xyz/ss免费账号/
2026/1/6 17:12:53: https://fan.380227.xyz/v2ray免费账号/
2026/1/6 18:13:51Extracted src: https://fan.380227.xyz/ss免费账号/
2026/1/6 18:13:49: C:\Users\Administrator\scoop\apps\nodejs24\current\node.exe
2026/1/6 18:13:52: https://fan.380227.xyz/ss免费账号/
2026/1/6 18:13:52: https://fan.380227.xyz/v2ray免费账号/
2026/1/6 19:14:55Extracted src: https://fan.380227.xyz/ss免费账号/
2026/1/6 19:14:49: C:\Users\Administrator\scoop\apps\nodejs24\current\node.exe
2026/1/6 19:14:55: https://fan.380227.xyz/ss免费账号/
2026/1/6 19:14:55: https://fan.380227.xyz/v2ray免费账号/
2026/1/6 20:15:52Extracted src: https://fan.380227.xyz/ss免费账号/
2026/1/6 20:15:49: C:\Users\Administrator\scoop\apps\nodejs24\current\node.exe
2026/1/6 20:15:52: https://fan.380227.xyz/ss免费账号/
2026/1/6 20:15:52: https://fan.380227.xyz/v2ray免费账号/
2026/1/6 21:17:00Extracted src: https://fan.380227.xyz/ss免费账号/
2026/1/6 21:16:51: C:\Users\Administrator\scoop\apps\nodejs24\current\node.exe
2026/1/6 21:17:00: https://fan.380227.xyz/v2ray免费账号/
2026/1/6 21:17:00: https://fan.380227.xyz/ss免费账号/
2026/1/6 22:17:53Extracted src: https://fan.380227.xyz/ss免费账号/
2026/1/6 22:17:49: C:\Users\Administrator\scoop\apps\nodejs24\current\node.exe
2026/1/6 22:17:53: https://fan.380227.xyz/ss免费账号/
2026/1/6 22:17:53: https://fan.380227.xyz/v2ray免费账号/
2026/1/6 23:18:54Extracted src: https://fan.380227.xyz/ss免费账号/
2026/1/6 23:18:51: C:\Users\Administrator\scoop\apps\nodejs24\current\node.exe
2026/1/6 23:18:54: https://fan.380227.xyz/ss免费账号/
2026/1/6 23:18:54: https://fan.380227.xyz/v2ray免费账号/
2026/1/7 00:19:53Extracted src: https://fan.380227.xyz/ss免费账号/
2026/1/7 00:19:54: https://fan.380227.xyz/ss免费账号/
2026/1/7 00:19:52: C:\Users\Administrator\scoop\apps\nodejs24\current\node.exe
2026/1/7 00:19:54: https://fan.380227.xyz/v2ray免费账号/
2026/1/7 12:57:53Extracted src: https://fan.380227.xyz/ss免费账号/
2026/1/7 12:57:51: C:\Users\Administrator\scoop\apps\nodejs24\current\node.exe
2026/1/7 12:57:53: https://fan.380227.xyz/ss免费账号/
2026/1/7 12:57:53: https://fan.380227.xyz/v2ray免费账号/
2026/1/7 13:58:53Extracted src: https://fan.380227.xyz/ss免费账号/
2026/1/7 13:58:53: https://fan.380227.xyz/ss免费账号/
2026/1/7 13:58:51: C:\Users\Administrator\scoop\apps\nodejs24\current\node.exe
2026/1/7 13:58:53: https://fan.380227.xyz/v2ray免费账号/
2026/1/7 14:59:56Extracted src: https://fan.380227.xyz/ss免费账号/
2026/1/7 14:59:51: C:\Users\Administrator\scoop\apps\nodejs24\current\node.exe
2026/1/7 14:59:56: https://fan.380227.xyz/ss免费账号/
2026/1/7 14:59:56: https://fan.380227.xyz/v2ray免费账号/
2026/1/7 16:00:54Extracted src: https://fan.380227.xyz/ss免费账号/
2026/1/7 16:00:54: https://fan.380227.xyz/v2ray免费账号/
2026/1/7 16:00:51: C:\Users\Administrator\scoop\apps\nodejs24\current\node.exe
2026/1/7 16:00:54: https://fan.380227.xyz/ss免费账号/
2026/1/7 17:01:55Extracted src: https://fan.380227.xyz/ss免费账号/
2026/1/7 17:01:51: C:\Users\Administrator\scoop\apps\nodejs24\current\node.exe
2026/1/7 17:01:55: https://fan.380227.xyz/ss免费账号/
2026/1/7 17:01:55: https://fan.380227.xyz/v2ray免费账号/
2026/1/7 18:02:58Extracted src: https://fan.380227.xyz/ss免费账号/
2026/1/7 18:02:52: C:\Users\Administrator\scoop\apps\nodejs24\current\node.exe
2026/1/7 18:02:58: https://fan.380227.xyz/ss免费账号/
2026/1/7 18:02:58: https://fan.380227.xyz/v2ray免费账号/
2026/1/7 19:03:54Extracted src: https://fan.380227.xyz/ss免费账号/
2026/1/7 19:03:51: C:\Users\Administrator\scoop\apps\nodejs24\current\node.exe
2026/1/7 19:03:54: https://fan.380227.xyz/ss免费账号/
2026/1/7 19:03:54: https://fan.380227.xyz/v2ray免费账号/
2026/1/7 20:04:53Extracted src: https://fan.380227.xyz/ss免费账号/
2026/1/7 20:04:53: https://fan.380227.xyz/v2ray免费账号/
2026/1/7 20:04:51: C:\Users\Administrator\scoop\apps\nodejs24\current\node.exe
2026/1/7 20:04:53: https://fan.380227.xyz/ss免费账号/
2026/1/7 21:05:55Extracted src: https://fan.380227.xyz/ss免费账号/
2026/1/7 21:05:51: C:\Users\Administrator\scoop\apps\nodejs24\current\node.exe
2026/1/7 21:05:55: https://fan.380227.xyz/ss免费账号/
2026/1/7 21:05:55: https://fan.380227.xyz/v2ray免费账号/
2026/1/7 22:06:59Extracted src: https://fan.380227.xyz/ss免费账号/
2026/1/7 22:06:52: C:\Users\Administrator\scoop\apps\nodejs24\current\node.exe
2026/1/7 22:06:59: https://fan.380227.xyz/ss免费账号/
2026/1/7 22:06:59: https://fan.380227.xyz/v2ray免费账号/
2026/1/8 10:09:17Extracted src: https://fan.380227.xyz/ss免费账号/
2026/1/8 10:09:15: C:\Users\Administrator\scoop\apps\nodejs24\current\node.exe
2026/1/8 10:09:17: https://fan.380227.xyz/ss免费账号/
2026/1/8 10:09:17: https://fan.380227.xyz/v2ray免费账号/
2026/1/8 11:11:17Extracted src: https://fan.380227.xyz/ss免费账号/
2026/1/8 11:11:14: C:\Users\Administrator\scoop\apps\nodejs24\current\node.exe
2026/1/8 11:11:17: https://fan.380227.xyz/ss免费账号/
2026/1/8 11:11:17: https://fan.380227.xyz/v2ray免费账号/
2026/1/8 12:13:15Extracted src: https://fan.380227.xyz/ss免费账号/
2026/1/8 12:13:13: C:\Users\Administrator\scoop\apps\nodejs24\current\node.exe
2026/1/8 12:13:15: https://fan.380227.xyz/ss免费账号/
2026/1/8 12:13:15: https://fan.380227.xyz/v2ray免费账号/
2026/1/8 13:15:16Extracted src: https://fan.380227.xyz/ss免费账号/
2026/1/8 13:15:13: C:\Users\Administrator\scoop\apps\nodejs24\current\node.exe
2026/1/8 13:15:16: https://fan.380227.xyz/ss免费账号/
2026/1/8 13:15:16: https://fan.380227.xyz/v2ray免费账号/
2026/1/8 14:17:14Extracted src: https://fan.380227.xyz/ss免费账号/
2026/1/8 14:17:14: https://fan.380227.xyz/ss免费账号/
2026/1/8 14:17:12: C:\Users\Administrator\scoop\apps\nodejs24\current\node.exe
2026/1/8 14:17:14: https://fan.380227.xyz/v2ray免费账号/
2026/1/8 15:19:19Extracted src: https://fan.380227.xyz/ss免费账号/
2026/1/8 15:19:12: C:\Users\Administrator\scoop\apps\nodejs24\current\node.exe
2026/1/8 15:19:19: https://fan.380227.xyz/ss免费账号/
2026/1/8 15:19:19: https://fan.380227.xyz/v2ray免费账号/
2026/1/8 16:21:15Extracted src: https://fan.380227.xyz/ss免费账号/
2026/1/8 16:21:15: https://fan.380227.xyz/ss免费账号/
2026/1/8 16:21:12: C:\Users\Administrator\scoop\apps\nodejs24\current\node.exe
2026/1/8 16:21:15: https://fan.380227.xyz/v2ray免费账号/
2026/1/8 17:23:17Extracted src: https://fan.380227.xyz/ss免费账号/
2026/1/8 17:23:18: https://fan.380227.xyz/ss免费账号/
2026/1/8 17:23:15: C:\Users\Administrator\scoop\apps\nodejs24\current\node.exe
2026/1/8 17:23:18: https://fan.380227.xyz/v2ray免费账号/
2026/1/8 18:25:19Extracted src: https://fan.380227.xyz/ss免费账号/
2026/1/8 18:25:15: C:\Users\Administrator\scoop\apps\nodejs24\current\node.exe
2026/1/8 18:25:19: https://fan.380227.xyz/ss免费账号/
2026/1/8 18:25:19: https://fan.380227.xyz/v2ray免费账号/
2026/1/8 20:29:18Extracted src: https://fan.380227.xyz/ss免费账号/
2026/1/8 20:29:15: C:\Users\Administrator\scoop\apps\nodejs24\current\node.exe
2026/1/8 20:29:18: https://fan.380227.xyz/ss免费账号/
2026/1/8 20:29:18: https://fan.380227.xyz/v2ray免费账号/
2026/1/8 21:31:19Extracted src: https://fan.380227.xyz/ss免费账号/
2026/1/8 21:31:16: C:\Users\Administrator\scoop\apps\nodejs24\current\node.exe
2026/1/8 21:31:19: https://fan.380227.xyz/v2ray免费账号/
2026/1/8 21:31:19: https://fan.380227.xyz/ss免费账号/
2026/1/8 22:33:24Extracted src: https://fan.380227.xyz/ss免费账号/
2026/1/8 22:33:17: C:\Users\Administrator\scoop\apps\nodejs24\current\node.exe
2026/1/8 22:33:24: https://fan.380227.xyz/v2ray免费账号/
2026/1/8 22:33:24: https://fan.380227.xyz/ss免费账号/
2026/1/9 10:08:05Extracted src: https://fan.380227.xyz/ss免费账号/
2026/1/9 10:08:03: C:\Users\Administrator\scoop\apps\nodejs24\current\node.exe
2026/1/9 10:08:05: https://fan.380227.xyz/v2ray免费账号/
2026/1/9 10:08:05: https://fan.380227.xyz/ss免费账号/
2026/1/9 15:19:35Extracted src: https://fan.380227.xyz/ss免费账号/
2026/1/9 15:19:33: C:\Users\Administrator\scoop\apps\nodejs24\current\node.exe
2026/1/9 15:19:35: https://fan.380227.xyz/v2ray免费账号/
2026/1/9 15:19:35: https://fan.380227.xyz/ss免费账号/
2026/1/9 16:20:19Extracted src: https://fan.380227.xyz/ss免费账号/
2026/1/9 16:20:17: C:\Users\Administrator\scoop\apps\nodejs24\current\node.exe
2026/1/9 16:20:19: https://fan.380227.xyz/ss免费账号/
2026/1/9 16:20:19: https://fan.380227.xyz/v2ray免费账号/
2026/1/9 17:20:59Extracted src: https://fan.380227.xyz/ss免费账号/
2026/1/9 17:20:53: C:\Users\Administrator\scoop\apps\nodejs24\current\node.exe
2026/1/9 17:20:59: https://fan.380227.xyz/ss免费账号/
2026/1/9 17:20:59: https://fan.380227.xyz/v2ray免费账号/
2026/1/9 19:27:22Extracted src: https://fan.380227.xyz/ss免费账号/
2026/1/9 19:27:22: https://fan.380227.xyz/v2ray免费账号/
2026/1/9 19:27:18: C:\Users\Administrator\scoop\apps\nodejs24\current\node.exe
2026/1/9 19:27:22: https://fan.380227.xyz/ss免费账号/
2026/1/9 20:28:25Extracted src: https://fan.380227.xyz/ss免费账号/
2026/1/9 20:28:19: C:\Users\Administrator\scoop\apps\nodejs24\current\node.exe
2026/1/9 20:28:25: https://fan.380227.xyz/ss免费账号/
2026/1/9 20:28:25: https://fan.380227.xyz/v2ray免费账号/
2026/1/9 21:29:29Extracted src: https://fan.380227.xyz/ss免费账号/
2026/1/9 21:29:29: https://fan.380227.xyz/ss免费账号/
2026/1/9 21:29:29: https://fan.380227.xyz/v2ray免费账号/
2026/1/9 21:29:18: C:\Users\Administrator\scoop\apps\nodejs24\current\node.exe
2026/1/9 22:30:25Extracted src: https://fan.380227.xyz/ss免费账号/
2026/1/9 22:30:19: C:\Users\Administrator\scoop\apps\nodejs24\current\node.exe
2026/1/9 22:30:25: https://fan.380227.xyz/ss免费账号/
2026/1/9 22:30:25: https://fan.380227.xyz/v2ray免费账号/
2026/1/9 23:31:24Extracted src: https://fan.380227.xyz/ss免费账号/
2026/1/9 23:31:17: C:\Users\Administrator\scoop\apps\nodejs24\current\node.exe
2026/1/9 23:31:24: https://fan.380227.xyz/ss免费账号/
2026/1/9 23:31:24: https://fan.380227.xyz/v2ray免费账号/
2026/1/10 00:32:20Extracted src: https://fan.380227.xyz/ss免费账号/
2026/1/10 00:32:20: https://fan.380227.xyz/ss免费账号/
2026/1/10 00:32:18: C:\Users\Administrator\scoop\apps\nodejs24\current\node.exe
2026/1/10 00:32:20: https://fan.380227.xyz/v2ray免费账号/
2026/1/10 01:33:20Extracted src: https://fan.380227.xyz/ss免费账号/
2026/1/10 01:33:17: C:\Users\Administrator\scoop\apps\nodejs24\current\node.exe
2026/1/10 01:33:20: https://fan.380227.xyz/ss免费账号/
2026/1/10 01:33:20: https://fan.380227.xyz/v2ray免费账号/
2026/1/10 02:34:24Extracted src: https://fan.380227.xyz/ss免费账号/
2026/1/10 02:34:18: C:\Users\Administrator\scoop\apps\nodejs24\current\node.exe
2026/1/10 02:34:24: https://fan.380227.xyz/ss免费账号/
2026/1/10 02:34:24: https://fan.380227.xyz/v2ray免费账号/
2026/1/10 03:35:22Extracted src: https://fan.380227.xyz/ss免费账号/
2026/1/10 03:35:22: https://fan.380227.xyz/ss免费账号/
2026/1/10 03:35:17: C:\Users\Administrator\scoop\apps\nodejs24\current\node.exe
2026/1/10 03:35:22: https://fan.380227.xyz/v2ray免费账号/
2026/1/10 04:36:19Extracted src: https://fan.380227.xyz/ss免费账号/
2026/1/10 04:36:17: C:\Users\Administrator\scoop\apps\nodejs24\current\node.exe
2026/1/10 04:36:19: https://fan.380227.xyz/ss免费账号/
2026/1/10 04:36:19: https://fan.380227.xyz/v2ray免费账号/
2026/1/10 05:37:21Extracted src: https://fan.380227.xyz/ss免费账号/
2026/1/10 05:37:17: C:\Users\Administrator\scoop\apps\nodejs24\current\node.exe
2026/1/10 05:37:21: https://fan.380227.xyz/v2ray免费账号/
2026/1/10 05:37:21: https://fan.380227.xyz/ss免费账号/
2026/1/10 06:38:20Extracted src: https://fan.380227.xyz/ss免费账号/
2026/1/10 06:38:20: https://fan.380227.xyz/ss免费账号/
2026/1/10 06:38:17: C:\Users\Administrator\scoop\apps\nodejs24\current\node.exe
2026/1/10 06:38:20: https://fan.380227.xyz/v2ray免费账号/
2026/1/10 15:48:21Extracted src: https://fan.380227.xyz/ss免费账号/
2026/1/10 15:48:18: C:\Users\Administrator\scoop\apps\nodejs24\current\node.exe
2026/1/10 15:48:21: https://fan.380227.xyz/ss免费账号/
2026/1/10 15:48:21: https://fan.380227.xyz/v2ray免费账号/
2026/1/10 16:49:23Extracted src: https://fan.380227.xyz/ss免费账号/
2026/1/10 16:49:23: https://fan.380227.xyz/v2ray免费账号/
2026/1/10 16:49:21: C:\Users\Administrator\scoop\apps\nodejs24\current\node.exe
2026/1/10 16:49:23: https://fan.380227.xyz/ss免费账号/
2026/1/10 17:50:25Extracted src: https://fan.380227.xyz/ss免费账号/
2026/1/10 17:50:19: C:\Users\Administrator\scoop\apps\nodejs24\current\node.exe
2026/1/10 17:50:25: https://fan.380227.xyz/v2ray免费账号/
2026/1/10 17:50:25: https://fan.380227.xyz/ss免费账号/
2026/1/10 18:51:02Extracted src: https://fan.380227.xyz/ss免费账号/
2026/1/10 18:50:59: C:\Users\Administrator\scoop\apps\nodejs24\current\node.exe
2026/1/10 18:51:02: https://fan.380227.xyz/v2ray免费账号/
2026/1/10 18:51:02: https://fan.380227.xyz/ss免费账号/
2026/1/10 20:52:22Extracted src: https://fan.380227.xyz/ss免费账号/
2026/1/10 20:52:20: C:\Users\Administrator\scoop\apps\nodejs24\current\node.exe
2026/1/10 20:52:22: https://fan.380227.xyz/v2ray免费账号/
2026/1/10 20:52:22: https://fan.380227.xyz/ss免费账号/
2026/1/10 21:53:21Extracted src: https://fan.380227.xyz/ss免费账号/
2026/1/10 21:53:20: C:\Users\Administrator\scoop\apps\nodejs24\current\node.exe
2026/1/10 21:53:22: https://fan.380227.xyz/ss免费账号/
2026/1/10 21:53:22: https://fan.380227.xyz/v2ray免费账号/
2026/1/10 22:54:21Extracted src: https://fan.380227.xyz/ss免费账号/
2026/1/10 22:54:21: https://fan.380227.xyz/ss免费账号/
2026/1/10 22:54:21: https://fan.380227.xyz/v2ray免费账号/
2026/1/10 22:54:19: C:\Users\Administrator\scoop\apps\nodejs24\current\node.exe
2026/1/10 23:55:25Extracted src: https://fan.380227.xyz/ss免费账号/
2026/1/10 23:55:25: https://fan.380227.xyz/ss免费账号/
2026/1/10 23:55:20: C:\Users\Administrator\scoop\apps\nodejs24\current\node.exe
2026/1/10 23:55:25: https://fan.380227.xyz/v2ray免费账号/
2026/1/11 15:25:33: C:\Users\Administrator\scoop\apps\nodejs24\current\node.exe
2026/1/11 15:25:36: null
2026/1/11 15:25:36Fetch error: AxiosError: Network Error
2026/1/11 15:25:36: null
2026/1/11 15:25:43: C:\Users\Administrator\scoop\apps\nodejs24\current\node.exe
2026/1/11 15:25:47: null
2026/1/11 15:25:47Fetch error: AxiosError: Network Error
2026/1/11 15:25:47: null
2026/1/11 15:28:29: null
2026/1/11 15:28:27: C:\Users\Administrator\scoop\apps\nodejs24\current\node.exe
2026/1/11 15:28:29: null
2026/1/11 15:28:29Fetch error: AxiosError: Network Error
2026/1/11 15:29:33: C:\Users\Administrator\scoop\apps\nodejs24\current\node.exe
2026/1/11 15:29:37: null
2026/1/11 15:29:37: null
2026/1/11 15:29:37Fetch error: AxiosError: Network Error
2026/1/11 15:30:50: null
2026/1/11 15:30:46: C:\Users\Administrator\scoop\apps\nodejs24\current\node.exe
2026/1/11 15:30:50: null
2026/1/11 15:30:50Fetch error: AxiosError: Network Error
2026/1/11 15:31:26: C:\Users\Administrator\scoop\apps\nodejs24\current\node.exe
2026/1/11 15:31:29: null
2026/1/11 15:31:29: null
2026/1/11 15:31:29Fetch error: AxiosError: Network Error
2026/1/11 15:33:50: null
2026/1/11 15:33:50: null
2026/1/11 15:33:44: C:\Users\Administrator\scoop\apps\nodejs24\current\node.exe
2026/1/11 15:33:50Fetch error: AxiosError: Network Error
2026/1/11 15:34:00: C:\Users\Administrator\scoop\apps\nodejs24\current\node.exe
2026/1/11 15:34:05: null
2026/1/11 15:34:05: null
2026/1/11 15:34:05Fetch error: AxiosError: Network Error
2026/1/11 15:34:38: C:\Users\Administrator\scoop\apps\nodejs24\current\node.exe
2026/1/11 15:34:47: null
2026/1/11 15:34:47: null
2026/1/11 15:34:47Fetch error: AxiosError: Network Error
2026/1/11 15:35:30: null
2026/1/11 15:35:30Fetch error: AxiosError: Network Error
2026/1/11 15:35:30: null
2026/1/11 15:35:22: C:\Users\Administrator\scoop\apps\nodejs24\current\node.exe
2026/1/11 15:35:41Fetch error: AxiosError: Network Error
2026/1/11 15:35:41: null
2026/1/11 15:35:41: null
2026/1/11 15:35:37: C:\Users\Administrator\scoop\apps\nodejs24\current\node.exe
2026/1/11 15:42:09: null
2026/1/11 15:42:02: C:\Users\Administrator\scoop\apps\nodejs24\current\node.exe
2026/1/11 15:42:09Fetch error: AxiosError: Network Error
2026/1/11 15:42:09: null
2026/1/11 16:25:10: C:\Users\Administrator\scoop\apps\nodejs24\current\node.exe
2026/1/11 16:25:16: null
2026/1/11 16:25:16: null
2026/1/11 16:25:16Fetch error: AxiosError: Network Error
2026/1/11 16:28:56: C:\Users\Administrator\scoop\apps\nodejs24\current\node.exe
2026/1/11 16:29:05: null
2026/1/11 16:29:05: null
2026/1/11 16:29:05Fetch error: AxiosError: Network Error
2026/1/11 19:58:12: C:\Users\Administrator\scoop\apps\nodejs24\current\node.exe
2026/1/11 19:58:15: null
2026/1/11 19:58:15: null
2026/1/11 19:58:15Fetch error: AxiosError: Network Error
2026/1/11 20:59:15: null
2026/1/11 20:59:15: null
2026/1/11 20:59:10: C:\Users\Administrator\scoop\apps\nodejs24\current\node.exe
2026/1/11 20:59:15Fetch error: AxiosError: Network Error
2026/1/11 22:00:15: null
2026/1/11 22:00:11: C:\Users\Administrator\scoop\apps\nodejs24\current\node.exe
2026/1/11 22:00:15Fetch error: AxiosError: Network Error
2026/1/11 22:00:15: null
2026/1/12 11:14:10: C:\Users\Administrator\scoop\apps\nodejs24\current\node.exe
2026/1/12 11:14:14: null
2026/1/12 11:14:14: null
2026/1/12 11:14:14Fetch error: AxiosError: Network Error
2026/1/12 11:16:52: null
2026/1/12 11:16:52Fetch error: AxiosError: Network Error
2026/1/12 11:16:49: C:\Users\Administrator\scoop\apps\nodejs24\current\node.exe
2026/1/12 11:16:52: null
2026/1/12 11:17:13: null
2026/1/12 11:17:09: C:\Users\Administrator\scoop\apps\nodejs24\current\node.exe
2026/1/12 11:17:13Fetch error: AxiosError: Network Error
2026/1/12 11:17:13: null
2026/1/12 12:15:14: null
2026/1/12 12:15:14: null
2026/1/12 12:15:11: C:\Users\Administrator\scoop\apps\nodejs24\current\node.exe
2026/1/12 12:15:14Fetch error: AxiosError: Network Error
2026/1/12 12:22:37: C:\Users\Administrator\scoop\apps\nodejs24\current\node.exe
2026/1/12 12:22:40: null
2026/1/12 12:22:40Fetch error: AxiosError: Network Error
2026/1/12 12:22:40: null
2026/1/12 13:16:12: C:\Users\Administrator\scoop\apps\nodejs24\current\node.exe
2026/1/12 13:16:15: null
2026/1/12 13:16:15: null
2026/1/12 13:16:15Fetch error: AxiosError: Network Error
2026/1/12 13:23:41: C:\Users\Administrator\scoop\apps\nodejs24\current\node.exe
2026/1/12 13:23:46: null
2026/1/12 13:23:46: null
2026/1/12 13:23:46Fetch error: AxiosError: Network Error
2026/1/12 13:25:00: C:\Users\Administrator\scoop\apps\nodejs24\current\node.exe
2026/1/12 13:25:03: null
2026/1/12 13:25:03Fetch error: AxiosError: Network Error
2026/1/12 13:25:03: null
2026/1/12 13:30:17: C:\Users\Administrator\scoop\apps\nodejs24\current\node.exe
2026/1/12 13:30:39: null

2026/1/12 13:30:39: null
2026/1/12 13:30:39: null
2026/1/12 13:30:39Fetch error: AxiosError: Network Error
2026/1/12 13:37:38: C:\Users\Administrator\scoop\apps\nodejs24\current\node.exe
2026/1/12 13:37:41: getting new Url ->  null

2026/1/12 13:37:41: null
2026/1/12 13:37:41Fetch error: AxiosError: Network Error
2026/1/12 13:37:41: null
2026/1/12 13:37:55: C:\Users\Administrator\scoop\apps\nodejs24\current\node.exe
2026/1/12 13:37:59: getting new Url ->  null

2026/1/12 13:37:59: null
2026/1/12 13:37:59: null
2026/1/12 13:37:59Fetch error: AxiosError: Network Error
2026/1/12 13:38:06: getting new Url ->  null

2026/1/12 13:38:02: C:\Users\Administrator\scoop\apps\nodejs24\current\node.exe
2026/1/12 13:38:06: null
2026/1/12 13:38:06: null
2026/1/12 13:38:06Fetch error: AxiosError: Network Error
2026/1/12 13:38:15: getting new Url ->  null

2026/1/12 13:38:15: null
2026/1/12 13:38:10: C:\Users\Administrator\scoop\apps\nodejs24\current\node.exe
2026/1/12 13:38:15Fetch error: AxiosError: Network Error
2026/1/12 13:38:15: null
2026/1/12 13:40:44: null
2026/1/12 13:40:39: C:\Users\Administrator\scoop\apps\nodejs24\current\node.exe
2026/1/12 13:40:44: getting new Url ->  null

2026/1/12 13:40:44: null
2026/1/12 13:40:44Fetch error: AxiosError: Network Error
2026/1/12 13:41:35: C:\Users\Administrator\scoop\apps\nodejs24\current\node.exe
2026/1/12 13:41:38: null
2026/1/12 13:41:38Fetch error: AxiosError: Network Error
2026/1/12 13:41:38: null
2026/1/12 13:41:38: getting new Url ->  null

2026/1/12 14:33:11: C:\Users\Administrator\scoop\apps\nodejs24\current\node.exe
2026/1/12 14:33:15: getting new Url ->  null

2026/1/12 14:33:15: null
2026/1/12 14:33:15: null
2026/1/12 14:33:15Fetch error: AxiosError: Network Error
2026/1/12 14:33:26: getting new Url ->  null

2026/1/12 14:33:26: null
2026/1/12 14:33:26: null
2026/1/12 14:33:22: C:\Users\Administrator\scoop\apps\nodejs24\current\node.exe
2026/1/12 14:33:26Fetch error: AxiosError: Network Error
2026/1/12 14:40:06: C:\Users\Administrator\scoop\apps\nodejs24\current\node.exe
2026/1/12 14:40:10: parse_data() -> null
2026/1/12 14:40:10: parse_data() -> null
2026/1/12 14:40:10parse.js -> Fetch error: AxiosError: Network Error
2026/1/12 14:40:10: getting new Url ->  null

2026/1/12 14:55:27: C:\Users\Administrator\scoop\apps\nodejs24\current\node.exe
2026/1/12 14:55:31: parse_data() -> null
2026/1/12 14:55:31: getting new Url ->  null

2026/1/12 14:55:31: parse_data() -> null
2026/1/12 14:55:31: parse.js -> Fetch error: AxiosError: Network Error
2026/1/12 15:34:20 update_uri() -> Fetch error: TypeError: console is not a function
2026/1/12 15:34:47 update_uri() -> Fetch error: TypeError: console is not a function
2026/1/12 15:44:02 update_uri() -> Fetch error: TypeError: Class constructor URL cannot be invoked without 'new'
2026/1/12 15:44:32 update_uri() -> Fetch error: TypeError: Class constructor URL cannot be invoked without 'new'
2026/1/12 15:50:39Extracted src: https://fan2.380227.xyz/ss免费账号/
2026/1/12 15:52:54Extracted src: https://fan2.380227.xyz/ss免费账号/
2026/1/12 15:54:14Extracted src: https://fan2.380227.xyz/ss免费账号/
2026/1/12 15:54:51Extracted src: https://fan2.380227.xyz/ss免费账号/
2026/1/12 15:55:30Extracted src: https://fan2.380227.xyz/ss免费账号/
2026/1/12 15:55:27: C:\Users\Administrator\scoop\apps\nodejs24\current\node.exe
2026/1/12 15:55:30: getting new Url ->  https://fan2.380227.xyz/ss免费账号/

2026/1/12 15:55:30: parse_data() -> https://fan2.380227.xyz/v2ray免费账号/
2026/1/12 15:55:30: parse_data() -> https://fan2.380227.xyz/ss免费账号/
2026/1/12 15:55:34Extracted src: https://fan2.380227.xyz/ss免费账号/
2026/1/12 15:55:34: parse_data() -> https://fan2.380227.xyz/ss免费账号/
2026/1/12 15:55:34: getting new Url ->  https://fan2.380227.xyz/ss免费账号/

2026/1/12 15:55:30: C:\Users\Administrator\scoop\apps\nodejs24\current\node.exe
2026/1/12 15:55:34: parse_data() -> https://fan2.380227.xyz/v2ray免费账号/
2026/1/12 16:56:16Extracted src: https://fan2.380227.xyz/ss免费账号/
2026/1/12 16:56:13: C:\Users\Administrator\scoop\apps\nodejs24\current\node.exe
2026/1/12 16:56:16: getting new Url ->  https://fan2.380227.xyz/ss免费账号/
2026/1/12 16:56:16: parse_data() -> https://fan2.380227.xyz/v2ray免费账号/
2026/1/12 16:56:16: parse_data() -> https://fan2.380227.xyz/ss免费账号/
2026/1/12 17:57:15Extracted src: https://fan2.380227.xyz/ss免费账号/
2026/1/12 17:57:12: C:\Users\Administrator\scoop\apps\nodejs24\current\node.exe
2026/1/12 17:57:15: parse_data() -> https://fan2.380227.xyz/ss免费账号/
2026/1/12 17:57:15: parse_data() -> https://fan2.380227.xyz/v2ray免费账号/
2026/1/12 17:57:15: getting new Url ->  https://fan2.380227.xyz/ss免费账号/
2026/1/12 20:04:16Extracted src: https://fan2.380227.xyz/ss免费账号/
2026/1/12 20:04:12: C:\Users\Administrator\scoop\apps\nodejs24\current\node.exe
2026/1/12 20:04:16: parse_data() -> https://fan2.380227.xyz/ss免费账号/
2026/1/12 20:04:16: getting new Url ->  https://fan2.380227.xyz/ss免费账号/
2026/1/12 20:04:16: parse_data() -> https://fan2.380227.xyz/v2ray免费账号/
2026/1/12 21:05:16Extracted src: https://fan2.380227.xyz/ss免费账号/
2026/1/12 21:05:13: C:\Users\Administrator\scoop\apps\nodejs24\current\node.exe
2026/1/12 21:05:16: getting new Url ->  https://fan2.380227.xyz/ss免费账号/
2026/1/12 21:05:16: parse_data() -> https://fan2.380227.xyz/v2ray免费账号/
2026/1/12 21:05:16: parse_data() -> https://fan2.380227.xyz/ss免费账号/
2026/1/12 22:06:16Extracted src: https://fan2.380227.xyz/ss免费账号/
2026/1/12 22:06:13: C:\Users\Administrator\scoop\apps\nodejs24\current\node.exe
2026/1/12 22:06:16: parse_data() -> https://fan2.380227.xyz/v2ray免费账号/
2026/1/12 22:06:16: getting new Url ->  https://fan2.380227.xyz/ss免费账号/
2026/1/12 22:06:16: parse_data() -> https://fan2.380227.xyz/ss免费账号/
2026/1/12 23:07:18Extracted src: https://fan2.380227.xyz/ss免费账号/
2026/1/12 23:07:18: getting new Url ->  https://fan2.380227.xyz/ss免费账号/
2026/1/12 23:07:13: C:\Users\Administrator\scoop\apps\nodejs24\current\node.exe
2026/1/12 23:07:18: parse_data() -> https://fan2.380227.xyz/ss免费账号/
2026/1/12 23:07:18: parse_data() -> https://fan2.380227.xyz/v2ray免费账号/
2026/1/13 12:57:21 update_uri() -> Fetch error: AxiosError: Request failed with status code 502
2026/1/13 12:57:16: C:\Users\Administrator\scoop\apps\nodejs24\current\node.exe
2026/1/13 12:57:21: parse_data() -> https://fan2.380227.xyz/ss%E5%85%8D%E8%B4%B9%E8%B4%A6%E5%8F%B7/
2026/1/13 12:57:21: getting new Url ->  null
2026/1/13 12:57:21: parse_data() -> https://fan2.380227.xyz/v2ray%E5%85%8D%E8%B4%B9%E8%B4%A6%E5%8F%B7/
2026/1/13 12:57:32: parse.js -> Fetch error: AxiosError: Network Error
2026/1/13 12:57:56 update_uri() -> Fetch error: AxiosError: Request failed with status code 502
2026/1/13 12:57:50: C:\Users\Administrator\scoop\apps\nodejs24\current\node.exe
2026/1/13 12:57:56: getting new Url ->  null
2026/1/13 12:57:56: parse_data() -> https://fan2.380227.xyz/ss%E5%85%8D%E8%B4%B9%E8%B4%A6%E5%8F%B7/
2026/1/13 12:57:56: parse_data() -> https://fan2.380227.xyz/v2ray%E5%85%8D%E8%B4%B9%E8%B4%A6%E5%8F%B7/
2026/1/13 12:58:06: parse.js -> Fetch error: AxiosError: Network Error
2026/1/13 13:00:12Extracted src: https://fan2.380227.xyz/ss免费账号/
2026/1/13 13:00:08: C:\Users\Administrator\scoop\apps\nodejs24\current\node.exe
2026/1/13 13:00:12: getting new Url ->  https://fan2.380227.xyz/ss免费账号/
2026/1/13 13:00:12: parse_data() -> https://fan2.380227.xyz/ss免费账号/
2026/1/13 13:00:12: parse_data() -> https://fan2.380227.xyz/v2ray免费账号/
2026/1/13 14:00:56Extracted src: https://fan2.380227.xyz/ss免费账号/
2026/1/13 14:00:52: C:\Users\Administrator\scoop\apps\nodejs24\current\node.exe
2026/1/13 14:00:56: getting new Url ->  https://fan2.380227.xyz/ss免费账号/
2026/1/13 14:00:56: parse_data() -> https://fan2.380227.xyz/v2ray免费账号/
2026/1/13 14:00:56: parse_data() -> https://fan2.380227.xyz/ss免费账号/
2026/1/13 15:01:55Extracted src: https://fan2.380227.xyz/ss免费账号/
2026/1/13 15:01:56: getting new Url ->  https://fan2.380227.xyz/ss免费账号/
2026/1/13 15:01:53: C:\Users\Administrator\scoop\apps\nodejs24\current\node.exe
2026/1/13 15:01:56: parse_data() -> https://fan2.380227.xyz/v2ray免费账号/
2026/1/13 15:01:56: parse_data() -> https://fan2.380227.xyz/ss免费账号/
2026/1/13 16:02:55Extracted src: https://fan2.380227.xyz/ss免费账号/
2026/1/13 16:02:52: C:\Users\Administrator\scoop\apps\nodejs24\current\node.exe
2026/1/13 16:02:55: getting new Url ->  https://fan2.380227.xyz/ss免费账号/
2026/1/13 16:02:55: parse_data() -> https://fan2.380227.xyz/ss免费账号/
2026/1/13 16:02:55: parse_data() -> https://fan2.380227.xyz/v2ray免费账号/
2026/1/13 16:44:44Extracted src: https://fan2.380227.xyz/ss免费账号/
2026/1/13 16:44:42: C:\Users\Administrator\scoop\apps\nodejs24\current\node.exe
2026/1/13 16:44:44: parse_data() -> https://fan2.380227.xyz/ss免费账号/
2026/1/13 16:44:44: getting new Url ->  https://fan2.380227.xyz/ss免费账号/
2026/1/13 16:44:44: parse_data() -> https://fan2.380227.xyz/v2ray免费账号/
2026/1/13 17:08:56Extracted src: https://fan2.380227.xyz/ss免费账号/
2026/1/13 17:36:13Extracted src: https://fan3.206102.xyz/v2ray免费账号/
2026/1/13 17:36:38Extracted src: https://fan3.206102.xyz/v2ray免费账号/
2026/1/13 17:37:35Extracted src: https://fan3.206102.xyz/v2ray免费账号/
2026/1/13 17:37:32: C:\Users\Administrator\scoop\apps\nodejs24\current\node.exe
2026/1/13 17:37:35: getting new Url ->  https://fan3.206102.xyz/v2ray免费账号/
2026/1/13 17:37:35: parse_data() -> https://fan3.206102.xyz/v2ray免费账号/
2026/1/13 17:37:35: parse_data() -> https://fan3.206102.xyz/v2ray免费账号/
2026/1/13 17:39:54Extracted src: https://fan3.206102.xyz/v2ray免费账号/
2026/1/13 17:43:23Extracted src: https://fan3.206102.xyz/v2ray免费账号/
2026/1/13 17:43:23: parse_data() -> https://fan3.206102.xyz/v2ray免费账号/
2026/1/13 17:43:21: C:\Users\Administrator\scoop\apps\nodejs24\current\node.exe
2026/1/13 17:43:23: getting new Url ->  https://fan3.206102.xyz/v2ray免费账号/
2026/1/13 17:43:23: parse_data() -> https://fan3.206102.xyz/ss免费账号/
2026/1/13 19:10:32Extracted src: https://fan3.206102.xyz/v2ray免费账号/
2026/1/13 20:20:48Extracted src: https://fan3.206102.xyz/v2ray免费账号/
2026/1/13 20:20:45: C:\Users\Administrator\scoop\apps\nodejs24\current\node.exe
2026/1/13 20:20:48: parse_data() -> https://fan3.206102.xyz/v2ray免费账号/
2026/1/13 20:20:48: getting new Url ->  https://fan3.206102.xyz/v2ray免费账号/
2026/1/13 20:20:48: parse_data() -> https://fan3.206102.xyz/ss免费账号/
2026/1/13 20:20:52: parse.js -> Fetch error: AxiosError: Network Error
2026/1/13 20:21:01Extracted src: https://fan3.206102.xyz/v2ray免费账号/
2026/1/13 20:20:58: C:\Users\Administrator\scoop\apps\nodejs24\current\node.exe
2026/1/13 20:21:01: getting new Url ->  https://fan3.206102.xyz/v2ray免费账号/
2026/1/13 20:21:01: parse_data() -> https://fan3.206102.xyz/v2ray免费账号/
2026/1/13 20:21:01: parse_data() -> https://fan3.206102.xyz/ss免费账号/
2026/1/13 21:21:55Extracted src: https://fan3.206102.xyz/v2ray免费账号/
2026/1/13 21:21:53: C:\Users\Administrator\scoop\apps\nodejs24\current\node.exe
2026/1/13 21:21:55: getting new Url ->  https://fan3.206102.xyz/v2ray免费账号/
2026/1/13 21:21:55: parse_data() -> https://fan3.206102.xyz/ss免费账号/
2026/1/13 21:21:55: parse_data() -> https://fan3.206102.xyz/v2ray免费账号/
2026/1/13 22:22:58Extracted src: https://fan3.206102.xyz/v2ray免费账号/
2026/1/13 22:22:55: C:\Users\Administrator\scoop\apps\nodejs24\current\node.exe
2026/1/13 22:22:58: getting new Url ->  https://fan3.206102.xyz/v2ray免费账号/
2026/1/13 22:22:58: parse_data() -> https://fan3.206102.xyz/v2ray免费账号/
2026/1/13 22:22:58: parse_data() -> https://fan3.206102.xyz/ss免费账号/
2026/1/13 23:23:58Extracted src: https://fan3.206102.xyz/v2ray免费账号/
2026/1/13 23:23:53: C:\Users\Administrator\scoop\apps\nodejs24\current\node.exe
2026/1/13 23:23:58: getting new Url ->  https://fan3.206102.xyz/v2ray免费账号/
2026/1/13 23:23:58: parse_data() -> https://fan3.206102.xyz/v2ray免费账号/
2026/1/13 23:23:58: parse_data() -> https://fan3.206102.xyz/ss免费账号/
2026/1/14 00:24:58Extracted src: https://fan3.206102.xyz/v2ray免费账号/
2026/1/14 00:24:53: C:\Users\Administrator\scoop\apps\nodejs24\current\node.exe
2026/1/14 00:24:58: parse_data() -> https://fan3.206102.xyz/v2ray免费账号/
2026/1/14 00:24:58: getting new Url ->  https://fan3.206102.xyz/v2ray免费账号/
2026/1/14 00:24:58: parse_data() -> https://fan3.206102.xyz/ss免费账号/
2026/1/14 00:25:04: parse.js -> Fetch error: AxiosError: Network Error
2026/1/14 01:25:55Extracted src: https://fan3.206102.xyz/v2ray免费账号/
2026/1/14 01:25:53: C:\Users\Administrator\scoop\apps\nodejs24\current\node.exe
2026/1/14 01:25:55: getting new Url ->  https://fan3.206102.xyz/v2ray免费账号/
2026/1/14 01:25:55: parse_data() -> https://fan3.206102.xyz/ss免费账号/
2026/1/14 01:25:55: parse_data() -> https://fan3.206102.xyz/v2ray免费账号/
2026/1/14 12:12:19Extracted src: https://fan3.206102.xyz/v2ray免费账号/
2026/1/14 12:12:17: C:\Users\Administrator\scoop\apps\nodejs24\current\node.exe
2026/1/14 12:12:20: getting new Url ->  https://fan3.206102.xyz/v2ray免费账号/
2026/1/14 12:12:20: parse_data() -> https://fan3.206102.xyz/v2ray免费账号/
2026/1/14 12:12:20: parse_data() -> https://fan3.206102.xyz/ss免费账号/
2026/1/14 14:14:22Extracted src: https://fan3.206102.xyz/v2ray免费账号/
2026/1/14 14:14:16: C:\Users\Administrator\scoop\apps\nodejs24\current\node.exe
2026/1/14 14:14:22: getting new Url ->  https://fan3.206102.xyz/v2ray免费账号/
2026/1/14 14:14:22: parse_data() -> https://fan3.206102.xyz/ss免费账号/
2026/1/14 14:14:22: parse_data() -> https://fan3.206102.xyz/v2ray免费账号/
2026/1/14 15:15:18Extracted src: https://fan3.206102.xyz/v2ray免费账号/
2026/1/14 15:15:15: C:\Users\Administrator\scoop\apps\nodejs24\current\node.exe
2026/1/14 15:15:18: getting new Url ->  https://fan3.206102.xyz/v2ray免费账号/
2026/1/14 15:15:18: parse_data() -> https://fan3.206102.xyz/v2ray免费账号/
2026/1/14 15:15:18: parse_data() -> https://fan3.206102.xyz/ss免费账号/
2026/1/14 16:16:19Extracted src: https://fan3.206102.xyz/v2ray免费账号/
2026/1/14 16:16:15: C:\Users\Administrator\scoop\apps\nodejs24\current\node.exe
2026/1/14 16:16:19: parse_data() -> https://fan3.206102.xyz/ss免费账号/
2026/1/14 16:16:19: parse_data() -> https://fan3.206102.xyz/v2ray免费账号/
2026/1/14 16:16:19: getting new Url ->  https://fan3.206102.xyz/v2ray免费账号/
2026/1/14 17:17:18Extracted src: https://fan3.206102.xyz/v2ray免费账号/
2026/1/14 17:17:15: C:\Users\Administrator\scoop\apps\nodejs24\current\node.exe
2026/1/14 17:17:18: getting new Url ->  https://fan3.206102.xyz/v2ray免费账号/
2026/1/14 17:17:18: parse_data() -> https://fan3.206102.xyz/v2ray免费账号/
2026/1/14 17:17:18: parse_data() -> https://fan3.206102.xyz/ss免费账号/
2026/1/14 18:18:18Extracted src: https://fan3.206102.xyz/v2ray免费账号/
2026/1/14 18:18:18: getting new Url ->  https://fan3.206102.xyz/v2ray免费账号/
2026/1/14 18:18:18: parse_data() -> https://fan3.206102.xyz/v2ray免费账号/
2026/1/14 18:18:16: C:\Users\Administrator\scoop\apps\nodejs24\current\node.exe
2026/1/14 18:18:18: parse_data() -> https://fan3.206102.xyz/ss免费账号/
2026/1/14 20:20:19Extracted src: https://fan3.206102.xyz/v2ray免费账号/
2026/1/14 20:20:16: C:\Users\Administrator\scoop\apps\nodejs24\current\node.exe
2026/1/14 20:20:19: getting new Url ->  https://fan3.206102.xyz/v2ray免费账号/
2026/1/14 20:20:19: parse_data() -> https://fan3.206102.xyz/v2ray免费账号/
2026/1/14 20:20:19: parse_data() -> https://fan3.206102.xyz/ss免费账号/
2026/1/14 21:21:19Extracted src: https://fan3.206102.xyz/v2ray免费账号/
2026/1/14 21:21:15: C:\Users\Administrator\scoop\apps\nodejs24\current\node.exe
2026/1/14 21:21:19: getting new Url ->  https://fan3.206102.xyz/v2ray免费账号/
2026/1/14 21:21:19: parse_data() -> https://fan3.206102.xyz/ss免费账号/
2026/1/14 21:21:19: parse_data() -> https://fan3.206102.xyz/v2ray免费账号/
2026/1/14 22:22:20Extracted src: https://fan3.206102.xyz/v2ray免费账号/
2026/1/14 22:22:16: C:\Users\Administrator\scoop\apps\nodejs24\current\node.exe
2026/1/14 22:22:20: getting new Url ->  https://fan3.206102.xyz/v2ray免费账号/
2026/1/14 22:22:20: parse_data() -> https://fan3.206102.xyz/v2ray免费账号/
2026/1/14 22:22:20: parse_data() -> https://fan3.206102.xyz/ss免费账号/
2026/1/15 09:47:20Extracted src: https://fan3.206102.xyz/v2ray免费账号/
2026/1/15 09:47:18: C:\Users\Administrator\scoop\apps\nodejs24\current\node.exe
2026/1/15 09:47:20: parse_data() -> https://fan3.206102.xyz/v2ray免费账号/
2026/1/15 09:47:20: getting new Url ->  https://fan3.206102.xyz/v2ray免费账号/
2026/1/15 09:47:20: parse_data() -> https://fan3.206102.xyz/ss免费账号/
2026/1/15 09:54:24Extracted src: https://fan3.206102.xyz/v2ray免费账号/
2026/1/15 09:54:21: C:\Users\Administrator\scoop\apps\nodejs24\current\node.exe
2026/1/15 09:54:24: parse_data() -> https://fan3.206102.xyz/ss免费账号/
2026/1/15 09:54:24: parse_data() -> https://fan3.206102.xyz/v2ray免费账号/
2026/1/15 09:54:24: getting new Url ->  https://fan3.206102.xyz/v2ray免费账号/
2026/1/15 10:55:07Extracted src: https://fan3.206102.xyz/v2ray免费账号/
2026/1/15 10:55:04: C:\Users\Administrator\scoop\apps\nodejs24\current\node.exe
2026/1/15 10:55:07: getting new Url ->  https://fan3.206102.xyz/v2ray免费账号/
2026/1/15 10:55:07: parse_data() -> https://fan3.206102.xyz/ss免费账号/
2026/1/15 10:55:07: parse_data() -> https://fan3.206102.xyz/v2ray免费账号/
2026/1/15 11:56:05Extracted src: https://fan3.206102.xyz/v2ray免费账号/
2026/1/15 11:56:02: C:\Users\Administrator\scoop\apps\nodejs24\current\node.exe
2026/1/15 11:56:05: getting new Url ->  https://fan3.206102.xyz/v2ray免费账号/
2026/1/15 11:56:05: parse_data() -> https://fan3.206102.xyz/ss免费账号/
2026/1/15 11:56:05: parse_data() -> https://fan3.206102.xyz/v2ray免费账号/
2026/1/15 17:16:08Extracted src: https://fan3.206102.xyz/v2ray免费账号/
2026/1/15 17:16:04: C:\Users\Administrator\scoop\apps\nodejs24\current\node.exe
2026/1/15 17:16:08: parse_data() -> https://fan3.206102.xyz/v2ray免费账号/
2026/1/15 17:16:08: getting new Url ->  https://fan3.206102.xyz/v2ray免费账号/
2026/1/15 17:16:08: parse_data() -> https://fan3.206102.xyz/ss免费账号/
2026/1/15 17:16:10: parse.js -> Fetch error: AxiosError: Request failed with status code 502
2026/1/15 18:17:08Extracted src: https://fan3.206102.xyz/v2ray免费账号/
2026/1/15 18:17:08: getting new Url ->  https://fan3.206102.xyz/v2ray免费账号/
2026/1/15 18:17:05: C:\Users\Administrator\scoop\apps\nodejs24\current\node.exe
2026/1/15 18:17:08: parse_data() -> https://fan3.206102.xyz/v2ray免费账号/
2026/1/15 18:17:08: parse_data() -> https://fan3.206102.xyz/ss免费账号/
2026/1/15 19:18:07Extracted src: https://fan3.206102.xyz/v2ray免费账号/
2026/1/15 19:18:07: getting new Url ->  https://fan3.206102.xyz/v2ray免费账号/
2026/1/15 19:18:05: C:\Users\Administrator\scoop\apps\nodejs24\current\node.exe
2026/1/15 19:18:07: parse_data() -> https://fan3.206102.xyz/v2ray免费账号/
2026/1/15 19:18:07: parse_data() -> https://fan3.206102.xyz/ss免费账号/
2026/1/15 20:19:08Extracted src: https://fan3.206102.xyz/v2ray免费账号/
2026/1/15 20:19:08: getting new Url ->  https://fan3.206102.xyz/v2ray免费账号/
2026/1/15 20:19:05: C:\Users\Administrator\scoop\apps\nodejs24\current\node.exe
2026/1/15 20:19:08: parse_data() -> https://fan3.206102.xyz/v2ray免费账号/
2026/1/15 20:19:08: parse_data() -> https://fan3.206102.xyz/ss免费账号/
2026/1/15 21:20:15Extracted src: https://fan3.206102.xyz/v2ray免费账号/
2026/1/15 21:20:05: C:\Users\Administrator\scoop\apps\nodejs24\current\node.exe
2026/1/15 21:20:16: getting new Url ->  https://fan3.206102.xyz/v2ray免费账号/
2026/1/15 21:20:16: parse_data() -> https://fan3.206102.xyz/ss免费账号/
2026/1/15 21:20:16: parse_data() -> https://fan3.206102.xyz/v2ray免费账号/
2026/1/15 22:21:08Extracted src: https://fan3.206102.xyz/v2ray免费账号/
2026/1/15 22:21:05: C:\Users\Administrator\scoop\apps\nodejs24\current\node.exe
2026/1/15 22:21:08: getting new Url ->  https://fan3.206102.xyz/v2ray免费账号/
2026/1/15 22:21:08: parse_data() -> https://fan3.206102.xyz/ss免费账号/
2026/1/15 22:21:08: parse_data() -> https://fan3.206102.xyz/v2ray免费账号/
2026/1/16 09:33:26Extracted src: https://fan3.206102.xyz/v2ray免费账号/
2026/1/16 09:33:23: C:\Users\Administrator\scoop\apps\nodejs24\current\node.exe
2026/1/16 09:33:26: getting new Url ->  https://fan3.206102.xyz/v2ray免费账号/
2026/1/16 09:33:26: parse_data() -> https://fan3.206102.xyz/v2ray免费账号/
2026/1/16 09:33:26: parse_data() -> https://fan3.206102.xyz/ss免费账号/
2026/1/16 10:34:11Extracted src: https://fan3.206102.xyz/v2ray免费账号/
2026/1/16 10:34:08: C:\Users\Administrator\scoop\apps\nodejs24\current\node.exe
2026/1/16 10:34:11: getting new Url ->  https://fan3.206102.xyz/v2ray免费账号/
2026/1/16 10:34:11: parse_data() -> https://fan3.206102.xyz/v2ray免费账号/
2026/1/16 10:34:11: parse_data() -> https://fan3.206102.xyz/ss免费账号/
2026/1/16 11:35:11Extracted src: https://fan3.206102.xyz/v2ray免费账号/
2026/1/16 11:35:06: C:\Users\Administrator\scoop\apps\nodejs24\current\node.exe
2026/1/16 11:35:11: parse_data() -> https://fan3.206102.xyz/v2ray免费账号/
2026/1/16 11:35:11: getting new Url ->  https://fan3.206102.xyz/v2ray免费账号/
2026/1/16 11:35:11: parse_data() -> https://fan3.206102.xyz/ss免费账号/
2026/1/16 12:36:12Extracted src: https://fan3.206102.xyz/v2ray免费账号/
2026/1/16 12:36:08: C:\Users\Administrator\scoop\apps\nodejs24\current\node.exe
2026/1/16 12:36:12: getting new Url ->  https://fan3.206102.xyz/v2ray免费账号/
2026/1/16 12:36:12: parse_data() -> https://fan3.206102.xyz/v2ray免费账号/
2026/1/16 12:36:12: parse_data() -> https://fan3.206102.xyz/ss免费账号/
2026/1/16 16:55:09Extracted src: https://fan3.206102.xyz/v2ray免费账号/
2026/1/16 16:55:06: C:\Users\Administrator\scoop\apps\nodejs24\current\node.exe
2026/1/16 16:55:09: parse_data() -> https://fan3.206102.xyz/ss免费账号/
2026/1/16 16:55:09: parse_data() -> https://fan3.206102.xyz/v2ray免费账号/
2026/1/16 16:55:09: getting new Url ->  https://fan3.206102.xyz/v2ray免费账号/
2026/1/16 17:56:09Extracted src: https://fan3.206102.xyz/v2ray免费账号/
2026/1/16 17:56:09: getting new Url ->  https://fan3.206102.xyz/v2ray免费账号/
2026/1/16 17:56:06: C:\Users\Administrator\scoop\apps\nodejs24\current\node.exe
2026/1/16 17:56:09: parse_data() -> https://fan3.206102.xyz/v2ray免费账号/
2026/1/16 17:56:09: parse_data() -> https://fan3.206102.xyz/ss免费账号/
2026/1/16 19:58:15Extracted src: https://fan3.206102.xyz/v2ray免费账号/
2026/1/16 19:58:15: parse_data() -> https://fan3.206102.xyz/v2ray免费账号/
2026/1/16 19:58:08: C:\Users\Administrator\scoop\apps\nodejs24\current\node.exe
2026/1/16 19:58:15: getting new Url ->  https://fan3.206102.xyz/v2ray免费账号/
2026/1/16 19:58:15: parse_data() -> https://fan3.206102.xyz/ss免费账号/
2026/1/16 20:59:12Extracted src: https://fan3.206102.xyz/v2ray免费账号/
2026/1/16 20:59:08: C:\Users\Administrator\scoop\apps\nodejs24\current\node.exe
2026/1/16 20:59:12: parse_data() -> https://fan3.206102.xyz/ss免费账号/
2026/1/16 20:59:12: getting new Url ->  https://fan3.206102.xyz/v2ray免费账号/
2026/1/16 20:59:12: parse_data() -> https://fan3.206102.xyz/v2ray免费账号/
2026/1/16 22:00:12Extracted src: https://fan3.206102.xyz/v2ray免费账号/
2026/1/16 22:00:09: C:\Users\Administrator\scoop\apps\nodejs24\current\node.exe
2026/1/16 22:00:12: parse_data() -> https://fan3.206102.xyz/v2ray免费账号/
2026/1/16 22:00:12: getting new Url ->  https://fan3.206102.xyz/v2ray免费账号/
2026/1/16 22:00:12: parse_data() -> https://fan3.206102.xyz/ss免费账号/
2026/1/16 23:01:18Extracted src: https://fan3.206102.xyz/v2ray免费账号/
2026/1/16 23:01:18: getting new Url ->  https://fan3.206102.xyz/v2ray免费账号/
2026/1/16 23:01:07: C:\Users\Administrator\scoop\apps\nodejs24\current\node.exe
2026/1/16 23:01:18: parse_data() -> https://fan3.206102.xyz/v2ray免费账号/
2026/1/16 23:01:18: parse_data() -> https://fan3.206102.xyz/ss免费账号/
2026/1/17 08:12:08Extracted src: https://fan3.206102.xyz/v2ray免费账号/
2026/1/17 08:12:05: C:\Users\Administrator\scoop\apps\nodejs24\current\node.exe
2026/1/17 08:12:08: getting new Url ->  https://fan3.206102.xyz/v2ray免费账号/
2026/1/17 08:12:08: parse_data() -> https://fan3.206102.xyz/v2ray免费账号/
2026/1/17 08:12:08: parse_data() -> https://fan3.206102.xyz/ss免费账号/
2026/1/17 08:26:35Extracted src: t
2026/1/17 08:28:10Extracted src: https://fan3.206102.xyz/v2ray免费账号/
2026/1/17 08:28:06: C:\Users\Administrator\scoop\apps\nodejs24\current\node.exe
2026/1/17 08:28:10: getting new Url ->  https://fan3.206102.xyz/v2ray免费账号/
2026/1/17 08:28:10: parse_data() -> https://fan3.206102.xyz/ss免费账号/
2026/1/17 08:28:10: parse_data() -> https://fan3.206102.xyz/v2ray免费账号/
2026/1/17 09:29:10Extracted src: https://fan3.206102.xyz/v2ray免费账号/
2026/1/17 09:29:06: C:\Users\Administrator\scoop\apps\nodejs24\current\node.exe
2026/1/17 09:29:10: getting new Url ->  https://fan3.206102.xyz/v2ray免费账号/
2026/1/17 09:29:10: parse_data() -> https://fan3.206102.xyz/v2ray免费账号/
2026/1/17 09:29:10: parse_data() -> https://fan3.206102.xyz/ss免费账号/
2026/1/17 13:52:11Extracted src: https://fan3.206102.xyz/v2ray免费账号/
2026/1/17 13:52:04: C:\Users\Administrator\scoop\apps\nodejs24\current\node.exe
2026/1/17 13:52:11: getting new Url ->  https://fan3.206102.xyz/v2ray免费账号/
2026/1/17 13:52:11: parse_data() -> https://fan3.206102.xyz/ss免费账号/
2026/1/17 13:52:11: parse_data() -> https://fan3.206102.xyz/v2ray免费账号/
2026/1/17 14:53:16Extracted src: https://fan3.206102.xyz/v2ray免费账号/
2026/1/17 14:53:16: getting new Url ->  https://fan3.206102.xyz/v2ray免费账号/
2026/1/17 14:53:16: parse_data() -> https://fan3.206102.xyz/ss免费账号/
2026/1/17 14:53:08: C:\Users\Administrator\scoop\apps\nodejs24\current\node.exe
2026/1/17 14:53:16: parse_data() -> https://fan3.206102.xyz/v2ray免费账号/
2026/1/17 16:05:14Extracted src: https://fan3.206102.xyz/v2ray免费账号/
2026/1/17 16:05:04: C:\Users\Administrator\scoop\apps\nodejs24\current\node.exe
2026/1/17 16:05:14: getting new Url ->  https://fan3.206102.xyz/v2ray免费账号/
2026/1/17 16:05:14: parse_data() -> https://fan3.206102.xyz/ss免费账号/
2026/1/17 16:05:14: parse_data() -> https://fan3.206102.xyz/v2ray免费账号/
2026/1/17 17:07:08Extracted src: https://fan3.206102.xyz/v2ray免费账号/
2026/1/17 17:07:08: getting new Url ->  https://fan3.206102.xyz/v2ray免费账号/
2026/1/17 17:07:05: C:\Users\Administrator\scoop\apps\nodejs24\current\node.exe
2026/1/17 17:07:08: parse_data() -> https://fan3.206102.xyz/ss免费账号/
2026/1/17 17:07:08: parse_data() -> https://fan3.206102.xyz/v2ray免费账号/
2026/1/17 18:09:07Extracted src: https://fan3.206102.xyz/v2ray免费账号/
2026/1/17 18:09:04: C:\Users\Administrator\scoop\apps\nodejs24\current\node.exe
2026/1/17 18:09:07: getting new Url ->  https://fan3.206102.xyz/v2ray免费账号/
2026/1/17 18:09:07: parse_data() -> https://fan3.206102.xyz/v2ray免费账号/
2026/1/17 18:09:07: parse_data() -> https://fan3.206102.xyz/ss免费账号/
2026/1/17 19:11:08Extracted src: https://fan3.206102.xyz/v2ray免费账号/
2026/1/17 19:11:05: C:\Users\Administrator\scoop\apps\nodejs24\current\node.exe
2026/1/17 19:11:08: getting new Url ->  https://fan3.206102.xyz/v2ray免费账号/
2026/1/17 19:11:08: parse_data() -> https://fan3.206102.xyz/ss免费账号/
2026/1/17 19:11:08: parse_data() -> https://fan3.206102.xyz/v2ray免费账号/
2026/1/17 20:13:09Extracted src: https://fan3.206102.xyz/v2ray免费账号/
2026/1/17 20:13:09: getting new Url ->  https://fan3.206102.xyz/v2ray免费账号/
2026/1/17 20:13:05: C:\Users\Administrator\scoop\apps\nodejs24\current\node.exe
2026/1/17 20:13:09: parse_data() -> https://fan3.206102.xyz/ss免费账号/
2026/1/17 20:13:09: parse_data() -> https://fan3.206102.xyz/v2ray免费账号/
2026/1/17 22:24:12Extracted src: https://fan3.206102.xyz/v2ray免费账号/
2026/1/17 22:24:05: C:\Users\Administrator\scoop\apps\nodejs24\current\node.exe
2026/1/17 22:24:12: parse_data() -> https://fan3.206102.xyz/ss免费账号/
2026/1/17 22:24:12: parse_data() -> https://fan3.206102.xyz/v2ray免费账号/
2026/1/17 22:24:12: getting new Url ->  https://fan3.206102.xyz/v2ray免费账号/
2026/1/18 14:04:08Extracted src: https://fan3.206102.xyz/v2ray免费账号/
2026/1/18 14:04:05: C:\Users\Administrator\scoop\apps\nodejs24\current\node.exe
2026/1/18 14:04:08: parse_data() -> https://fan3.206102.xyz/ss免费账号/
2026/1/18 14:04:08: getting new Url ->  https://fan3.206102.xyz/v2ray免费账号/
2026/1/18 14:04:08: parse_data() -> https://fan3.206102.xyz/v2ray免费账号/
2026/1/18 15:06:08Extracted src: https://fan3.206102.xyz/v2ray免费账号/
2026/1/18 15:06:04: C:\Users\Administrator\scoop\apps\nodejs24\current\node.exe
2026/1/18 15:06:08: getting new Url ->  https://fan3.206102.xyz/v2ray免费账号/
2026/1/18 15:06:08: parse_data() -> https://fan3.206102.xyz/v2ray免费账号/
2026/1/18 15:06:08: parse_data() -> https://fan3.206102.xyz/ss免费账号/
2026/1/18 16:08:07Extracted src: https://fan3.206102.xyz/v2ray免费账号/
2026/1/18 16:08:04: C:\Users\Administrator\scoop\apps\nodejs24\current\node.exe
2026/1/18 16:08:07: getting new Url ->  https://fan3.206102.xyz/v2ray免费账号/
2026/1/18 16:08:07: parse_data() -> https://fan3.206102.xyz/v2ray免费账号/
2026/1/18 16:08:07: parse_data() -> https://fan3.206102.xyz/ss免费账号/
2026/1/18 17:10:15Extracted src: https://fan3.206102.xyz/v2ray免费账号/
2026/1/18 17:10:07: C:\Users\Administrator\scoop\apps\nodejs24\current\node.exe
2026/1/18 17:10:15: getting new Url ->  https://fan3.206102.xyz/v2ray免费账号/
2026/1/18 17:10:15: parse_data() -> https://fan3.206102.xyz/ss免费账号/
2026/1/18 17:10:15: parse_data() -> https://fan3.206102.xyz/v2ray免费账号/
2026/1/18 20:14:12Extracted src: https://fan3.206102.xyz/v2ray免费账号/
2026/1/18 20:14:07: C:\Users\Administrator\scoop\apps\nodejs24\current\node.exe
2026/1/18 20:14:12: getting new Url ->  https://fan3.206102.xyz/v2ray免费账号/
2026/1/18 20:14:12: parse_data() -> https://fan3.206102.xyz/v2ray免费账号/
2026/1/18 20:14:12: parse_data() -> https://fan3.206102.xyz/ss免费账号/
2026/1/18 21:15:15Extracted src: https://fan3.206102.xyz/v2ray免费账号/
2026/1/18 21:15:07: C:\Users\Administrator\scoop\apps\nodejs24\current\node.exe
2026/1/18 21:15:15: getting new Url ->  https://fan3.206102.xyz/v2ray免费账号/
2026/1/18 21:15:15: parse_data() -> https://fan3.206102.xyz/v2ray免费账号/
2026/1/18 21:15:15: parse_data() -> https://fan3.206102.xyz/ss免费账号/
2026/1/18 22:17:13Extracted src: https://fan3.206102.xyz/v2ray免费账号/
2026/1/18 22:17:06: C:\Users\Administrator\scoop\apps\nodejs24\current\node.exe
2026/1/18 22:17:13: parse_data() -> https://fan3.206102.xyz/v2ray免费账号/
2026/1/18 22:17:13: getting new Url ->  https://fan3.206102.xyz/v2ray免费账号/
2026/1/18 22:17:13: parse_data() -> https://fan3.206102.xyz/ss免费账号/
2026/1/19 10:35:10Extracted src: https://fan3.206102.xyz/v2ray免费账号/
2026/1/19 10:35:07: C:\Users\Administrator\scoop\apps\nodejs24\current\node.exe
2026/1/19 10:35:10: getting new Url ->  https://fan3.206102.xyz/v2ray免费账号/
2026/1/19 10:35:10: parse_data() -> https://fan3.206102.xyz/ss免费账号/
2026/1/19 10:35:10: parse_data() -> https://fan3.206102.xyz/v2ray免费账号/
2026/1/19 11:37:20Extracted src: https://fan3.206102.xyz/v2ray免费账号/
2026/1/19 11:37:13: C:\Users\Administrator\scoop\apps\nodejs24\current\node.exe
2026/1/19 11:37:20: parse_data() -> https://fan3.206102.xyz/v2ray免费账号/
2026/1/19 11:37:20: parse_data() -> https://fan3.206102.xyz/ss免费账号/
2026/1/19 11:37:20: getting new Url ->  https://fan3.206102.xyz/v2ray免费账号/
2026/1/19 14:26:11Extracted src: https://fan3.206102.xyz/v2ray免费账号/
2026/1/19 14:26:08: C:\Users\Administrator\scoop\apps\nodejs24\current\node.exe
2026/1/19 14:26:11: parse_data() -> https://fan3.206102.xyz/v2ray免费账号/
2026/1/19 14:26:11: parse_data() -> https://fan3.206102.xyz/ss免费账号/
2026/1/19 14:26:11: getting new Url ->  https://fan3.206102.xyz/v2ray免费账号/
2026/1/19 15:27:14Extracted src: https://fan3.206102.xyz/v2ray免费账号/
2026/1/19 15:27:14: getting new Url ->  https://fan3.206102.xyz/v2ray免费账号/
2026/1/19 15:27:14: parse_data() -> https://fan3.206102.xyz/ss免费账号/
2026/1/19 15:27:10: C:\Users\Administrator\scoop\apps\nodejs24\current\node.exe
2026/1/19 15:27:14: parse_data() -> https://fan3.206102.xyz/v2ray免费账号/
2026/1/19 16:28:11Extracted src: https://fan3.206102.xyz/v2ray免费账号/
2026/1/19 16:28:07: C:\Users\Administrator\scoop\apps\nodejs24\current\node.exe
2026/1/19 16:28:11: getting new Url ->  https://fan3.206102.xyz/v2ray免费账号/
2026/1/19 16:28:11: parse_data() -> https://fan3.206102.xyz/ss免费账号/
2026/1/19 16:28:11: parse_data() -> https://fan3.206102.xyz/v2ray免费账号/
2026/1/19 17:30:11Extracted src: https://fan3.206102.xyz/v2ray免费账号/
2026/1/19 17:30:08: C:\Users\Administrator\scoop\apps\nodejs24\current\node.exe
2026/1/19 17:30:11: getting new Url ->  https://fan3.206102.xyz/v2ray免费账号/
2026/1/19 17:30:11: parse_data() -> https://fan3.206102.xyz/v2ray免费账号/
2026/1/19 17:30:11: parse_data() -> https://fan3.206102.xyz/ss免费账号/
2026/1/19 18:32:11Extracted src: https://fan3.206102.xyz/v2ray免费账号/
2026/1/19 18:32:08: C:\Users\Administrator\scoop\apps\nodejs24\current\node.exe
2026/1/19 18:32:11: parse_data() -> https://fan3.206102.xyz/v2ray免费账号/
2026/1/19 18:32:11: getting new Url ->  https://fan3.206102.xyz/v2ray免费账号/
2026/1/19 18:32:11: parse_data() -> https://fan3.206102.xyz/ss免费账号/
2026/1/19 20:36:12Extracted src: https://fan3.206102.xyz/v2ray免费账号/
2026/1/19 20:36:09: C:\Users\Administrator\scoop\apps\nodejs24\current\node.exe
2026/1/19 20:36:12: parse_data() -> https://fan3.206102.xyz/v2ray免费账号/
2026/1/19 20:36:12: getting new Url ->  https://fan3.206102.xyz/v2ray免费账号/
2026/1/19 20:36:12: parse_data() -> https://fan3.206102.xyz/ss免费账号/
2026/1/19 21:38:17Extracted src: https://fan3.206102.xyz/v2ray免费账号/
2026/1/19 21:38:08: C:\Users\Administrator\scoop\apps\nodejs24\current\node.exe
2026/1/19 21:38:17: parse_data() -> https://fan3.206102.xyz/v2ray免费账号/
2026/1/19 21:38:17: getting new Url ->  https://fan3.206102.xyz/v2ray免费账号/
2026/1/19 21:38:17: parse_data() -> https://fan3.206102.xyz/ss免费账号/
2026/1/19 22:40:11Extracted src: https://fan3.206102.xyz/v2ray免费账号/
2026/1/19 22:40:11: getting new Url ->  https://fan3.206102.xyz/v2ray免费账号/
2026/1/19 22:40:08: C:\Users\Administrator\scoop\apps\nodejs24\current\node.exe
2026/1/19 22:40:11: parse_data() -> https://fan3.206102.xyz/ss免费账号/
2026/1/19 22:40:11: parse_data() -> https://fan3.206102.xyz/v2ray免费账号/
2026/1/19 23:42:16Extracted src: https://fan3.206102.xyz/v2ray免费账号/
2026/1/19 23:42:08: C:\Users\Administrator\scoop\apps\nodejs24\current\node.exe
2026/1/19 23:42:16: getting new Url ->  https://fan3.206102.xyz/v2ray免费账号/
2026/1/19 23:42:16: parse_data() -> https://fan3.206102.xyz/v2ray免费账号/
2026/1/19 23:42:16: parse_data() -> https://fan3.206102.xyz/ss免费账号/
2026/1/20 00:44:12Extracted src: https://fan3.206102.xyz/v2ray免费账号/
2026/1/20 00:44:09: C:\Users\Administrator\scoop\apps\nodejs24\current\node.exe
2026/1/20 00:44:12: getting new Url ->  https://fan3.206102.xyz/v2ray免费账号/
2026/1/20 00:44:12: parse_data() -> https://fan3.206102.xyz/ss免费账号/
2026/1/20 00:44:12: parse_data() -> https://fan3.206102.xyz/v2ray免费账号/
2026/1/20 01:45:16Extracted src: https://fan3.206102.xyz/v2ray免费账号/
2026/1/20 01:45:11: C:\Users\Administrator\scoop\apps\nodejs24\current\node.exe
2026/1/20 01:45:17: getting new Url ->  https://fan3.206102.xyz/v2ray免费账号/
2026/1/20 01:45:17: parse_data() -> https://fan3.206102.xyz/v2ray免费账号/
2026/1/20 01:45:17: parse_data() -> https://fan3.206102.xyz/ss免费账号/
2026/1/20 02:46:12Extracted src: https://fan3.206102.xyz/v2ray免费账号/
2026/1/20 02:46:09: C:\Users\Administrator\scoop\apps\nodejs24\current\node.exe
2026/1/20 02:46:12: getting new Url ->  https://fan3.206102.xyz/v2ray免费账号/
2026/1/20 02:46:12: parse_data() -> https://fan3.206102.xyz/v2ray免费账号/
2026/1/20 02:46:12: parse_data() -> https://fan3.206102.xyz/ss免费账号/
2026/1/20 03:47:28Extracted src: https://fan3.206102.xyz/v2ray免费账号/
2026/1/20 03:47:25: C:\Users\Administrator\scoop\apps\nodejs24\current\node.exe
2026/1/20 03:47:28: getting new Url ->  https://fan3.206102.xyz/v2ray免费账号/
2026/1/20 03:47:28: parse_data() -> https://fan3.206102.xyz/ss免费账号/
2026/1/20 03:47:28: parse_data() -> https://fan3.206102.xyz/v2ray免费账号/
2026/1/20 04:48:13Extracted src: https://fan3.206102.xyz/v2ray免费账号/
2026/1/20 04:48:10: C:\Users\Administrator\scoop\apps\nodejs24\current\node.exe
2026/1/20 04:48:13: getting new Url ->  https://fan3.206102.xyz/v2ray免费账号/
2026/1/20 04:48:13: parse_data() -> https://fan3.206102.xyz/ss免费账号/
2026/1/20 04:48:13: parse_data() -> https://fan3.206102.xyz/v2ray免费账号/
2026/1/20 05:50:11Extracted src: https://fan3.206102.xyz/v2ray免费账号/
2026/1/20 05:50:08: C:\Users\Administrator\scoop\apps\nodejs24\current\node.exe
2026/1/20 05:50:11: parse_data() -> https://fan3.206102.xyz/v2ray免费账号/
2026/1/20 05:50:11: getting new Url ->  https://fan3.206102.xyz/v2ray免费账号/
2026/1/20 05:50:11: parse_data() -> https://fan3.206102.xyz/ss免费账号/
2026/1/20 06:52:13Extracted src: https://fan3.206102.xyz/v2ray免费账号/
2026/1/20 06:52:08: C:\Users\Administrator\scoop\apps\nodejs24\current\node.exe
2026/1/20 06:52:13: getting new Url ->  https://fan3.206102.xyz/v2ray免费账号/
2026/1/20 06:52:13: parse_data() -> https://fan3.206102.xyz/ss免费账号/
2026/1/20 06:52:13: parse_data() -> https://fan3.206102.xyz/v2ray免费账号/
2026/1/20 15:05:12Extracted src: https://fan3.206102.xyz/v2ray免费账号/
2026/1/20 15:05:09: C:\Users\Administrator\scoop\apps\nodejs24\current\node.exe
2026/1/20 15:05:12: parse_data() -> https://fan3.206102.xyz/v2ray免费账号/
2026/1/20 15:05:12: getting new Url ->  https://fan3.206102.xyz/v2ray免费账号/
2026/1/20 15:05:12: parse_data() -> https://fan3.206102.xyz/ss免费账号/
2026/1/20 16:07:16Extracted src: https://fan3.206102.xyz/v2ray免费账号/
2026/1/20 16:07:16: getting new Url ->  https://fan3.206102.xyz/v2ray免费账号/
2026/1/20 16:07:10: C:\Users\Administrator\scoop\apps\nodejs24\current\node.exe
2026/1/20 16:07:16: parse_data() -> https://fan3.206102.xyz/ss免费账号/
2026/1/20 16:07:16: parse_data() -> https://fan3.206102.xyz/v2ray免费账号/
2026/1/20 17:09:15Extracted src: https://fan3.206102.xyz/v2ray免费账号/
2026/1/20 17:09:15: getting new Url ->  https://fan3.206102.xyz/v2ray免费账号/
2026/1/20 17:09:15: parse_data() -> https://fan3.206102.xyz/ss免费账号/
2026/1/20 17:09:09: C:\Users\Administrator\scoop\apps\nodejs24\current\node.exe
2026/1/20 17:09:15: parse_data() -> https://fan3.206102.xyz/v2ray免费账号/
2026/1/20 18:11:18Extracted src: https://fan3.206102.xyz/v2ray免费账号/
2026/1/20 18:11:11: C:\Users\Administrator\scoop\apps\nodejs24\current\node.exe
2026/1/20 18:11:18: getting new Url ->  https://fan3.206102.xyz/v2ray免费账号/
2026/1/20 18:11:18: parse_data() -> https://fan3.206102.xyz/ss免费账号/
2026/1/20 18:11:18: parse_data() -> https://fan3.206102.xyz/v2ray免费账号/
2026/1/20 19:38:50Extracted src: https://fan3.206102.xyz/v2ray免费账号/
2026/1/20 19:38:45: C:\Users\Administrator\scoop\apps\nodejs24\current\node.exe
2026/1/20 19:38:50: getting new Url ->  https://fan3.206102.xyz/v2ray免费账号/
2026/1/20 19:38:50: parse_data() -> https://fan3.206102.xyz/ss免费账号/
2026/1/20 19:38:50: parse_data() -> https://fan3.206102.xyz/v2ray免费账号/
2026/1/20 20:39:16Extracted src: https://fan3.206102.xyz/v2ray免费账号/
2026/1/20 20:39:16: getting new Url ->  https://fan3.206102.xyz/v2ray免费账号/
2026/1/20 20:39:10: C:\Users\Administrator\scoop\apps\nodejs24\current\node.exe
2026/1/20 20:39:16: parse_data() -> https://fan3.206102.xyz/v2ray免费账号/
2026/1/20 20:39:16: parse_data() -> https://fan3.206102.xyz/ss免费账号/
2026/1/20 21:41:13Extracted src: https://fan3.206102.xyz/v2ray免费账号/
2026/1/20 21:41:09: C:\Users\Administrator\scoop\apps\nodejs24\current\node.exe
2026/1/20 21:41:13: parse_data() -> https://fan3.206102.xyz/v2ray免费账号/
2026/1/20 21:41:13: getting new Url ->  https://fan3.206102.xyz/v2ray免费账号/
2026/1/20 21:41:13: parse_data() -> https://fan3.206102.xyz/ss免费账号/
2026/1/20 22:43:19Extracted src: https://fan3.206102.xyz/v2ray免费账号/
2026/1/20 22:43:20: getting new Url ->  https://fan3.206102.xyz/v2ray免费账号/
2026/1/20 22:43:13: C:\Users\Administrator\scoop\apps\nodejs24\current\node.exe
2026/1/20 22:43:20: parse_data() -> https://fan3.206102.xyz/v2ray免费账号/
2026/1/20 22:43:20: parse_data() -> https://fan3.206102.xyz/ss免费账号/
2026/1/21 11:03:09Extracted src: https://fan3.206102.xyz/v2ray免费账号/
2026/1/21 11:03:06: C:\Users\Administrator\scoop\apps\nodejs24\current\node.exe
2026/1/21 11:03:09: parse_data() -> https://fan3.206102.xyz/v2ray免费账号/
2026/1/21 11:03:09: getting new Url ->  https://fan3.206102.xyz/v2ray免费账号/
2026/1/21 11:03:09: parse_data() -> https://fan3.206102.xyz/ss免费账号/
2026/1/21 12:04:11Extracted src: https://fan3.206102.xyz/v2ray免费账号/
2026/1/21 12:04:07: C:\Users\Administrator\scoop\apps\nodejs24\current\node.exe
2026/1/21 12:04:11: getting new Url ->  https://fan3.206102.xyz/v2ray免费账号/
2026/1/21 12:04:11: parse_data() -> https://fan3.206102.xyz/v2ray免费账号/
2026/1/21 12:04:11: parse_data() -> https://fan3.206102.xyz/ss免费账号/
2026/1/21 17:37:09Extracted src: https://fan3.206102.xyz/v2ray免费账号/
2026/1/21 17:37:06: C:\Users\Administrator\scoop\apps\nodejs24\current\node.exe
2026/1/21 17:37:09: getting new Url ->  https://fan3.206102.xyz/v2ray免费账号/
2026/1/21 17:37:09: parse_data() -> https://fan3.206102.xyz/v2ray免费账号/
2026/1/21 17:37:09: parse_data() -> https://fan3.206102.xyz/ss免费账号/
2026/1/21 18:38:13Extracted src: https://fan3.206102.xyz/v2ray免费账号/
2026/1/21 18:38:06: C:\Users\Administrator\scoop\apps\nodejs24\current\node.exe
2026/1/21 18:38:13: parse_data() -> https://fan3.206102.xyz/v2ray免费账号/
2026/1/21 18:38:13: parse_data() -> https://fan3.206102.xyz/ss免费账号/
2026/1/21 18:38:13: getting new Url ->  https://fan3.206102.xyz/v2ray免费账号/
2026/1/21 19:39:09Extracted src: https://fan3.206102.xyz/v2ray免费账号/
2026/1/21 19:39:09: getting new Url ->  https://fan3.206102.xyz/v2ray免费账号/
2026/1/21 19:39:09: parse_data() -> https://fan3.206102.xyz/v2ray免费账号/
2026/1/21 19:39:06: C:\Users\Administrator\scoop\apps\nodejs24\current\node.exe
2026/1/21 19:39:09: parse_data() -> https://fan3.206102.xyz/ss免费账号/
2026/1/21 20:40:09Extracted src: https://fan3.206102.xyz/v2ray免费账号/
2026/1/21 20:40:06: C:\Users\Administrator\scoop\apps\nodejs24\current\node.exe
2026/1/21 20:40:09: parse_data() -> https://fan3.206102.xyz/v2ray免费账号/
2026/1/21 20:40:09: getting new Url ->  https://fan3.206102.xyz/v2ray免费账号/
2026/1/21 20:40:09: parse_data() -> https://fan3.206102.xyz/ss免费账号/
2026/1/21 21:41:09Extracted src: https://fan3.206102.xyz/v2ray免费账号/
2026/1/21 21:41:09: getting new Url ->  https://fan3.206102.xyz/v2ray免费账号/
2026/1/21 21:41:06: C:\Users\Administrator\scoop\apps\nodejs24\current\node.exe
2026/1/21 21:41:09: parse_data() -> https://fan3.206102.xyz/v2ray免费账号/
2026/1/21 21:41:09: parse_data() -> https://fan3.206102.xyz/ss免费账号/
2026/1/21 22:42:13Extracted src: https://fan3.206102.xyz/v2ray免费账号/
2026/1/21 22:42:07: C:\Users\Administrator\scoop\apps\nodejs24\current\node.exe
2026/1/21 22:42:13: getting new Url ->  https://fan3.206102.xyz/v2ray免费账号/
2026/1/21 22:42:13: parse_data() -> https://fan3.206102.xyz/v2ray免费账号/
2026/1/21 22:42:13: parse_data() -> https://fan3.206102.xyz/ss免费账号/
2026/1/21 23:43:10Extracted src: https://fan3.206102.xyz/v2ray免费账号/
2026/1/21 23:43:10: getting new Url ->  https://fan3.206102.xyz/v2ray免费账号/
2026/1/21 23:43:07: C:\Users\Administrator\scoop\apps\nodejs24\current\node.exe
2026/1/21 23:43:10: parse_data() -> https://fan3.206102.xyz/ss免费账号/
2026/1/21 23:43:10: parse_data() -> https://fan3.206102.xyz/v2ray免费账号/
2026/1/22 12:16:13Extracted src: https://fan3.206102.xyz/v2ray免费账号/
2026/1/22 12:16:11: C:\Users\Administrator\scoop\apps\nodejs24\current\node.exe
2026/1/22 12:16:13: parse_data() -> https://fan3.206102.xyz/v2ray免费账号/
2026/1/22 12:16:13: getting new Url ->  https://fan3.206102.xyz/v2ray免费账号/
2026/1/22 12:16:13: parse_data() -> https://fan3.206102.xyz/ss免费账号/
2026/1/22 14:17:13Extracted src: https://fan3.206102.xyz/v2ray免费账号/
2026/1/22 14:17:09: C:\Users\Administrator\scoop\apps\nodejs24\current\node.exe
2026/1/22 14:17:13: getting new Url ->  https://fan3.206102.xyz/v2ray免费账号/
2026/1/22 14:17:13: parse_data() -> https://fan3.206102.xyz/v2ray免费账号/
2026/1/22 14:17:13: parse_data() -> https://fan3.206102.xyz/ss免费账号/
2026/1/22 15:18:14Extracted src: https://fan3.206102.xyz/v2ray免费账号/
2026/1/22 15:18:10: C:\Users\Administrator\scoop\apps\nodejs24\current\node.exe
2026/1/22 15:18:14: parse_data() -> https://fan3.206102.xyz/v2ray免费账号/
2026/1/22 15:18:14: getting new Url ->  https://fan3.206102.xyz/v2ray免费账号/
2026/1/22 15:18:14: parse_data() -> https://fan3.206102.xyz/ss免费账号/
2026/1/22 16:19:10Extracted src: https://fan3.206102.xyz/v2ray免费账号/
2026/1/22 16:19:08: C:\Users\Administrator\scoop\apps\nodejs24\current\node.exe
2026/1/22 16:19:10: getting new Url ->  https://fan3.206102.xyz/v2ray免费账号/
2026/1/22 16:19:10: parse_data() -> https://fan3.206102.xyz/ss免费账号/
2026/1/22 16:19:10: parse_data() -> https://fan3.206102.xyz/v2ray免费账号/
2026/1/22 17:20:11Extracted src: https://fan3.206102.xyz/v2ray免费账号/
2026/1/22 17:20:08: C:\Users\Administrator\scoop\apps\nodejs24\current\node.exe
2026/1/22 17:20:11: getting new Url ->  https://fan3.206102.xyz/v2ray免费账号/
2026/1/22 17:20:11: parse_data() -> https://fan3.206102.xyz/v2ray免费账号/
2026/1/22 17:20:11: parse_data() -> https://fan3.206102.xyz/ss免费账号/
2026/1/22 18:21:10Extracted src: https://fan3.206102.xyz/v2ray免费账号/
2026/1/22 18:21:10: getting new Url ->  https://fan3.206102.xyz/v2ray免费账号/
2026/1/22 18:21:07: C:\Users\Administrator\scoop\apps\nodejs24\current\node.exe
2026/1/22 18:21:10: parse_data() -> https://fan3.206102.xyz/v2ray免费账号/
2026/1/22 18:21:10: parse_data() -> https://fan3.206102.xyz/ss免费账号/
2026/1/22 20:23:13Extracted src: https://fan3.206102.xyz/v2ray免费账号/
2026/1/22 20:23:09: C:\Users\Administrator\scoop\apps\nodejs24\current\node.exe
2026/1/22 20:23:13: getting new Url ->  https://fan3.206102.xyz/v2ray免费账号/
2026/1/22 20:23:13: parse_data() -> https://fan3.206102.xyz/v2ray免费账号/
2026/1/22 20:23:13: parse_data() -> https://fan3.206102.xyz/ss免费账号/
2026/1/22 21:24:15Extracted src: https://fan3.206102.xyz/v2ray免费账号/
2026/1/22 21:24:09: C:\Users\Administrator\scoop\apps\nodejs24\current\node.exe
2026/1/22 21:24:15: getting new Url ->  https://fan3.206102.xyz/v2ray免费账号/
2026/1/22 21:24:15: parse_data() -> https://fan3.206102.xyz/v2ray免费账号/
2026/1/22 21:24:15: parse_data() -> https://fan3.206102.xyz/ss免费账号/
2026/1/22 22:25:14Extracted src: https://fan3.206102.xyz/v2ray免费账号/
2026/1/22 22:25:09: C:\Users\Administrator\scoop\apps\nodejs24\current\node.exe
2026/1/22 22:25:14: getting new Url ->  https://fan3.206102.xyz/v2ray免费账号/
2026/1/22 22:25:14: parse_data() -> https://fan3.206102.xyz/ss免费账号/
2026/1/22 22:25:14: parse_data() -> https://fan3.206102.xyz/v2ray免费账号/
2026/1/22 23:26:15Extracted src: https://fan3.206102.xyz/v2ray免费账号/
2026/1/22 23:26:09: C:\Users\Administrator\scoop\apps\nodejs24\current\node.exe
2026/1/22 23:26:15: getting new Url ->  https://fan3.206102.xyz/v2ray免费账号/
2026/1/22 23:26:15: parse_data() -> https://fan3.206102.xyz/v2ray免费账号/
2026/1/22 23:26:15: parse_data() -> https://fan3.206102.xyz/ss免费账号/
2026/1/23 14:16:02Extracted src: https://fan3.206102.xyz/v2ray免费账号/
2026/1/23 14:15:59: C:\Users\Administrator\scoop\apps\nodejs24\current\node.exe
2026/1/23 14:16:02: getting new Url ->  https://fan3.206102.xyz/v2ray免费账号/
2026/1/23 14:16:02: parse_data() -> https://fan3.206102.xyz/v2ray免费账号/
2026/1/23 14:16:02: parse_data() -> https://fan3.206102.xyz/ss免费账号/
2026/1/23 15:16:46Extracted src: https://fan3.206102.xyz/v2ray免费账号/
2026/1/23 15:16:41: C:\Users\Administrator\scoop\apps\nodejs24\current\node.exe
2026/1/23 15:16:46: getting new Url ->  https://fan3.206102.xyz/v2ray免费账号/
2026/1/23 15:16:46: parse_data() -> https://fan3.206102.xyz/v2ray免费账号/
2026/1/23 15:16:46: parse_data() -> https://fan3.206102.xyz/ss免费账号/
2026/1/23 16:17:42Extracted src: https://fan3.206102.xyz/v2ray免费账号/
2026/1/23 16:17:40: C:\Users\Administrator\scoop\apps\nodejs24\current\node.exe
2026/1/23 16:17:42: getting new Url ->  https://fan3.206102.xyz/v2ray免费账号/
2026/1/23 16:17:42: parse_data() -> https://fan3.206102.xyz/ss免费账号/
2026/1/23 16:17:42: parse_data() -> https://fan3.206102.xyz/v2ray免费账号/
2026/1/23 17:18:43Extracted src: https://fan3.206102.xyz/v2ray免费账号/
2026/1/23 17:18:41: C:\Users\Administrator\scoop\apps\nodejs24\current\node.exe
2026/1/23 17:18:43: getting new Url ->  https://fan3.206102.xyz/v2ray免费账号/
2026/1/23 17:18:43: parse_data() -> https://fan3.206102.xyz/v2ray免费账号/
2026/1/23 17:18:43: parse_data() -> https://fan3.206102.xyz/ss免费账号/
2026/1/23 18:19:43Extracted src: https://fan3.206102.xyz/v2ray免费账号/
2026/1/23 18:19:43: getting new Url ->  https://fan3.206102.xyz/v2ray免费账号/
2026/1/23 18:19:40: C:\Users\Administrator\scoop\apps\nodejs24\current\node.exe
2026/1/23 18:19:43: parse_data() -> https://fan3.206102.xyz/v2ray免费账号/
2026/1/23 18:19:43: parse_data() -> https://fan3.206102.xyz/ss免费账号/
2026/1/23 21:37:48Extracted src: https://fan3.206102.xyz/v2ray免费账号/
2026/1/23 21:37:41: C:\Users\Administrator\scoop\apps\nodejs24\current\node.exe
2026/1/23 21:37:48: parse_data() -> https://fan3.206102.xyz/v2ray免费账号/
2026/1/23 21:37:48: parse_data() -> https://fan3.206102.xyz/ss免费账号/
2026/1/23 21:37:48: getting new Url ->  https://fan3.206102.xyz/v2ray免费账号/
2026/1/23 22:38:55Extracted src: https://fan3.206102.xyz/v2ray免费账号/
2026/1/23 22:38:52: C:\Users\Administrator\scoop\apps\nodejs24\current\node.exe
2026/1/23 22:38:55: parse_data() -> https://fan3.206102.xyz/v2ray免费账号/
2026/1/23 22:38:55: getting new Url ->  https://fan3.206102.xyz/v2ray免费账号/
2026/1/23 22:38:55: parse_data() -> https://fan3.206102.xyz/ss免费账号/
2026/1/23 23:39:57Extracted src: https://fan3.206102.xyz/v2ray免费账号/
2026/1/23 23:39:53: C:\Users\Administrator\scoop\apps\nodejs24\current\node.exe
2026/1/23 23:39:57: getting new Url ->  https://fan3.206102.xyz/v2ray免费账号/
2026/1/23 23:39:57: parse_data() -> https://fan3.206102.xyz/ss免费账号/
2026/1/23 23:39:57: parse_data() -> https://fan3.206102.xyz/v2ray免费账号/
2026/1/24 14:12:13Extracted src: https://fan3.206102.xyz/v2ray免费账号/
2026/1/24 14:12:10: C:\Users\Administrator\scoop\apps\nodejs24\current\node.exe
2026/1/24 14:12:13: getting new Url ->  https://fan3.206102.xyz/v2ray免费账号/
2026/1/24 14:12:13: parse_data() -> https://fan3.206102.xyz/ss免费账号/
2026/1/24 14:12:13: parse_data() -> https://fan3.206102.xyz/v2ray免费账号/
2026/1/24 15:12:33Extracted src: https://fan3.206102.xyz/v2ray免费账号/
2026/1/24 15:12:28: C:\Users\Administrator\scoop\apps\nodejs24\current\node.exe
2026/1/24 15:12:33: getting new Url ->  https://fan3.206102.xyz/v2ray免费账号/
2026/1/24 15:12:33: parse_data() -> https://fan3.206102.xyz/v2ray免费账号/
2026/1/24 15:12:33: parse_data() -> https://fan3.206102.xyz/ss免费账号/
2026/1/24 16:13:29Extracted src: https://fan3.206102.xyz/v2ray免费账号/
2026/1/24 16:13:26: C:\Users\Administrator\scoop\apps\nodejs24\current\node.exe
2026/1/24 16:13:29: getting new Url ->  https://fan3.206102.xyz/v2ray免费账号/
2026/1/24 16:13:29: parse_data() -> https://fan3.206102.xyz/v2ray免费账号/
2026/1/24 16:13:29: parse_data() -> https://fan3.206102.xyz/ss免费账号/
2026/1/24 17:14:30Extracted src: https://fan3.206102.xyz/v2ray免费账号/
2026/1/24 17:14:27: C:\Users\Administrator\scoop\apps\nodejs24\current\node.exe
2026/1/24 17:14:30: getting new Url ->  https://fan3.206102.xyz/v2ray免费账号/
2026/1/24 17:14:30: parse_data() -> https://fan3.206102.xyz/v2ray免费账号/
2026/1/24 17:14:30: parse_data() -> https://fan3.206102.xyz/ss免费账号/
2026/1/24 18:15:29Extracted src: https://fan3.206102.xyz/v2ray免费账号/
2026/1/24 18:15:26: C:\Users\Administrator\scoop\apps\nodejs24\current\node.exe
2026/1/24 18:15:29: getting new Url ->  https://fan3.206102.xyz/v2ray免费账号/
2026/1/24 18:15:29: parse_data() -> https://fan3.206102.xyz/ss免费账号/
2026/1/24 18:15:29: parse_data() -> https://fan3.206102.xyz/v2ray免费账号/
2026/1/24 20:16:37Extracted src: https://fan3.206102.xyz/v2ray免费账号/
2026/1/24 20:16:31: C:\Users\Administrator\scoop\apps\nodejs24\current\node.exe
2026/1/24 20:16:37: getting new Url ->  https://fan3.206102.xyz/v2ray免费账号/
2026/1/24 20:16:37: parse_data() -> https://fan3.206102.xyz/v2ray免费账号/
2026/1/24 20:16:37: parse_data() -> https://fan3.206102.xyz/ss免费账号/
2026/1/24 21:17:34Extracted src: https://fan3.206102.xyz/v2ray免费账号/
2026/1/24 21:17:34: getting new Url ->  https://fan3.206102.xyz/v2ray免费账号/
2026/1/24 21:17:30: C:\Users\Administrator\scoop\apps\nodejs24\current\node.exe
2026/1/24 21:17:34: parse_data() -> https://fan3.206102.xyz/ss免费账号/
2026/1/24 21:17:34: parse_data() -> https://fan3.206102.xyz/v2ray免费账号/
2026/1/24 22:18:53Extracted src: https://fan3.206102.xyz/v2ray免费账号/
2026/1/24 22:18:53: getting new Url ->  https://fan3.206102.xyz/v2ray免费账号/
2026/1/24 22:18:35: C:\Users\Administrator\scoop\apps\nodejs24\current\node.exe
2026/1/24 22:18:53: parse_data() -> https://fan3.206102.xyz/v2ray免费账号/
2026/1/24 22:18:53: parse_data() -> https://fan3.206102.xyz/ss免费账号/
2026/1/24 23:19:44Extracted src: https://fan3.206102.xyz/v2ray免费账号/
2026/1/24 23:19:30: C:\Users\Administrator\scoop\apps\nodejs24\current\node.exe
2026/1/24 23:19:44: getting new Url ->  https://fan3.206102.xyz/v2ray免费账号/
2026/1/24 23:19:44: parse_data() -> https://fan3.206102.xyz/v2ray免费账号/
2026/1/24 23:19:44: parse_data() -> https://fan3.206102.xyz/ss免费账号/
2026/1/25 00:20:35Extracted src: https://fan3.206102.xyz/v2ray免费账号/
2026/1/25 00:20:29: C:\Users\Administrator\scoop\apps\nodejs24\current\node.exe
2026/1/25 00:20:35: getting new Url ->  https://fan3.206102.xyz/v2ray免费账号/
2026/1/25 00:20:35: parse_data() -> https://fan3.206102.xyz/v2ray免费账号/
2026/1/25 00:20:35: parse_data() -> https://fan3.206102.xyz/ss免费账号/
2026/1/25 01:21:34Extracted src: https://fan3.206102.xyz/v2ray免费账号/
2026/1/25 01:21:34: getting new Url ->  https://fan3.206102.xyz/v2ray免费账号/
2026/1/25 01:21:31: C:\Users\Administrator\scoop\apps\nodejs24\current\node.exe
2026/1/25 01:21:34: parse_data() -> https://fan3.206102.xyz/v2ray免费账号/
2026/1/25 01:21:34: parse_data() -> https://fan3.206102.xyz/ss免费账号/
2026/1/25 10:47:45Extracted src: https://fan3.206102.xyz/v2ray免费账号/
2026/1/25 10:47:43: C:\Users\Administrator\scoop\apps\nodejs24\current\node.exe
2026/1/25 10:47:46: getting new Url ->  https://fan3.206102.xyz/v2ray免费账号/
2026/1/25 10:47:46: parse_data() -> https://fan3.206102.xyz/ss免费账号/
2026/1/25 10:47:46: parse_data() -> https://fan3.206102.xyz/v2ray免费账号/
2026/1/25 11:47:58Extracted src: https://fan3.206102.xyz/v2ray免费账号/
2026/1/25 11:47:55: C:\Users\Administrator\scoop\apps\nodejs24\current\node.exe
2026/1/25 11:47:58: getting new Url ->  https://fan3.206102.xyz/v2ray免费账号/
2026/1/25 11:47:58: parse_data() -> https://fan3.206102.xyz/v2ray免费账号/
2026/1/25 11:47:58: parse_data() -> https://fan3.206102.xyz/ss免费账号/
2026/1/25 18:49:57Extracted src: https://fan3.206102.xyz/v2ray免费账号/
2026/1/25 18:49:53: C:\Users\Administrator\scoop\apps\nodejs24\current\node.exe
2026/1/25 18:49:57: getting new Url ->  https://fan3.206102.xyz/v2ray免费账号/
2026/1/25 18:49:57: parse_data() -> https://fan3.206102.xyz/ss免费账号/
2026/1/25 18:49:57: parse_data() -> https://fan3.206102.xyz/v2ray免费账号/
2026/1/25 20:51:57Extracted src: https://fan3.206102.xyz/v2ray免费账号/
2026/1/25 20:51:53: C:\Users\Administrator\scoop\apps\nodejs24\current\node.exe
2026/1/25 20:51:57: parse_data() -> https://fan3.206102.xyz/v2ray免费账号/
2026/1/25 20:51:57: getting new Url ->  https://fan3.206102.xyz/v2ray免费账号/
2026/1/25 20:51:57: parse_data() -> https://fan3.206102.xyz/ss免费账号/
2026/1/25 21:53:02Extracted src: https://fan3.206102.xyz/v2ray免费账号/
2026/1/25 21:52:53: C:\Users\Administrator\scoop\apps\nodejs24\current\node.exe
2026/1/25 21:53:02: parse_data() -> https://fan3.206102.xyz/v2ray免费账号/
2026/1/25 21:53:02: getting new Url ->  https://fan3.206102.xyz/v2ray免费账号/
2026/1/25 21:53:02: parse_data() -> https://fan3.206102.xyz/ss免费账号/
2026/1/26 13:27:59Extracted src: https://fan3.206102.xyz/v2ray免费账号/
2026/1/26 13:27:56: C:\Users\Administrator\scoop\apps\nodejs24\current\node.exe
2026/1/26 13:27:59: getting new Url ->  https://fan3.206102.xyz/v2ray免费账号/
2026/1/26 13:27:59: parse_data() -> https://fan3.206102.xyz/v2ray免费账号/
2026/1/26 13:27:59: parse_data() -> https://fan3.206102.xyz/ss免费账号/
2026/1/26 14:28:09Extracted src: https://fan3.206102.xyz/v2ray免费账号/
2026/1/26 14:28:05: C:\Users\Administrator\scoop\apps\nodejs24\current\node.exe
2026/1/26 14:28:09: parse_data() -> https://fan3.206102.xyz/ss免费账号/
2026/1/26 14:28:09: parse_data() -> https://fan3.206102.xyz/v2ray免费账号/
2026/1/26 14:28:09: getting new Url ->  https://fan3.206102.xyz/v2ray免费账号/
2026/1/26 15:29:08Extracted src: https://fan3.206102.xyz/v2ray免费账号/
2026/1/26 15:29:09: getting new Url ->  https://fan3.206102.xyz/v2ray免费账号/
2026/1/26 15:29:09: parse_data() -> https://fan3.206102.xyz/v2ray免费账号/
2026/1/26 15:29:05: C:\Users\Administrator\scoop\apps\nodejs24\current\node.exe
2026/1/26 15:29:09: parse_data() -> https://fan3.206102.xyz/ss免费账号/
2026/1/26 16:30:08Extracted src: https://fan3.206102.xyz/v2ray免费账号/
2026/1/26 16:30:05: C:\Users\Administrator\scoop\apps\nodejs24\current\node.exe
2026/1/26 16:30:08: getting new Url ->  https://fan3.206102.xyz/v2ray免费账号/
2026/1/26 16:30:08: parse_data() -> https://fan3.206102.xyz/v2ray免费账号/
2026/1/26 16:30:08: parse_data() -> https://fan3.206102.xyz/ss免费账号/
2026/1/26 17:31:07Extracted src: https://fan3.206102.xyz/v2ray免费账号/
2026/1/26 17:31:07: parse_data() -> https://fan3.206102.xyz/v2ray免费账号/
2026/1/26 17:31:07: getting new Url ->  https://fan3.206102.xyz/v2ray免费账号/
2026/1/26 17:31:05: C:\Users\Administrator\scoop\apps\nodejs24\current\node.exe
2026/1/26 17:31:07: parse_data() -> https://fan3.206102.xyz/ss免费账号/
2026/1/26 21:35:10Extracted src: https://fan3.206102.xyz/v2ray免费账号/
2026/1/26 21:35:06: C:\Users\Administrator\scoop\apps\nodejs24\current\node.exe
2026/1/26 21:35:10: getting new Url ->  https://fan3.206102.xyz/v2ray免费账号/
2026/1/26 21:35:10: parse_data() -> https://fan3.206102.xyz/v2ray免费账号/
2026/1/26 21:35:10: parse_data() -> https://fan3.206102.xyz/ss免费账号/
2026/1/26 22:36:10Extracted src: https://fan3.206102.xyz/v2ray免费账号/
2026/1/26 22:36:06: C:\Users\Administrator\scoop\apps\nodejs24\current\node.exe
2026/1/26 22:36:10: parse_data() -> https://fan3.206102.xyz/v2ray免费账号/
2026/1/26 22:36:10: getting new Url ->  https://fan3.206102.xyz/v2ray免费账号/
2026/1/26 22:36:10: parse_data() -> https://fan3.206102.xyz/ss免费账号/
2026/1/26 23:37:11Extracted src: https://fan3.206102.xyz/v2ray免费账号/
2026/1/26 23:37:06: C:\Users\Administrator\scoop\apps\nodejs24\current\node.exe
2026/1/26 23:37:11: getting new Url ->  https://fan3.206102.xyz/v2ray免费账号/
2026/1/26 23:37:11: parse_data() -> https://fan3.206102.xyz/ss免费账号/
2026/1/26 23:37:11: parse_data() -> https://fan3.206102.xyz/v2ray免费账号/
2026/1/27 00:38:19Extracted src: https://fan3.206102.xyz/v2ray免费账号/
2026/1/27 00:38:19: getting new Url ->  https://fan3.206102.xyz/v2ray免费账号/
2026/1/27 00:38:19: parse_data() -> https://fan3.206102.xyz/ss免费账号/
2026/1/27 00:38:19: parse_data() -> https://fan3.206102.xyz/v2ray免费账号/
2026/1/27 00:38:05: C:\Users\Administrator\scoop\apps\nodejs24\current\node.exe
2026/1/27 01:39:08Extracted src: https://fan3.206102.xyz/v2ray免费账号/
2026/1/27 01:39:05: C:\Users\Administrator\scoop\apps\nodejs24\current\node.exe
2026/1/27 01:39:08: getting new Url ->  https://fan3.206102.xyz/v2ray免费账号/
2026/1/27 01:39:08: parse_data() -> https://fan3.206102.xyz/v2ray免费账号/
2026/1/27 01:39:08: parse_data() -> https://fan3.206102.xyz/ss免费账号/
2026/1/27 13:44:42Extracted src: https://fan3.206102.xyz/v2ray免费账号/
2026/1/27 13:44:39: C:\Users\Administrator\scoop\apps\nodejs24\current\node.exe
2026/1/27 13:44:42: getting new Url ->  https://fan3.206102.xyz/v2ray免费账号/
2026/1/27 13:44:42: parse_data() -> https://fan3.206102.xyz/v2ray免费账号/
2026/1/27 13:44:42: parse_data() -> https://fan3.206102.xyz/ss免费账号/
2026/1/27 15:46:28Extracted src: https://fan3.206102.xyz/v2ray免费账号/
2026/1/27 15:46:23: C:\Users\Administrator\scoop\apps\nodejs24\current\node.exe
2026/1/27 15:46:28: getting new Url ->  https://fan3.206102.xyz/v2ray免费账号/
2026/1/27 15:46:28: parse_data() -> https://fan3.206102.xyz/v2ray免费账号/
2026/1/27 15:46:28: parse_data() -> https://fan3.206102.xyz/ss免费账号/
2026/1/27 16:47:28Extracted src: https://fan3.206102.xyz/v2ray免费账号/
2026/1/27 16:47:23: C:\Users\Administrator\scoop\apps\nodejs24\current\node.exe
2026/1/27 16:47:28: getting new Url ->  https://fan3.206102.xyz/v2ray免费账号/
2026/1/27 16:47:28: parse_data() -> https://fan3.206102.xyz/ss免费账号/
2026/1/27 16:47:28: parse_data() -> https://fan3.206102.xyz/v2ray免费账号/
2026/1/27 17:48:28Extracted src: https://fan3.206102.xyz/v2ray免费账号/
2026/1/27 17:48:25: C:\Users\Administrator\scoop\apps\nodejs24\current\node.exe
2026/1/27 17:48:28: getting new Url ->  https://fan3.206102.xyz/v2ray免费账号/
2026/1/27 17:48:28: parse_data() -> https://fan3.206102.xyz/v2ray免费账号/
2026/1/27 17:48:28: parse_data() -> https://fan3.206102.xyz/ss免费账号/
2026/1/27 20:49:06Extracted src: https://fan3.206102.xyz/v2ray免费账号/
2026/1/27 20:49:07: getting new Url ->  https://fan3.206102.xyz/v2ray免费账号/
2026/1/27 20:49:07: parse_data() -> https://fan3.206102.xyz/ss免费账号/
2026/1/27 20:49:02: C:\Users\Administrator\scoop\apps\nodejs24\current\node.exe
2026/1/27 20:49:07: parse_data() -> https://fan3.206102.xyz/v2ray免费账号/
2026/1/27 21:49:26Extracted src: https://fan3.206102.xyz/v2ray免费账号/
2026/1/27 21:49:23: C:\Users\Administrator\scoop\apps\nodejs24\current\node.exe
2026/1/27 21:49:26: getting new Url ->  https://fan3.206102.xyz/v2ray免费账号/
2026/1/27 21:49:26: parse_data() -> https://fan3.206102.xyz/v2ray免费账号/
2026/1/27 21:49:26: parse_data() -> https://fan3.206102.xyz/ss免费账号/
2026/1/27 22:49:43Extracted src: https://fan3.206102.xyz/v2ray免费账号/
2026/1/27 22:49:43: getting new Url ->  https://fan3.206102.xyz/v2ray免费账号/
2026/1/27 22:49:39: C:\Users\Administrator\scoop\apps\nodejs24\current\node.exe
2026/1/27 22:49:43: parse_data() -> https://fan3.206102.xyz/ss免费账号/
2026/1/27 22:49:43: parse_data() -> https://fan3.206102.xyz/v2ray免费账号/
2026/1/28 10:48:16Extracted src: https://fan3.206102.xyz/v2ray免费账号/
2026/1/28 10:48:13: C:\Users\Administrator\scoop\apps\nodejs24\current\node.exe
2026/1/28 10:48:16: getting new Url ->  https://fan3.206102.xyz/v2ray免费账号/
2026/1/28 10:48:16: parse_data() -> https://fan3.206102.xyz/v2ray免费账号/
2026/1/28 10:48:16: parse_data() -> https://fan3.206102.xyz/ss免费账号/
2026/1/28 11:49:22Extracted src: https://fan3.206102.xyz/v2ray免费账号/
2026/1/28 11:49:22: getting new Url ->  https://fan3.206102.xyz/v2ray免费账号/
2026/1/28 11:49:18: C:\Users\Administrator\scoop\apps\nodejs24\current\node.exe
2026/1/28 11:49:22: parse_data() -> https://fan3.206102.xyz/ss免费账号/
2026/1/28 11:49:22: parse_data() -> https://fan3.206102.xyz/v2ray免费账号/
2026/1/28 14:52:20Extracted src: https://fan3.206102.xyz/v2ray免费账号/
2026/1/28 14:52:16: C:\Users\Administrator\scoop\apps\nodejs24\current\node.exe
2026/1/28 14:52:20: parse_data() -> https://fan3.206102.xyz/v2ray免费账号/
2026/1/28 14:52:20: parse_data() -> https://fan3.206102.xyz/ss免费账号/
2026/1/28 14:52:20: getting new Url ->  https://fan3.206102.xyz/v2ray免费账号/
2026/1/28 15:53:23Extracted src: https://fan3.206102.xyz/v2ray免费账号/
2026/1/28 15:53:20: C:\Users\Administrator\scoop\apps\nodejs24\current\node.exe
2026/1/28 15:53:23: getting new Url ->  https://fan3.206102.xyz/v2ray免费账号/
2026/1/28 15:53:23: parse_data() -> https://fan3.206102.xyz/v2ray免费账号/
2026/1/28 15:53:23: parse_data() -> https://fan3.206102.xyz/ss免费账号/
2026/1/28 16:54:23Extracted src: https://fan3.206102.xyz/v2ray免费账号/
2026/1/28 16:54:20: C:\Users\Administrator\scoop\apps\nodejs24\current\node.exe
2026/1/28 16:54:23: getting new Url ->  https://fan3.206102.xyz/v2ray免费账号/
2026/1/28 16:54:23: parse_data() -> https://fan3.206102.xyz/v2ray免费账号/
2026/1/28 16:54:23: parse_data() -> https://fan3.206102.xyz/ss免费账号/
2026/1/28 19:23:56Extracted src: https://fan3.206102.xyz/v2ray免费账号/
2026/1/28 19:23:52: C:\Users\Administrator\scoop\apps\nodejs24\current\node.exe
2026/1/28 19:23:56: getting new Url ->  https://fan3.206102.xyz/v2ray免费账号/
2026/1/28 19:23:56: parse_data() -> https://fan3.206102.xyz/v2ray免费账号/
2026/1/28 19:23:56: parse_data() -> https://fan3.206102.xyz/ss免费账号/
2026/1/28 20:24:24Extracted src: https://fan3.206102.xyz/v2ray免费账号/
2026/1/28 20:24:25: getting new Url ->  https://fan3.206102.xyz/v2ray免费账号/
2026/1/28 20:24:25: parse_data() -> https://fan3.206102.xyz/v2ray免费账号/
2026/1/28 20:24:22: C:\Users\Administrator\scoop\apps\nodejs24\current\node.exe
2026/1/28 20:24:25: parse_data() -> https://fan3.206102.xyz/ss免费账号/
2026/1/28 21:25:35Extracted src: https://fan3.206102.xyz/v2ray免费账号/
2026/1/28 21:25:18: C:\Users\Administrator\scoop\apps\nodejs24\current\node.exe
2026/1/28 21:25:35: parse_data() -> https://fan3.206102.xyz/v2ray免费账号/
2026/1/28 21:25:35: parse_data() -> https://fan3.206102.xyz/ss免费账号/
2026/1/28 21:25:35: getting new Url ->  https://fan3.206102.xyz/v2ray免费账号/
2026/1/28 22:26:28Extracted src: https://fan3.206102.xyz/v2ray免费账号/
2026/1/28 22:26:28: getting new Url ->  https://fan3.206102.xyz/v2ray免费账号/
2026/1/28 22:26:21: C:\Users\Administrator\scoop\apps\nodejs24\current\node.exe
2026/1/28 22:26:28: parse_data() -> https://fan3.206102.xyz/v2ray免费账号/
2026/1/28 22:26:28: parse_data() -> https://fan3.206102.xyz/ss免费账号/
2026/1/28 23:27:39Extracted src: https://fan3.206102.xyz/v2ray免费账号/
2026/1/28 23:27:30: C:\Users\Administrator\scoop\apps\nodejs24\current\node.exe
2026/1/28 23:27:39: getting new Url ->  https://fan3.206102.xyz/v2ray免费账号/
2026/1/28 23:27:39: parse_data() -> https://fan3.206102.xyz/v2ray免费账号/
2026/1/28 23:27:39: parse_data() -> https://fan3.206102.xyz/ss免费账号/
2026/1/29 00:28:27Extracted src: https://fan3.206102.xyz/v2ray免费账号/
2026/1/29 00:28:25: C:\Users\Administrator\scoop\apps\nodejs24\current\node.exe
2026/1/29 00:28:28: getting new Url ->  https://fan3.206102.xyz/v2ray免费账号/
2026/1/29 00:28:28: parse_data() -> https://fan3.206102.xyz/ss免费账号/
2026/1/29 00:28:28: parse_data() -> https://fan3.206102.xyz/v2ray免费账号/
2026/1/29 17:04:24Extracted src: https://fan3.206102.xyz/v2ray免费账号/
2026/1/29 17:04:21: C:\Users\Administrator\scoop\apps\nodejs24\current\node.exe
2026/1/29 17:04:25: parse_data() -> https://fan3.206102.xyz/ss免费账号/
2026/1/29 17:04:25: parse_data() -> https://fan3.206102.xyz/v2ray免费账号/
2026/1/29 17:04:25: getting new Url ->  https://fan3.206102.xyz/v2ray免费账号/
2026/1/29 18:05:24Extracted src: https://fan3.206102.xyz/v2ray免费账号/
2026/1/29 18:05:24: getting new Url ->  https://fan3.206102.xyz/v2ray免费账号/
2026/1/29 18:05:24: parse_data() -> https://fan3.206102.xyz/ss免费账号/
2026/1/29 18:05:21: C:\Users\Administrator\scoop\apps\nodejs24\current\node.exe
2026/1/29 18:05:24: parse_data() -> https://fan3.206102.xyz/v2ray免费账号/
2026/1/29 21:08:31Extracted src: https://fan3.206102.xyz/v2ray免费账号/
2026/1/29 21:08:26: C:\Users\Administrator\scoop\apps\nodejs24\current\node.exe
2026/1/29 21:08:31: getting new Url ->  https://fan3.206102.xyz/v2ray免费账号/
2026/1/29 21:08:31: parse_data() -> https://fan3.206102.xyz/ss免费账号/
2026/1/29 21:08:31: parse_data() -> https://fan3.206102.xyz/v2ray免费账号/
2026/1/29 22:09:27Extracted src: https://fan3.206102.xyz/v2ray免费账号/
2026/1/29 22:09:22: C:\Users\Administrator\scoop\apps\nodejs24\current\node.exe
2026/1/29 22:09:27: getting new Url ->  https://fan3.206102.xyz/v2ray免费账号/
2026/1/29 22:09:27: parse_data() -> https://fan3.206102.xyz/v2ray免费账号/
2026/1/29 22:09:27: parse_data() -> https://fan3.206102.xyz/ss免费账号/
2026/1/29 23:10:30Extracted src: https://fan3.206102.xyz/v2ray免费账号/
2026/1/29 23:10:30: getting new Url ->  https://fan3.206102.xyz/v2ray免费账号/
2026/1/29 23:10:22: C:\Users\Administrator\scoop\apps\nodejs24\current\node.exe
2026/1/29 23:10:30: parse_data() -> https://fan3.206102.xyz/v2ray免费账号/
2026/1/29 23:10:30: parse_data() -> https://fan3.206102.xyz/ss免费账号/
2026/1/30 13:56:03Extracted src: https://fan3.206102.xyz/v2ray免费账号/
2026/1/30 13:56:00: C:\Users\Administrator\scoop\apps\nodejs24\current\node.exe
2026/1/30 13:56:03: getting new Url ->  https://fan3.206102.xyz/v2ray免费账号/
2026/1/30 13:56:03: parse_data() -> https://fan3.206102.xyz/v2ray免费账号/
2026/1/30 13:56:03: parse_data() -> https://fan3.206102.xyz/ss免费账号/
2026/1/30 13:56:07Extracted src: https://fan3.206102.xyz/v2ray免费账号/
2026/1/30 13:56:03: C:\Users\Administrator\scoop\apps\nodejs24\current\node.exe
2026/1/30 13:56:07: getting new Url ->  https://fan3.206102.xyz/v2ray免费账号/
2026/1/30 13:56:07: parse_data() -> https://fan3.206102.xyz/v2ray免费账号/
2026/1/30 13:56:07: parse_data() -> https://fan3.206102.xyz/ss免费账号/
2026/1/30 20:11:13Extracted src: https://fan3.206102.xyz/v2ray免费账号/
2026/1/30 20:11:06: C:\Users\Administrator\scoop\apps\nodejs24\current\node.exe
2026/1/30 20:11:11: getting new Url ->  https://fan3.206102.xyz/v2ray免费账号/
2026/1/30 20:11:11: parse_data() -> https://fan3.206102.xyz/v2ray免费账号/
2026/1/30 20:11:11: parse_data() -> https://fan3.206102.xyz/ss免费账号/
2026/1/30 21:12:23Extracted src: https://fan3.206102.xyz/v2ray免费账号/
2026/1/30 21:12:09: C:\Users\Administrator\scoop\apps\nodejs24\current\node.exe
2026/1/30 21:12:23: getting new Url ->  https://fan3.206102.xyz/v2ray免费账号/
2026/1/30 21:12:23: parse_data() -> https://fan3.206102.xyz/v2ray免费账号/
2026/1/30 21:12:23: parse_data() -> https://fan3.206102.xyz/ss免费账号/
2026/1/31 00:15:17Extracted src: https://fan3.206102.xyz/v2ray免费账号/
2026/1/31 00:15:17: getting new Url ->  https://fan3.206102.xyz/v2ray免费账号/
2026/1/31 00:15:09: C:\Users\Administrator\scoop\apps\nodejs24\current\node.exe
2026/1/31 00:15:17: parse_data() -> https://fan3.206102.xyz/v2ray免费账号/
2026/1/31 00:15:17: parse_data() -> https://fan3.206102.xyz/ss免费账号/
2026/1/31 01:16:12Extracted src: https://fan3.206102.xyz/v2ray免费账号/
2026/1/31 01:16:12: getting new Url ->  https://fan3.206102.xyz/v2ray免费账号/
2026/1/31 01:16:09: C:\Users\Administrator\scoop\apps\nodejs24\current\node.exe
2026/1/31 01:16:12: parse_data() -> https://fan3.206102.xyz/ss免费账号/
2026/1/31 01:16:12: parse_data() -> https://fan3.206102.xyz/v2ray免费账号/
2026/1/31 02:17:12Extracted src: https://fan3.206102.xyz/v2ray免费账号/
2026/1/31 02:17:08: C:\Users\Administrator\scoop\apps\nodejs24\current\node.exe
2026/1/31 02:17:12: parse_data() -> https://fan3.206102.xyz/v2ray免费账号/
2026/1/31 02:17:12: getting new Url ->  https://fan3.206102.xyz/v2ray免费账号/
2026/1/31 02:17:12: parse_data() -> https://fan3.206102.xyz/ss免费账号/
2026/1/31 16:56:58Extracted src: https://fan3.206102.xyz/v2ray免费账号/
2026/1/31 16:56:55: C:\Users\Administrator\scoop\apps\nodejs24\current\node.exe
2026/1/31 16:56:58: getting new Url ->  https://fan3.206102.xyz/v2ray免费账号/
2026/1/31 16:56:58: parse_data() -> https://fan3.206102.xyz/v2ray免费账号/
2026/1/31 16:56:58: parse_data() -> https://fan3.206102.xyz/ss免费账号/
2026/1/31 17:57:47Extracted src: https://fan3.206102.xyz/v2ray免费账号/
2026/1/31 17:57:44: C:\Users\Administrator\scoop\apps\nodejs24\current\node.exe
2026/1/31 17:57:47: getting new Url ->  https://fan3.206102.xyz/v2ray免费账号/
2026/1/31 17:57:47: parse_data() -> https://fan3.206102.xyz/v2ray免费账号/
2026/1/31 17:57:47: parse_data() -> https://fan3.206102.xyz/ss免费账号/
2026/1/31 18:58:50Extracted src: https://fan3.206102.xyz/v2ray免费账号/
2026/1/31 18:58:50: getting new Url ->  https://fan3.206102.xyz/v2ray免费账号/
2026/1/31 18:58:45: C:\Users\Administrator\scoop\apps\nodejs24\current\node.exe
2026/1/31 18:58:50: parse_data() -> https://fan3.206102.xyz/ss免费账号/
2026/1/31 18:58:50: parse_data() -> https://fan3.206102.xyz/v2ray免费账号/
2026/1/31 21:00:58Extracted src: https://fan3.206102.xyz/v2ray免费账号/
2026/1/31 21:00:44: C:\Users\Administrator\scoop\apps\nodejs24\current\node.exe
2026/1/31 21:00:58: getting new Url ->  https://fan3.206102.xyz/v2ray免费账号/
2026/1/31 21:00:58: parse_data() -> https://fan3.206102.xyz/v2ray免费账号/
2026/1/31 21:00:58: parse_data() -> https://fan3.206102.xyz/ss免费账号/
2026/2/1 08:15:22Extracted src: https://fan3.206102.xyz/v2ray免费账号/
2026/2/1 08:15:19: C:\Users\Administrator\scoop\apps\nodejs24\current\node.exe
2026/2/1 08:15:22: parse_data() -> https://fan3.206102.xyz/v2ray免费账号/
2026/2/1 08:15:22: getting new Url ->  https://fan3.206102.xyz/v2ray免费账号/
2026/2/1 08:15:22: parse_data() -> https://fan3.206102.xyz/ss免费账号/
2026/2/1 09:16:29Extracted src: https://fan3.206102.xyz/v2ray免费账号/
2026/2/1 09:16:26: C:\Users\Administrator\scoop\apps\nodejs24\current\node.exe
2026/2/1 09:16:29: getting new Url ->  https://fan3.206102.xyz/v2ray免费账号/
2026/2/1 09:16:29: parse_data() -> https://fan3.206102.xyz/v2ray免费账号/
2026/2/1 09:16:29: parse_data() -> https://fan3.206102.xyz/ss免费账号/
2026/2/1 10:17:28Extracted src: https://fan3.206102.xyz/v2ray免费账号/
2026/2/1 10:17:25: C:\Users\Administrator\scoop\apps\nodejs24\current\node.exe
2026/2/1 10:17:28: getting new Url ->  https://fan3.206102.xyz/v2ray免费账号/
2026/2/1 10:17:28: parse_data() -> https://fan3.206102.xyz/v2ray免费账号/
2026/2/1 10:17:28: parse_data() -> https://fan3.206102.xyz/ss免费账号/
2026/2/1 11:18:28Extracted src: https://fan3.206102.xyz/v2ray免费账号/
2026/2/1 11:18:25: C:\Users\Administrator\scoop\apps\nodejs24\current\node.exe
2026/2/1 11:18:28: getting new Url ->  https://fan3.206102.xyz/v2ray免费账号/
2026/2/1 11:18:28: parse_data() -> https://fan3.206102.xyz/v2ray免费账号/
2026/2/1 11:18:28: parse_data() -> https://fan3.206102.xyz/ss免费账号/
2026/2/1 13:21:01Extracted src: https://fan3.206102.xyz/v2ray免费账号/
2026/2/1 13:20:25: C:\Users\Administrator\scoop\apps\nodejs24\current\node.exe
2026/2/1 13:21:01: getting new Url ->  https://fan3.206102.xyz/v2ray免费账号/
2026/2/1 13:21:01: parse_data() -> https://fan3.206102.xyz/ss免费账号/
2026/2/1 13:21:01: parse_data() -> https://fan3.206102.xyz/v2ray免费账号/
2026/2/1 14:21:30Extracted src: https://fan3.206102.xyz/v2ray免费账号/
2026/2/1 14:21:25: C:\Users\Administrator\scoop\apps\nodejs24\current\node.exe
2026/2/1 14:21:30: parse_data() -> https://fan3.206102.xyz/v2ray免费账号/
2026/2/1 14:21:30: getting new Url ->  https://fan3.206102.xyz/v2ray免费账号/
2026/2/1 14:21:30: parse_data() -> https://fan3.206102.xyz/ss免费账号/
2026/2/1 15:22:29Extracted src: https://fan3.206102.xyz/v2ray免费账号/
2026/2/1 15:22:26: C:\Users\Administrator\scoop\apps\nodejs24\current\node.exe
2026/2/1 15:22:29: parse_data() -> https://fan3.206102.xyz/ss免费账号/
2026/2/1 15:22:29: parse_data() -> https://fan3.206102.xyz/v2ray免费账号/
2026/2/1 15:22:29: getting new Url ->  https://fan3.206102.xyz/v2ray免费账号/
2026/2/1 16:23:29Extracted src: https://fan3.206102.xyz/v2ray免费账号/
2026/2/1 16:23:26: C:\Users\Administrator\scoop\apps\nodejs24\current\node.exe
2026/2/1 16:23:29: parse_data() -> https://fan3.206102.xyz/ss免费账号/
2026/2/1 16:23:29: parse_data() -> https://fan3.206102.xyz/v2ray免费账号/
2026/2/1 16:23:29: getting new Url ->  https://fan3.206102.xyz/v2ray免费账号/
2026/2/1 21:24:39Extracted src: https://fan3.206102.xyz/v2ray免费账号/
2026/2/1 21:24:39: getting new Url ->  https://fan3.206102.xyz/v2ray免费账号/
2026/2/1 21:24:28: C:\Users\Administrator\scoop\apps\nodejs24\current\node.exe
2026/2/1 21:24:39: parse_data() -> https://fan3.206102.xyz/ss免费账号/
2026/2/1 21:24:39: parse_data() -> https://fan3.206102.xyz/v2ray免费账号/
2026/2/1 21:25:33Extracted src: https://fan3.206102.xyz/v2ray免费账号/
2026/2/1 21:25:27: C:\Users\Administrator\scoop\apps\nodejs24\current\node.exe
2026/2/1 21:25:33: getting new Url ->  https://fan3.206102.xyz/v2ray免费账号/
2026/2/1 21:25:33: parse_data() -> https://fan3.206102.xyz/ss免费账号/
2026/2/1 21:25:33: parse_data() -> https://fan3.206102.xyz/v2ray免费账号/
2026/2/1 21:25:33: parse.js -> Fetch error: AxiosError: Network Error
2026/2/1 22:26:36Extracted src: https://fan3.206102.xyz/v2ray免费账号/
2026/2/1 22:26:28: C:\Users\Administrator\scoop\apps\nodejs24\current\node.exe
2026/2/1 22:26:36: parse_data() -> https://fan3.206102.xyz/v2ray免费账号/
2026/2/1 22:26:36: getting new Url ->  https://fan3.206102.xyz/v2ray免费账号/
2026/2/1 22:26:36: parse_data() -> https://fan3.206102.xyz/ss免费账号/
2026/2/1 23:27:36Extracted src: https://fan3.206102.xyz/v2ray免费账号/
2026/2/1 23:27:28: C:\Users\Administrator\scoop\apps\nodejs24\current\node.exe
2026/2/1 23:27:36: parse_data() -> https://fan3.206102.xyz/v2ray免费账号/
2026/2/1 23:27:36: getting new Url ->  https://fan3.206102.xyz/v2ray免费账号/
2026/2/1 23:27:36: parse_data() -> https://fan3.206102.xyz/ss免费账号/
2026/2/2 00:28:30Extracted src: https://fan3.206102.xyz/v2ray免费账号/
2026/2/2 00:28:27: C:\Users\Administrator\scoop\apps\nodejs24\current\node.exe
2026/2/2 00:28:30: getting new Url ->  https://fan3.206102.xyz/v2ray免费账号/
2026/2/2 00:28:30: parse_data() -> https://fan3.206102.xyz/ss免费账号/
2026/2/2 00:28:30: parse_data() -> https://fan3.206102.xyz/v2ray免费账号/
2026/2/2 01:29:35Extracted src: https://fan3.206102.xyz/v2ray免费账号/
2026/2/2 01:29:27: C:\Users\Administrator\scoop\apps\nodejs24\current\node.exe
2026/2/2 01:29:35: getting new Url ->  https://fan3.206102.xyz/v2ray免费账号/
2026/2/2 01:29:35: parse_data() -> https://fan3.206102.xyz/v2ray免费账号/
2026/2/2 01:29:35: parse_data() -> https://fan3.206102.xyz/ss免费账号/
2026/2/2 02:30:31Extracted src: https://fan3.206102.xyz/v2ray免费账号/
2026/2/2 02:30:31: parse_data() -> https://fan3.206102.xyz/v2ray免费账号/
2026/2/2 02:30:31: getting new Url ->  https://fan3.206102.xyz/v2ray免费账号/
2026/2/2 02:30:27: C:\Users\Administrator\scoop\apps\nodejs24\current\node.exe
2026/2/2 02:30:31: parse_data() -> https://fan3.206102.xyz/ss免费账号/
2026/2/2 14:12:33Extracted src: https://fan3.206102.xyz/v2ray免费账号/
2026/2/2 14:12:33: parse_data() -> https://fan3.206102.xyz/v2ray免费账号/
2026/2/2 14:12:28: C:\Users\Administrator\scoop\apps\nodejs24\current\node.exe
2026/2/2 14:12:33: parse_data() -> https://fan3.206102.xyz/ss免费账号/
2026/2/2 14:12:33: getting new Url ->  https://fan3.206102.xyz/v2ray免费账号/
2026/2/2 15:13:32Extracted src: https://fan3.206102.xyz/v2ray免费账号/
2026/2/2 15:13:32: getting new Url ->  https://fan3.206102.xyz/v2ray免费账号/
2026/2/2 15:13:28: C:\Users\Administrator\scoop\apps\nodejs24\current\node.exe
2026/2/2 15:13:32: parse_data() -> https://fan3.206102.xyz/v2ray免费账号/
2026/2/2 15:13:32: parse_data() -> https://fan3.206102.xyz/ss免费账号/
2026/2/2 16:14:30Extracted src: https://fan3.206102.xyz/v2ray免费账号/
2026/2/2 16:14:30: getting new Url ->  https://fan3.206102.xyz/v2ray免费账号/
2026/2/2 16:14:27: C:\Users\Administrator\scoop\apps\nodejs24\current\node.exe
2026/2/2 16:14:30: parse_data() -> https://fan3.206102.xyz/ss免费账号/
2026/2/2 16:14:30: parse_data() -> https://fan3.206102.xyz/v2ray免费账号/
2026/2/2 17:15:30Extracted src: https://fan3.206102.xyz/v2ray免费账号/
2026/2/2 17:15:27: C:\Users\Administrator\scoop\apps\nodejs24\current\node.exe
2026/2/2 17:15:30: getting new Url ->  https://fan3.206102.xyz/v2ray免费账号/
2026/2/2 17:15:30: parse_data() -> https://fan3.206102.xyz/v2ray免费账号/
2026/2/2 17:15:30: parse_data() -> https://fan3.206102.xyz/ss免费账号/
2026/2/2 18:16:30Extracted src: https://fan3.206102.xyz/v2ray免费账号/
2026/2/2 18:16:30: getting new Url ->  https://fan3.206102.xyz/v2ray免费账号/
2026/2/2 18:16:27: C:\Users\Administrator\scoop\apps\nodejs24\current\node.exe
2026/2/2 18:16:30: parse_data() -> https://fan3.206102.xyz/v2ray免费账号/
2026/2/2 18:16:30: parse_data() -> https://fan3.206102.xyz/ss免费账号/
2026/2/2 19:17:31Extracted src: https://fan3.206102.xyz/v2ray免费账号/
2026/2/2 19:17:27: C:\Users\Administrator\scoop\apps\nodejs24\current\node.exe
2026/2/2 19:17:31: getting new Url ->  https://fan3.206102.xyz/v2ray免费账号/
2026/2/2 19:17:31: parse_data() -> https://fan3.206102.xyz/v2ray免费账号/
2026/2/2 19:17:31: parse_data() -> https://fan3.206102.xyz/ss免费账号/
2026/2/2 20:18:32Extracted src: https://fan3.206102.xyz/v2ray免费账号/
2026/2/2 20:18:32: getting new Url ->  https://fan3.206102.xyz/v2ray免费账号/
2026/2/2 20:18:28: C:\Users\Administrator\scoop\apps\nodejs24\current\node.exe
2026/2/2 20:18:32: parse_data() -> https://fan3.206102.xyz/ss免费账号/
2026/2/2 20:18:32: parse_data() -> https://fan3.206102.xyz/v2ray免费账号/
2026/2/2 21:19:38Extracted src: https://fan3.206102.xyz/v2ray免费账号/
2026/2/2 21:19:27: C:\Users\Administrator\scoop\apps\nodejs24\current\node.exe
2026/2/2 21:19:38: getting new Url ->  https://fan3.206102.xyz/v2ray免费账号/
2026/2/2 21:19:38: parse_data() -> https://fan3.206102.xyz/v2ray免费账号/
2026/2/2 21:19:38: parse_data() -> https://fan3.206102.xyz/ss免费账号/
2026/2/2 22:20:30Extracted src: https://fan3.206102.xyz/v2ray免费账号/
2026/2/2 22:20:27: C:\Users\Administrator\scoop\apps\nodejs24\current\node.exe
2026/2/2 22:20:30: getting new Url ->  https://fan3.206102.xyz/v2ray免费账号/
2026/2/2 22:20:30: parse_data() -> https://fan3.206102.xyz/v2ray免费账号/
2026/2/2 22:20:30: parse_data() -> https://fan3.206102.xyz/ss免费账号/
2026/2/2 23:21:46Extracted src: https://fan3.206102.xyz/v2ray免费账号/
2026/2/2 23:21:46: getting new Url ->  https://fan3.206102.xyz/v2ray免费账号/
2026/2/2 23:21:46: parse_data() -> https://fan3.206102.xyz/v2ray免费账号/
2026/2/2 23:21:32: C:\Users\Administrator\scoop\apps\nodejs24\current\node.exe
2026/2/2 23:21:46: parse_data() -> https://fan3.206102.xyz/ss免费账号/
2026/2/3 14:51:32Extracted src: https://fan3.206102.xyz/v2ray免费账号/
2026/2/3 14:51:32: parse_data() -> https://fan3.206102.xyz/v2ray免费账号/
2026/2/3 14:51:32: getting new Url ->  https://fan3.206102.xyz/v2ray免费账号/
2026/2/3 14:51:28: C:\Users\Administrator\scoop\apps\nodejs24\current\node.exe
2026/2/3 14:51:32: parse_data() -> https://fan3.206102.xyz/ss免费账号/
2026/2/3 15:52:37Extracted src: https://fan3.206102.xyz/v2ray免费账号/
2026/2/3 15:52:37: getting new Url ->  https://fan3.206102.xyz/v2ray免费账号/
2026/2/3 15:52:27: C:\Users\Administrator\scoop\apps\nodejs24\current\node.exe
2026/2/3 15:52:37: parse_data() -> https://fan3.206102.xyz/ss免费账号/
2026/2/3 15:52:37: parse_data() -> https://fan3.206102.xyz/v2ray免费账号/
2026/2/3 15:52:47: parse.js -> Fetch error: AxiosError: Network Error
2026/2/3 16:53:29Extracted src: https://fan3.206102.xyz/v2ray免费账号/
2026/2/3 16:53:27: C:\Users\Administrator\scoop\apps\nodejs24\current\node.exe
2026/2/3 16:53:30: getting new Url ->  https://fan3.206102.xyz/v2ray免费账号/
2026/2/3 16:53:30: parse_data() -> https://fan3.206102.xyz/ss免费账号/
2026/2/3 16:53:30: parse_data() -> https://fan3.206102.xyz/v2ray免费账号/
2026/2/3 17:54:32Extracted src: https://fan3.206102.xyz/v2ray免费账号/
2026/2/3 17:54:27: C:\Users\Administrator\scoop\apps\nodejs24\current\node.exe
2026/2/3 17:54:32: getting new Url ->  https://fan3.206102.xyz/v2ray免费账号/
2026/2/3 17:54:32: parse_data() -> https://fan3.206102.xyz/ss免费账号/
2026/2/3 17:54:32: parse_data() -> https://fan3.206102.xyz/v2ray免费账号/
2026/2/3 19:55:32Extracted src: https://fan3.206102.xyz/v2ray免费账号/
2026/2/3 19:55:30: C:\Users\Administrator\scoop\apps\nodejs24\current\node.exe
2026/2/3 19:55:32: getting new Url ->  https://fan3.206102.xyz/v2ray免费账号/
2026/2/3 19:55:32: parse_data() -> https://fan3.206102.xyz/ss免费账号/
2026/2/3 19:55:32: parse_data() -> https://fan3.206102.xyz/v2ray免费账号/
2026/2/3 20:56:37Extracted src: https://fan3.206102.xyz/v2ray免费账号/
2026/2/3 20:56:31: C:\Users\Administrator\scoop\apps\nodejs24\current\node.exe
2026/2/3 20:56:37: parse_data() -> https://fan3.206102.xyz/v2ray免费账号/
2026/2/3 20:56:37: getting new Url ->  https://fan3.206102.xyz/v2ray免费账号/
2026/2/3 20:56:37: parse_data() -> https://fan3.206102.xyz/ss免费账号/
2026/2/3 21:57:36Extracted src: https://fan3.206102.xyz/v2ray免费账号/
2026/2/3 21:57:36: parse_data() -> https://fan3.206102.xyz/v2ray免费账号/
2026/2/3 21:57:30: C:\Users\Administrator\scoop\apps\nodejs24\current\node.exe
2026/2/3 21:57:36: parse_data() -> https://fan3.206102.xyz/ss免费账号/
2026/2/3 21:57:36: getting new Url ->  https://fan3.206102.xyz/v2ray免费账号/
2026/2/3 22:58:37Extracted src: https://fan3.206102.xyz/v2ray免费账号/
2026/2/3 22:58:30: C:\Users\Administrator\scoop\apps\nodejs24\current\node.exe
2026/2/3 22:58:37: getting new Url ->  https://fan3.206102.xyz/v2ray免费账号/
2026/2/3 22:58:37: parse_data() -> https://fan3.206102.xyz/v2ray免费账号/
2026/2/3 22:58:37: parse_data() -> https://fan3.206102.xyz/ss免费账号/
2026/2/4 11:54:32Extracted src: https://fan3.206102.xyz/v2ray免费账号/
2026/2/4 11:54:30: C:\Users\Administrator\scoop\apps\nodejs24\current\node.exe
2026/2/4 11:54:33: getting new Url ->  https://fan3.206102.xyz/v2ray免费账号/
2026/2/4 11:54:33: parse_data() -> https://fan3.206102.xyz/ss免费账号/
2026/2/4 11:54:33: parse_data() -> https://fan3.206102.xyz/v2ray免费账号/
2026/2/4 13:56:42Extracted src: https://fan3.206102.xyz/v2ray免费账号/
2026/2/4 13:56:39: C:\Users\Administrator\scoop\apps\nodejs24\current\node.exe
2026/2/4 13:56:42: getting new Url ->  https://fan3.206102.xyz/v2ray免费账号/
2026/2/4 13:56:42: parse_data() -> https://fan3.206102.xyz/ss免费账号/
2026/2/4 13:56:42: parse_data() -> https://fan3.206102.xyz/v2ray免费账号/
2026/2/4 14:57:34Extracted src: https://fan3.206102.xyz/v2ray免费账号/
2026/2/4 14:57:30: C:\Users\Administrator\scoop\apps\nodejs24\current\node.exe
2026/2/4 14:57:34: getting new Url ->  https://fan3.206102.xyz/v2ray免费账号/
2026/2/4 14:57:34: parse_data() -> https://fan3.206102.xyz/ss免费账号/
2026/2/4 14:57:34: parse_data() -> https://fan3.206102.xyz/v2ray免费账号/
2026/2/4 15:58:33Extracted src: https://fan3.206102.xyz/v2ray免费账号/
2026/2/4 15:58:33: getting new Url ->  https://fan3.206102.xyz/v2ray免费账号/
2026/2/4 15:58:33: parse_data() -> https://fan3.206102.xyz/ss免费账号/
2026/2/4 15:58:30: C:\Users\Administrator\scoop\apps\nodejs24\current\node.exe
2026/2/4 15:58:33: parse_data() -> https://fan3.206102.xyz/v2ray免费账号/
2026/2/4 16:59:36Extracted src: https://fan3.206102.xyz/v2ray免费账号/
2026/2/4 16:59:36: getting new Url ->  https://fan3.206102.xyz/v2ray免费账号/
2026/2/4 16:59:30: C:\Users\Administrator\scoop\apps\nodejs24\current\node.exe
2026/2/4 16:59:36: parse_data() -> https://fan3.206102.xyz/ss免费账号/
2026/2/4 16:59:36: parse_data() -> https://fan3.206102.xyz/v2ray免费账号/
2026/2/4 18:00:36Extracted src: https://fan3.206102.xyz/v2ray免费账号/
2026/2/4 18:00:30: C:\Users\Administrator\scoop\apps\nodejs24\current\node.exe
2026/2/4 18:00:36: getting new Url ->  https://fan3.206102.xyz/v2ray免费账号/
2026/2/4 18:00:36: parse_data() -> https://fan3.206102.xyz/ss免费账号/
2026/2/4 18:00:36: parse_data() -> https://fan3.206102.xyz/v2ray免费账号/
2026/2/4 19:01:34Extracted src: https://fan3.206102.xyz/v2ray免费账号/
2026/2/4 19:01:34: parse_data() -> https://fan3.206102.xyz/ss免费账号/
2026/2/4 19:01:30: C:\Users\Administrator\scoop\apps\nodejs24\current\node.exe
2026/2/4 19:01:34: getting new Url ->  https://fan3.206102.xyz/v2ray免费账号/
2026/2/4 19:01:34: parse_data() -> https://fan3.206102.xyz/v2ray免费账号/
2026/2/4 21:03:36Extracted src: https://fan3.206102.xyz/v2ray免费账号/
2026/2/4 21:03:36: getting new Url ->  https://fan3.206102.xyz/v2ray免费账号/
2026/2/4 21:03:36: parse_data() -> https://fan3.206102.xyz/v2ray免费账号/
2026/2/4 21:03:31: C:\Users\Administrator\scoop\apps\nodejs24\current\node.exe
2026/2/4 21:03:36: parse_data() -> https://fan3.206102.xyz/ss免费账号/
2026/2/4 22:04:42Extracted src: https://fan3.206102.xyz/v2ray免费账号/
2026/2/4 22:04:31: C:\Users\Administrator\scoop\apps\nodejs24\current\node.exe
2026/2/4 22:04:42: parse_data() -> https://fan3.206102.xyz/v2ray免费账号/
2026/2/4 22:04:42: getting new Url ->  https://fan3.206102.xyz/v2ray免费账号/
2026/2/4 22:04:42: parse_data() -> https://fan3.206102.xyz/ss免费账号/
2026/2/4 23:05:40Extracted src: https://fan3.206102.xyz/v2ray免费账号/
2026/2/4 23:05:40: getting new Url ->  https://fan3.206102.xyz/v2ray免费账号/
2026/2/4 23:05:30: C:\Users\Administrator\scoop\apps\nodejs24\current\node.exe
2026/2/4 23:05:40: parse_data() -> https://fan3.206102.xyz/ss免费账号/
2026/2/4 23:05:40: parse_data() -> https://fan3.206102.xyz/v2ray免费账号/
2026/2/5 10:40:33Extracted src: https://fan3.206102.xyz/v2ray免费账号/
2026/2/5 10:40:29: C:\Users\Administrator\scoop\apps\nodejs24\current\node.exe
2026/2/5 10:40:33: getting new Url ->  https://fan3.206102.xyz/v2ray免费账号/
2026/2/5 10:40:33: parse_data() -> https://fan3.206102.xyz/v2ray免费账号/
2026/2/5 10:40:33: parse_data() -> https://fan3.206102.xyz/ss免费账号/
2026/2/5 11:41:35Extracted src: https://fan3.206102.xyz/v2ray免费账号/
2026/2/5 11:41:31: C:\Users\Administrator\scoop\apps\nodejs24\current\node.exe
2026/2/5 11:41:35: parse_data() -> https://fan3.206102.xyz/ss免费账号/
2026/2/5 11:41:35: getting new Url ->  https://fan3.206102.xyz/v2ray免费账号/
2026/2/5 11:41:35: parse_data() -> https://fan3.206102.xyz/v2ray免费账号/
2026/2/5 12:42:49Extracted src: https://fan3.206102.xyz/v2ray免费账号/
2026/2/5 12:42:31: C:\Users\Administrator\scoop\apps\nodejs24\current\node.exe
2026/2/5 12:42:49: parse_data() -> https://fan3.206102.xyz/v2ray免费账号/
2026/2/5 12:42:49: getting new Url ->  https://fan3.206102.xyz/v2ray免费账号/
2026/2/5 12:42:49: parse_data() -> https://fan3.206102.xyz/ss免费账号/
2026/2/5 14:43:37Extracted src: https://fan3.206102.xyz/v2ray免费账号/
2026/2/5 14:43:31: C:\Users\Administrator\scoop\apps\nodejs24\current\node.exe
2026/2/5 14:43:37: getting new Url ->  https://fan3.206102.xyz/v2ray免费账号/
2026/2/5 14:43:37: parse_data() -> https://fan3.206102.xyz/v2ray免费账号/
2026/2/5 14:43:37: parse_data() -> https://fan3.206102.xyz/ss免费账号/
2026/2/5 15:44:34Extracted src: https://fan3.206102.xyz/v2ray免费账号/
2026/2/5 15:44:34: parse_data() -> https://fan3.206102.xyz/v2ray免费账号/
2026/2/5 15:44:34: getting new Url ->  https://fan3.206102.xyz/v2ray免费账号/
2026/2/5 15:44:31: C:\Users\Administrator\scoop\apps\nodejs24\current\node.exe
2026/2/5 15:44:34: parse_data() -> https://fan3.206102.xyz/ss免费账号/
2026/2/5 17:46:41Extracted src: https://fan3.206102.xyz/v2ray免费账号/
2026/2/5 17:46:32: C:\Users\Administrator\scoop\apps\nodejs24\current\node.exe
2026/2/5 17:46:41: getting new Url ->  https://fan3.206102.xyz/v2ray免费账号/
2026/2/5 17:46:41: parse_data() -> https://fan3.206102.xyz/v2ray免费账号/
2026/2/5 17:46:41: parse_data() -> https://fan3.206102.xyz/ss免费账号/
2026/2/5 18:47:21Extracted src: https://fan3.206102.xyz/v2ray免费账号/
2026/2/5 18:47:18: C:\Users\Administrator\scoop\apps\nodejs24\current\node.exe
2026/2/5 18:47:21: parse_data() -> https://fan3.206102.xyz/ss免费账号/
2026/2/5 18:47:21: parse_data() -> https://fan3.206102.xyz/v2ray免费账号/
2026/2/5 18:47:21: getting new Url ->  https://fan3.206102.xyz/v2ray免费账号/
2026/2/5 19:51:22Extracted src: https://fan3.206102.xyz/v2ray免费账号/
2026/2/5 19:51:17: C:\Users\Administrator\scoop\apps\nodejs24\current\node.exe
2026/2/5 19:51:22: getting new Url ->  https://fan3.206102.xyz/v2ray免费账号/
2026/2/5 19:51:22: parse_data() -> https://fan3.206102.xyz/v2ray免费账号/
2026/2/5 19:51:22: parse_data() -> https://fan3.206102.xyz/ss免费账号/
2026/2/5 20:52:31Extracted src: https://fan3.206102.xyz/v2ray免费账号/
2026/2/5 20:52:26: C:\Users\Administrator\scoop\apps\nodejs24\current\node.exe
2026/2/5 20:52:31: getting new Url ->  https://fan3.206102.xyz/v2ray免费账号/
2026/2/5 20:52:31: parse_data() -> https://fan3.206102.xyz/ss免费账号/
2026/2/5 20:52:31: parse_data() -> https://fan3.206102.xyz/v2ray免费账号/
2026/2/5 21:53:34Extracted src: https://fan3.206102.xyz/v2ray免费账号/
2026/2/5 21:53:34: getting new Url ->  https://fan3.206102.xyz/v2ray免费账号/
2026/2/5 21:53:34: parse_data() -> https://fan3.206102.xyz/v2ray免费账号/
2026/2/5 21:53:25: C:\Users\Administrator\scoop\apps\nodejs24\current\node.exe
2026/2/5 21:53:34: parse_data() -> https://fan3.206102.xyz/ss免费账号/
2026/2/5 22:54:35Extracted src: https://fan3.206102.xyz/v2ray免费账号/
2026/2/5 22:54:25: C:\Users\Administrator\scoop\apps\nodejs24\current\node.exe
2026/2/5 22:54:35: getting new Url ->  https://fan3.206102.xyz/v2ray免费账号/
2026/2/5 22:54:35: parse_data() -> https://fan3.206102.xyz/v2ray免费账号/
2026/2/5 22:54:35: parse_data() -> https://fan3.206102.xyz/ss免费账号/
2026/2/5 23:55:36Extracted src: https://fan3.206102.xyz/v2ray免费账号/
2026/2/5 23:55:26: C:\Users\Administrator\scoop\apps\nodejs24\current\node.exe
2026/2/5 23:55:36: getting new Url ->  https://fan3.206102.xyz/v2ray免费账号/
2026/2/5 23:55:36: parse_data() -> https://fan3.206102.xyz/ss免费账号/
2026/2/5 23:55:36: parse_data() -> https://fan3.206102.xyz/v2ray免费账号/
2026/2/6 00:56:31Extracted src: https://fan3.206102.xyz/v2ray免费账号/
2026/2/6 00:56:26: C:\Users\Administrator\scoop\apps\nodejs24\current\node.exe
2026/2/6 00:56:31: getting new Url ->  https://fan3.206102.xyz/v2ray免费账号/
2026/2/6 00:56:31: parse_data() -> https://fan3.206102.xyz/v2ray免费账号/
2026/2/6 00:56:31: parse_data() -> https://fan3.206102.xyz/ss免费账号/
2026/2/6 12:00:45Extracted src: https://fan3.206102.xyz/v2ray免费账号/
2026/2/6 12:00:41: C:\Users\Administrator\scoop\apps\nodejs24\current\node.exe
2026/2/6 12:00:45: getting new Url ->  https://fan3.206102.xyz/v2ray免费账号/
2026/2/6 12:00:45: parse_data() -> https://fan3.206102.xyz/v2ray免费账号/
2026/2/6 12:00:45: parse_data() -> https://fan3.206102.xyz/ss免费账号/
2026/2/6 13:01:54Extracted src: https://fan3.206102.xyz/v2ray免费账号/
2026/2/6 13:01:40: C:\Users\Administrator\scoop\apps\nodejs24\current\node.exe
2026/2/6 13:01:54: getting new Url ->  https://fan3.206102.xyz/v2ray免费账号/
2026/2/6 13:01:54: parse_data() -> https://fan3.206102.xyz/v2ray免费账号/
2026/2/6 13:01:54: parse_data() -> https://fan3.206102.xyz/ss免费账号/
2026/2/6 17:46:43Extracted src: https://fan3.206102.xyz/v2ray免费账号/
2026/2/6 17:46:35: C:\Users\Administrator\scoop\apps\nodejs24\current\node.exe
2026/2/6 17:46:43: parse_data() -> https://fan3.206102.xyz/v2ray免费账号/
2026/2/6 17:46:43: getting new Url ->  https://fan3.206102.xyz/v2ray免费账号/
2026/2/6 17:46:43: parse_data() -> https://fan3.206102.xyz/ss免费账号/
2026/2/6 22:51:49Extracted src: https://fan3.206102.xyz/v2ray免费账号/
2026/2/6 22:51:41: C:\Users\Administrator\scoop\apps\nodejs24\current\node.exe
2026/2/6 22:51:49: getting new Url ->  https://fan3.206102.xyz/v2ray免费账号/
2026/2/6 22:51:49: parse_data() -> https://fan3.206102.xyz/ss免费账号/
2026/2/6 22:51:49: parse_data() -> https://fan3.206102.xyz/v2ray免费账号/
2026/2/6 23:52:45Extracted src: https://fan3.206102.xyz/v2ray免费账号/
2026/2/6 23:52:45: getting new Url ->  https://fan3.206102.xyz/v2ray免费账号/
2026/2/6 23:52:39: C:\Users\Administrator\scoop\apps\nodejs24\current\node.exe
2026/2/6 23:52:45: parse_data() -> https://fan3.206102.xyz/v2ray免费账号/
2026/2/6 23:52:45: parse_data() -> https://fan3.206102.xyz/ss免费账号/
2026/2/7 00:53:44Extracted src: https://fan3.206102.xyz/v2ray免费账号/
2026/2/7 00:53:39: C:\Users\Administrator\scoop\apps\nodejs24\current\node.exe
2026/2/7 00:53:44: getting new Url ->  https://fan3.206102.xyz/v2ray免费账号/
2026/2/7 00:53:44: parse_data() -> https://fan3.206102.xyz/v2ray免费账号/
2026/2/7 00:53:44: parse_data() -> https://fan3.206102.xyz/ss免费账号/
2026/2/7 01:54:42Extracted src: https://fan3.206102.xyz/v2ray免费账号/
2026/2/7 01:54:40: C:\Users\Administrator\scoop\apps\nodejs24\current\node.exe
2026/2/7 01:54:42: parse_data() -> https://fan3.206102.xyz/v2ray免费账号/
2026/2/7 01:54:42: getting new Url ->  https://fan3.206102.xyz/v2ray免费账号/
2026/2/7 01:54:42: parse_data() -> https://fan3.206102.xyz/ss免费账号/
2026/2/7 10:39:41Extracted src: https://fan3.206102.xyz/v2ray免费账号/
2026/2/7 10:39:38: C:\Users\Administrator\scoop\apps\nodejs24\current\node.exe
2026/2/7 10:39:41: getting new Url ->  https://fan3.206102.xyz/v2ray免费账号/
2026/2/7 10:39:41: parse_data() -> https://fan3.206102.xyz/ss免费账号/
2026/2/7 10:39:41: parse_data() -> https://fan3.206102.xyz/v2ray免费账号/
2026/2/7 14:43:41Extracted src: https://fan3.206102.xyz/v2ray免费账号/
2026/2/7 14:43:41: getting new Url ->  https://fan3.206102.xyz/v2ray免费账号/
2026/2/7 14:43:41: parse_data() -> https://fan3.206102.xyz/ss免费账号/
2026/2/7 14:43:39: C:\Users\Administrator\scoop\apps\nodejs24\current\node.exe
2026/2/7 14:43:41: parse_data() -> https://fan3.206102.xyz/v2ray免费账号/
2026/2/7 15:44:44Extracted src: https://fan3.206102.xyz/v2ray免费账号/
2026/2/7 15:44:44: getting new Url ->  https://fan3.206102.xyz/v2ray免费账号/
2026/2/7 15:44:40: C:\Users\Administrator\scoop\apps\nodejs24\current\node.exe
2026/2/7 15:44:44: parse_data() -> https://fan3.206102.xyz/v2ray免费账号/
2026/2/7 15:44:44: parse_data() -> https://fan3.206102.xyz/ss免费账号/
2026/2/7 16:45:46Extracted src: https://fan3.206102.xyz/v2ray免费账号/
2026/2/7 16:45:46: getting new Url ->  https://fan3.206102.xyz/v2ray免费账号/
2026/2/7 16:45:41: C:\Users\Administrator\scoop\apps\nodejs24\current\node.exe
2026/2/7 16:45:46: parse_data() -> https://fan3.206102.xyz/ss免费账号/
2026/2/7 16:45:46: parse_data() -> https://fan3.206102.xyz/v2ray免费账号/
2026/2/7 17:46:41Extracted src: https://fan3.206102.xyz/v2ray免费账号/
2026/2/7 17:46:41: getting new Url ->  https://fan3.206102.xyz/v2ray免费账号/
2026/2/7 17:46:38: C:\Users\Administrator\scoop\apps\nodejs24\current\node.exe
2026/2/7 17:46:41: parse_data() -> https://fan3.206102.xyz/v2ray免费账号/
2026/2/7 17:46:41: parse_data() -> https://fan3.206102.xyz/ss免费账号/
2026/2/7 19:48:42Extracted src: https://fan3.206102.xyz/v2ray免费账号/
2026/2/7 19:48:39: C:\Users\Administrator\scoop\apps\nodejs24\current\node.exe
2026/2/7 19:48:42: getting new Url ->  https://fan3.206102.xyz/v2ray免费账号/
2026/2/7 19:48:42: parse_data() -> https://fan3.206102.xyz/v2ray免费账号/
2026/2/7 19:48:42: parse_data() -> https://fan3.206102.xyz/ss免费账号/
2026/2/7 20:49:41Extracted src: https://fan3.206102.xyz/v2ray免费账号/
2026/2/7 20:49:39: C:\Users\Administrator\scoop\apps\nodejs24\current\node.exe
2026/2/7 20:49:41: parse_data() -> https://fan3.206102.xyz/v2ray免费账号/
2026/2/7 20:49:41: getting new Url ->  https://fan3.206102.xyz/v2ray免费账号/
2026/2/7 20:49:41: parse_data() -> https://fan3.206102.xyz/ss免费账号/
2026/2/7 21:50:47Extracted src: https://fan3.206102.xyz/v2ray免费账号/
2026/2/7 21:50:39: C:\Users\Administrator\scoop\apps\nodejs24\current\node.exe
2026/2/7 21:50:47: getting new Url ->  https://fan3.206102.xyz/v2ray免费账号/
2026/2/7 21:50:47: parse_data() -> https://fan3.206102.xyz/v2ray免费账号/
2026/2/7 21:50:47: parse_data() -> https://fan3.206102.xyz/ss免费账号/
2026/2/7 22:51:42Extracted src: https://fan3.206102.xyz/v2ray免费账号/
2026/2/7 22:51:39: C:\Users\Administrator\scoop\apps\nodejs24\current\node.exe
2026/2/7 22:51:42: getting new Url ->  https://fan3.206102.xyz/v2ray免费账号/
2026/2/7 22:51:42: parse_data() -> https://fan3.206102.xyz/v2ray免费账号/
2026/2/7 22:51:42: parse_data() -> https://fan3.206102.xyz/ss免费账号/
2026/2/7 23:52:43Extracted src: https://fan3.206102.xyz/v2ray免费账号/
2026/2/7 23:52:40: C:\Users\Administrator\scoop\apps\nodejs24\current\node.exe
2026/2/7 23:52:43: parse_data() -> https://fan3.206102.xyz/v2ray免费账号/
2026/2/7 23:52:43: getting new Url ->  https://fan3.206102.xyz/v2ray免费账号/
2026/2/7 23:52:43: parse_data() -> https://fan3.206102.xyz/ss免费账号/
2026/2/8 00:53:45Extracted src: https://fan3.206102.xyz/v2ray免费账号/
2026/2/8 00:53:45: parse_data() -> https://fan3.206102.xyz/v2ray免费账号/
2026/2/8 00:53:45: getting new Url ->  https://fan3.206102.xyz/v2ray免费账号/
2026/2/8 00:53:40: C:\Users\Administrator\scoop\apps\nodejs24\current\node.exe
2026/2/8 00:53:45: parse_data() -> https://fan3.206102.xyz/ss免费账号/
2026/2/8 10:25:41Extracted src: https://fan3.206102.xyz/v2ray免费账号/
2026/2/8 10:25:38: C:\Users\Administrator\scoop\apps\nodejs24\current\node.exe
2026/2/8 10:25:41: getting new Url ->  https://fan3.206102.xyz/v2ray免费账号/
2026/2/8 10:25:41: parse_data() -> https://fan3.206102.xyz/v2ray免费账号/
2026/2/8 10:25:41: parse_data() -> https://fan3.206102.xyz/ss免费账号/
2026/2/8 11:26:42Extracted src: https://fan3.206102.xyz/v2ray免费账号/
2026/2/8 11:26:42: parse_data() -> https://fan3.206102.xyz/v2ray免费账号/
2026/2/8 11:26:38: C:\Users\Administrator\scoop\apps\nodejs24\current\node.exe
2026/2/8 11:26:42: getting new Url ->  https://fan3.206102.xyz/v2ray免费账号/
2026/2/8 11:26:42: parse_data() -> https://fan3.206102.xyz/ss免费账号/
2026/2/8 12:27:44Extracted src: https://fan3.206102.xyz/v2ray免费账号/
2026/2/8 12:27:40: C:\Users\Administrator\scoop\apps\nodejs24\current\node.exe
2026/2/8 12:27:44: getting new Url ->  https://fan3.206102.xyz/v2ray免费账号/
2026/2/8 12:27:44: parse_data() -> https://fan3.206102.xyz/v2ray免费账号/
2026/2/8 12:27:44: parse_data() -> https://fan3.206102.xyz/ss免费账号/
2026/2/8 17:31:50Extracted src: https://fan3.206102.xyz/v2ray免费账号/
2026/2/8 17:31:42: C:\Users\Administrator\scoop\apps\nodejs24\current\node.exe
2026/2/8 17:31:50: parse_data() -> https://fan3.206102.xyz/v2ray免费账号/
2026/2/8 17:31:50: getting new Url ->  https://fan3.206102.xyz/v2ray免费账号/
2026/2/8 17:31:50: parse_data() -> https://fan3.206102.xyz/ss免费账号/
2026/2/8 18:32:53Extracted src: https://fan3.206102.xyz/v2ray免费账号/
2026/2/8 18:32:42: C:\Users\Administrator\scoop\apps\nodejs24\current\node.exe
2026/2/8 18:32:53: parse_data() -> https://fan3.206102.xyz/v2ray免费账号/
2026/2/8 18:32:53: getting new Url ->  https://fan3.206102.xyz/v2ray免费账号/
2026/2/8 18:32:53: parse_data() -> https://fan3.206102.xyz/ss免费账号/
2026/2/8 21:35:50Extracted src: https://fan3.206102.xyz/v2ray免费账号/
2026/2/8 21:35:45: C:\Users\Administrator\scoop\apps\nodejs24\current\node.exe
2026/2/8 21:35:51: getting new Url ->  https://fan3.206102.xyz/v2ray免费账号/
2026/2/8 21:35:51: parse_data() -> https://fan3.206102.xyz/ss免费账号/
2026/2/8 21:35:51: parse_data() -> https://fan3.206102.xyz/v2ray免费账号/
2026/2/8 22:36:47Extracted src: https://fan3.206102.xyz/v2ray免费账号/
2026/2/8 22:36:47: getting new Url ->  https://fan3.206102.xyz/v2ray免费账号/
2026/2/8 22:36:42: C:\Users\Administrator\scoop\apps\nodejs24\current\node.exe
2026/2/8 22:36:47: parse_data() -> https://fan3.206102.xyz/ss免费账号/
2026/2/8 22:36:47: parse_data() -> https://fan3.206102.xyz/v2ray免费账号/
2026/2/8 23:37:53Extracted src: https://fan3.206102.xyz/v2ray免费账号/
2026/2/8 23:37:42: C:\Users\Administrator\scoop\apps\nodejs24\current\node.exe
2026/2/8 23:37:53: getting new Url ->  https://fan3.206102.xyz/v2ray免费账号/
2026/2/8 23:37:53: parse_data() -> https://fan3.206102.xyz/v2ray免费账号/
2026/2/8 23:37:53: parse_data() -> https://fan3.206102.xyz/ss免费账号/
2026/2/9 00:38:50Extracted src: https://fan3.206102.xyz/v2ray免费账号/
2026/2/9 00:38:43: C:\Users\Administrator\scoop\apps\nodejs24\current\node.exe
2026/2/9 00:38:50: parse_data() -> https://fan3.206102.xyz/ss免费账号/
2026/2/9 00:38:50: getting new Url ->  https://fan3.206102.xyz/v2ray免费账号/
2026/2/9 00:38:50: parse_data() -> https://fan3.206102.xyz/v2ray免费账号/
2026/2/9 01:39:45Extracted src: https://fan3.206102.xyz/v2ray免费账号/
2026/2/9 01:39:42: C:\Users\Administrator\scoop\apps\nodejs24\current\node.exe
2026/2/9 01:39:45: getting new Url ->  https://fan3.206102.xyz/v2ray免费账号/
2026/2/9 01:39:45: parse_data() -> https://fan3.206102.xyz/ss免费账号/
2026/2/9 01:39:45: parse_data() -> https://fan3.206102.xyz/v2ray免费账号/
2026/2/9 13:44:47Extracted src: https://fan3.206102.xyz/v2ray免费账号/
2026/2/9 13:44:42: C:\Users\Administrator\scoop\apps\nodejs24\current\node.exe
2026/2/9 13:44:47: getting new Url ->  https://fan3.206102.xyz/v2ray免费账号/
2026/2/9 13:44:47: parse_data() -> https://fan3.206102.xyz/v2ray免费账号/
2026/2/9 13:44:47: parse_data() -> https://fan3.206102.xyz/ss免费账号/
2026/2/9 14:45:25Extracted src: https://fan3.206102.xyz/v2ray免费账号/
2026/2/9 14:45:23: C:\Users\Administrator\scoop\apps\nodejs24\current\node.exe
2026/2/9 14:45:25: parse_data() -> https://fan3.206102.xyz/v2ray免费账号/
2026/2/9 14:45:25: parse_data() -> https://fan3.206102.xyz/ss免费账号/
2026/2/9 14:45:25: getting new Url ->  https://fan3.206102.xyz/v2ray免费账号/
2026/2/9 15:46:24Extracted src: https://fan3.206102.xyz/v2ray免费账号/
2026/2/9 15:46:21: C:\Users\Administrator\scoop\apps\nodejs24\current\node.exe
2026/2/9 15:46:24: getting new Url ->  https://fan3.206102.xyz/v2ray免费账号/
2026/2/9 15:46:24: parse_data() -> https://fan3.206102.xyz/ss免费账号/
2026/2/9 15:46:24: parse_data() -> https://fan3.206102.xyz/v2ray免费账号/
2026/2/9 16:47:24Extracted src: https://fan3.206102.xyz/v2ray免费账号/
2026/2/9 16:47:21: C:\Users\Administrator\scoop\apps\nodejs24\current\node.exe
2026/2/9 16:47:24: parse_data() -> https://fan3.206102.xyz/v2ray免费账号/
2026/2/9 16:47:24: getting new Url ->  https://fan3.206102.xyz/v2ray免费账号/
2026/2/9 16:47:24: parse_data() -> https://fan3.206102.xyz/ss免费账号/
2026/2/9 17:48:24Extracted src: https://fan3.206102.xyz/v2ray免费账号/
2026/2/9 17:48:24: getting new Url ->  https://fan3.206102.xyz/v2ray免费账号/
2026/2/9 17:48:22: C:\Users\Administrator\scoop\apps\nodejs24\current\node.exe
2026/2/9 17:48:24: parse_data() -> https://fan3.206102.xyz/ss免费账号/
2026/2/9 17:48:24: parse_data() -> https://fan3.206102.xyz/v2ray免费账号/
2026/2/9 20:50:29Extracted src: https://fan3.206102.xyz/v2ray免费账号/
2026/2/9 20:50:24: C:\Users\Administrator\scoop\apps\nodejs24\current\node.exe
2026/2/9 20:50:29: getting new Url ->  https://fan3.206102.xyz/v2ray免费账号/
2026/2/9 20:50:29: parse_data() -> https://fan3.206102.xyz/v2ray免费账号/
2026/2/9 20:50:29: parse_data() -> https://fan3.206102.xyz/ss免费账号/
2026/2/9 21:51:35Extracted src: https://fan3.206102.xyz/v2ray免费账号/
2026/2/9 21:51:24: C:\Users\Administrator\scoop\apps\nodejs24\current\node.exe
2026/2/9 21:51:35: getting new Url ->  https://fan3.206102.xyz/v2ray免费账号/
2026/2/9 21:51:35: parse_data() -> https://fan3.206102.xyz/v2ray免费账号/
2026/2/9 21:51:35: parse_data() -> https://fan3.206102.xyz/ss免费账号/
2026/2/9 22:52:30Extracted src: https://fan3.206102.xyz/v2ray免费账号/
2026/2/9 22:52:23: C:\Users\Administrator\scoop\apps\nodejs24\current\node.exe
2026/2/9 22:52:30: getting new Url ->  https://fan3.206102.xyz/v2ray免费账号/
2026/2/9 22:52:30: parse_data() -> https://fan3.206102.xyz/v2ray免费账号/
2026/2/9 22:52:30: parse_data() -> https://fan3.206102.xyz/ss免费账号/
2026/2/9 23:53:34Extracted src: https://fan3.206102.xyz/v2ray免费账号/
2026/2/9 23:53:23: C:\Users\Administrator\scoop\apps\nodejs24\current\node.exe
2026/2/9 23:53:34: getting new Url ->  https://fan3.206102.xyz/v2ray免费账号/
2026/2/9 23:53:34: parse_data() -> https://fan3.206102.xyz/ss免费账号/
2026/2/9 23:53:34: parse_data() -> https://fan3.206102.xyz/v2ray免费账号/
2026/2/10 13:27:26Extracted src: https://fan3.206102.xyz/v2ray免费账号/
2026/2/10 13:27:23: C:\Users\Administrator\scoop\apps\nodejs24\current\node.exe
2026/2/10 13:27:26: getting new Url ->  https://fan3.206102.xyz/v2ray免费账号/
2026/2/10 13:27:26: parse_data() -> https://fan3.206102.xyz/v2ray免费账号/
2026/2/10 13:27:26: parse_data() -> https://fan3.206102.xyz/ss免费账号/
2026/2/10 17:30:28Extracted src: https://fan3.206102.xyz/v2ray免费账号/
2026/2/10 17:30:28: parse_data() -> https://fan3.206102.xyz/v2ray免费账号/
2026/2/10 17:30:28: getting new Url ->  https://fan3.206102.xyz/v2ray免费账号/
2026/2/10 17:30:24: C:\Users\Administrator\scoop\apps\nodejs24\current\node.exe
2026/2/10 17:30:28: parse_data() -> https://fan3.206102.xyz/ss免费账号/
2026/2/10 18:31:33Extracted src: https://fan3.206102.xyz/v2ray免费账号/
2026/2/10 18:31:24: C:\Users\Administrator\scoop\apps\nodejs24\current\node.exe
2026/2/10 18:31:33: getting new Url ->  https://fan3.206102.xyz/v2ray免费账号/
2026/2/10 18:31:33: parse_data() -> https://fan3.206102.xyz/v2ray免费账号/
2026/2/10 18:31:33: parse_data() -> https://fan3.206102.xyz/ss免费账号/
2026/2/10 19:32:32Extracted src: https://fan3.206102.xyz/v2ray免费账号/
2026/2/10 19:32:26: C:\Users\Administrator\scoop\apps\nodejs24\current\node.exe
2026/2/10 19:32:32: getting new Url ->  https://fan3.206102.xyz/v2ray免费账号/
2026/2/10 19:32:32: parse_data() -> https://fan3.206102.xyz/ss免费账号/
2026/2/10 19:32:32: parse_data() -> https://fan3.206102.xyz/v2ray免费账号/
2026/2/10 20:33:29Extracted src: https://fan3.206102.xyz/v2ray免费账号/
2026/2/10 20:33:24: C:\Users\Administrator\scoop\apps\nodejs24\current\node.exe
2026/2/10 20:33:29: getting new Url ->  https://fan3.206102.xyz/v2ray免费账号/
2026/2/10 20:33:29: parse_data() -> https://fan3.206102.xyz/ss免费账号/
2026/2/10 20:33:29: parse_data() -> https://fan3.206102.xyz/v2ray免费账号/
2026/2/10 21:34:31Extracted src: https://fan3.206102.xyz/v2ray免费账号/
2026/2/10 21:34:24: C:\Users\Administrator\scoop\apps\nodejs24\current\node.exe
2026/2/10 21:34:31: getting new Url ->  https://fan3.206102.xyz/v2ray免费账号/
2026/2/10 21:34:31: parse_data() -> https://fan3.206102.xyz/v2ray免费账号/
2026/2/10 21:34:31: parse_data() -> https://fan3.206102.xyz/ss免费账号/
2026/2/10 23:36:37Extracted src: https://fan3.206102.xyz/v2ray免费账号/
2026/2/10 23:36:25: C:\Users\Administrator\scoop\apps\nodejs24\current\node.exe
2026/2/10 23:36:37: parse_data() -> https://fan3.206102.xyz/v2ray免费账号/
2026/2/10 23:36:37: getting new Url ->  https://fan3.206102.xyz/v2ray免费账号/
2026/2/10 23:36:37: parse_data() -> https://fan3.206102.xyz/ss免费账号/
2026/2/11 00:37:30Extracted src: https://fan3.206102.xyz/v2ray免费账号/
2026/2/11 00:37:24: C:\Users\Administrator\scoop\apps\nodejs24\current\node.exe
2026/2/11 00:37:30: getting new Url ->  https://fan3.206102.xyz/v2ray免费账号/
2026/2/11 00:37:30: parse_data() -> https://fan3.206102.xyz/v2ray免费账号/
2026/2/11 00:37:30: parse_data() -> https://fan3.206102.xyz/ss免费账号/
2026/2/11 01:38:26Extracted src: https://fan3.206102.xyz/v2ray免费账号/
2026/2/11 01:38:26: parse_data() -> https://fan3.206102.xyz/v2ray免费账号/
2026/2/11 01:38:24: C:\Users\Administrator\scoop\apps\nodejs24\current\node.exe
2026/2/11 01:38:26: getting new Url ->  https://fan3.206102.xyz/v2ray免费账号/
2026/2/11 01:38:26: parse_data() -> https://fan3.206102.xyz/ss免费账号/
2026/2/11 10:18:27Extracted src: https://fan3.206102.xyz/v2ray免费账号/
2026/2/11 10:18:27: getting new Url ->  https://fan3.206102.xyz/v2ray免费账号/
2026/2/11 10:18:23: C:\Users\Administrator\scoop\apps\nodejs24\current\node.exe
2026/2/11 10:18:27: parse_data() -> https://fan3.206102.xyz/v2ray免费账号/
2026/2/11 10:18:27: parse_data() -> https://fan3.206102.xyz/ss免费账号/
2026/2/11 11:19:28Extracted src: https://fan3.206102.xyz/v2ray免费账号/
2026/2/11 11:19:25: C:\Users\Administrator\scoop\apps\nodejs24\current\node.exe
2026/2/11 11:19:28: getting new Url ->  https://fan3.206102.xyz/v2ray免费账号/
2026/2/11 11:19:28: parse_data() -> https://fan3.206102.xyz/v2ray免费账号/
2026/2/11 11:19:28: parse_data() -> https://fan3.206102.xyz/ss免费账号/
2026/2/11 12:20:27Extracted src: https://fan3.206102.xyz/v2ray免费账号/
2026/2/11 12:20:24: C:\Users\Administrator\scoop\apps\nodejs24\current\node.exe
2026/2/11 12:20:27: parse_data() -> https://fan3.206102.xyz/ss免费账号/
2026/2/11 12:20:27: parse_data() -> https://fan3.206102.xyz/v2ray免费账号/
2026/2/11 12:20:27: getting new Url ->  https://fan3.206102.xyz/v2ray免费账号/
2026/2/11 14:21:30Extracted src: https://fan3.206102.xyz/v2ray免费账号/
2026/2/11 14:21:30: getting new Url ->  https://fan3.206102.xyz/v2ray免费账号/
2026/2/11 14:21:30: parse_data() -> https://fan3.206102.xyz/v2ray免费账号/
2026/2/11 14:21:25: C:\Users\Administrator\scoop\apps\nodejs24\current\node.exe
2026/2/11 14:21:30: parse_data() -> https://fan3.206102.xyz/ss免费账号/
2026/2/11 15:22:32Extracted src: https://fan3.206102.xyz/v2ray免费账号/
2026/2/11 15:22:25: C:\Users\Administrator\scoop\apps\nodejs24\current\node.exe
2026/2/11 15:22:32: getting new Url ->  https://fan3.206102.xyz/v2ray免费账号/
2026/2/11 15:22:32: parse_data() -> https://fan3.206102.xyz/v2ray免费账号/
2026/2/11 15:22:32: parse_data() -> https://fan3.206102.xyz/ss免费账号/
2026/2/11 16:23:30Extracted src: https://fan3.206102.xyz/v2ray免费账号/
2026/2/11 16:23:27: C:\Users\Administrator\scoop\apps\nodejs24\current\node.exe
2026/2/11 16:23:30: parse_data() -> https://fan3.206102.xyz/v2ray免费账号/
2026/2/11 16:23:30: getting new Url ->  https://fan3.206102.xyz/v2ray免费账号/
2026/2/11 16:23:30: parse_data() -> https://fan3.206102.xyz/ss免费账号/
2026/2/11 17:24:29Extracted src: https://fan3.206102.xyz/v2ray免费账号/
2026/2/11 17:24:26: C:\Users\Administrator\scoop\apps\nodejs24\current\node.exe
2026/2/11 17:24:29: getting new Url ->  https://fan3.206102.xyz/v2ray免费账号/
2026/2/11 17:24:29: parse_data() -> https://fan3.206102.xyz/v2ray免费账号/
2026/2/11 17:24:29: parse_data() -> https://fan3.206102.xyz/ss免费账号/
2026/2/11 18:25:29Extracted src: https://fan3.206102.xyz/v2ray免费账号/
2026/2/11 18:25:26: C:\Users\Administrator\scoop\apps\nodejs24\current\node.exe
2026/2/11 18:25:29: getting new Url ->  https://fan3.206102.xyz/v2ray免费账号/
2026/2/11 18:25:29: parse_data() -> https://fan3.206102.xyz/ss免费账号/
2026/2/11 18:25:29: parse_data() -> https://fan3.206102.xyz/v2ray免费账号/
2026/2/11 21:28:35Extracted src: https://fan3.206102.xyz/v2ray免费账号/
2026/2/11 21:28:35: getting new Url ->  https://fan3.206102.xyz/v2ray免费账号/
2026/2/11 21:28:31: C:\Users\Administrator\scoop\apps\nodejs24\current\node.exe
2026/2/11 21:28:35: parse_data() -> https://fan3.206102.xyz/v2ray免费账号/
2026/2/11 21:28:35: parse_data() -> https://fan3.206102.xyz/ss免费账号/
2026/2/26 18:20:56 update_uri() -> Fetch error: AggregateError: Error
2026/2/26 18:20:35: C:\Users\Administrator\scoop\apps\nodejs24\current\node.exe
2026/2/26 18:20:56: getting new Url ->  null
2026/2/26 18:20:56: parse_data() -> https://fan2.380227.xyz/ss%E5%85%8D%E8%B4%B9%E8%B4%A6%E5%8F%B7/
2026/2/26 18:20:56: parse_data() -> https://fan2.380227.xyz/ss%E5%85%8D%E8%B4%B9%E8%B4%A6%E5%8F%B7/
2026/2/26 18:21:01: parse.js -> Fetch error: AxiosError: Network Error
2026/2/27 01:27:07 update_uri() -> Fetch error: AggregateError: Error
2026/2/27 01:27:07: getting new Url ->  null
2026/2/27 01:26:45: C:\Users\Administrator\scoop\apps\nodejs24\current\node.exe
2026/2/27 01:27:07: parse_data() -> https://fan2.380227.xyz/ss%E5%85%8D%E8%B4%B9%E8%B4%A6%E5%8F%B7/
2026/2/27 01:27:07: parse_data() -> https://fan2.380227.xyz/ss%E5%85%8D%E8%B4%B9%E8%B4%A6%E5%8F%B7/
2026/2/27 01:27:11: parse.js -> Fetch error: AxiosError: Network Error
2026/2/27 10:04:13 update_uri() -> Fetch error: AggregateError: Error
2026/2/27 10:03:51: C:\Users\Administrator\scoop\apps\nodejs24\current\node.exe
2026/2/27 10:04:13: getting new Url ->  null
2026/2/27 10:04:13: parse_data() -> https://fan2.380227.xyz/ss%E5%85%8D%E8%B4%B9%E8%B4%A6%E5%8F%B7/
2026/2/27 10:04:13: parse_data() -> https://fan2.380227.xyz/ss%E5%85%8D%E8%B4%B9%E8%B4%A6%E5%8F%B7/
2026/2/27 10:04:16: parse.js -> Fetch error: AxiosError: Network Error
2026/2/27 10:04:46 update_uri() -> Fetch error: AggregateError: Error
2026/2/27 10:04:46: getting new Url ->  null
2026/2/27 10:04:25: C:\Users\Administrator\scoop\apps\nodejs24\current\node.exe
2026/2/27 10:04:46: parse_data() -> https://fan2.380227.xyz/ss%E5%85%8D%E8%B4%B9%E8%B4%A6%E5%8F%B7/
2026/2/27 10:04:46: parse_data() -> https://fan2.380227.xyz/ss%E5%85%8D%E8%B4%B9%E8%B4%A6%E5%8F%B7/
2026/2/27 10:04:46: parse.js -> Fetch error: AxiosError: Network Error
2026/2/27 10:05:13 update_uri() -> Fetch error: AggregateError: Error
2026/2/27 10:05:13: getting new Url ->  null
2026/2/27 10:05:13: parse_data() -> https://fan2.380227.xyz/ss%E5%85%8D%E8%B4%B9%E8%B4%A6%E5%8F%B7/
2026/2/27 10:04:52: C:\Users\Administrator\scoop\apps\nodejs24\current\node.exe
2026/2/27 10:05:13: parse_data() -> https://fan2.380227.xyz/ss%E5%85%8D%E8%B4%B9%E8%B4%A6%E5%8F%B7/
2026/2/27 10:05:15: parse.js -> Fetch error: AxiosError: Network Error
2026/2/27 10:46:22Extracted src: t
2026/2/27 11:05:11 update_uri() -> Fetch error: AggregateError: Error
2026/2/27 11:04:49: C:\Users\Administrator\scoop\apps\nodejs24\current\node.exe
2026/2/27 11:05:11: parse_data() -> https://fan2.380227.xyz/ss%E5%85%8D%E8%B4%B9%E8%B4%A6%E5%8F%B7/
2026/2/27 11:05:11: getting new Url ->  null
2026/2/27 11:05:11: parse_data() -> https://fan2.380227.xyz/ss%E5%85%8D%E8%B4%B9%E8%B4%A6%E5%8F%B7/
2026/2/27 11:05:16: parse.js -> Fetch error: AxiosError: Network Error
2026/2/27 11:10:36Extracted src: t
2026/2/27 11:48:29Extracted src: t
2026/2/27 12:01:06Extracted src: t
2026/2/27 12:06:20 update_uri() -> Fetch error: AggregateError: Error
2026/2/27 12:05:58: C:\Users\Administrator\scoop\apps\nodejs24\current\node.exe
2026/2/27 12:06:20: parse_data() -> https://fan2.380227.xyz/ss%E5%85%8D%E8%B4%B9%E8%B4%A6%E5%8F%B7/
2026/2/27 12:06:20: parse_data() -> https://fan2.380227.xyz/ss%E5%85%8D%E8%B4%B9%E8%B4%A6%E5%8F%B7/
2026/2/27 12:06:20: getting new Url ->  null
2026/2/27 12:07:11 update_uri() -> Fetch error: AggregateError: Error
2026/2/27 12:06:50: C:\Users\Administrator\scoop\apps\nodejs24\current\node.exe
2026/2/27 12:07:11: getting new Url ->  null
2026/2/27 12:07:11: parse_data() -> https://fan2.380227.xyz/ss%E5%85%8D%E8%B4%B9%E8%B4%A6%E5%8F%B7/
2026/2/27 12:07:11: parse_data() -> https://fan2.380227.xyz/ss%E5%85%8D%E8%B4%B9%E8%B4%A6%E5%8F%B7/
2026/2/27 12:07:11: parse.js -> Fetch error: AxiosError: Network Error
2026/2/27 12:07:14: parse.js -> Fetch error: AxiosError: Network Error
2026/2/27 12:08:18Extracted src: t
2026/2/27 12:18:24Extracted src: t
2026/2/27 12:18:28Fetch error: Error: XPath parse error
2026/2/27 12:27:54Extracted src: t
2026/2/27 12:27:58Fetch error: Error: Response not successful
2026/2/27 12:30:21Extracted src: t
2026/2/27 13:08:20 update_uri() -> Fetch error: AggregateError: Error
2026/2/27 13:07:58: C:\Users\Administrator\scoop\apps\nodejs24\current\node.exe
2026/2/27 13:08:20: getting new Url ->  null
2026/2/27 13:08:20: parse_data() -> https://fan2.380227.xyz/ss%E5%85%8D%E8%B4%B9%E8%B4%A6%E5%8F%B7/
2026/2/27 13:08:20: parse_data() -> https://fan2.380227.xyz/ss%E5%85%8D%E8%B4%B9%E8%B4%A6%E5%8F%B7/
2026/2/27 13:08:26: parse.js -> Fetch error: AxiosError: Network Error
2026/2/27 13:15:21Extracted src: t
2026/2/27 14:09:12 update_uri() -> Fetch error: AggregateError: Error
2026/2/27 14:08:51: C:\Users\Administrator\scoop\apps\nodejs24\current\node.exe
2026/2/27 14:09:13: getting new Url ->  null
2026/2/27 14:09:13: parse_data() -> https://fan2.380227.xyz/ss%E5%85%8D%E8%B4%B9%E8%B4%A6%E5%8F%B7/
2026/2/27 14:09:13: parse_data() -> https://fan2.380227.xyz/ss%E5%85%8D%E8%B4%B9%E8%B4%A6%E5%8F%B7/
2026/2/27 14:09:18: parse.js -> Fetch error: AxiosError: Network Error
2026/2/27 14:13:55Extracted src: t
2026/2/27 14:16:51Extracted src: t
2026/2/27 14:37:18Extracted src: t
2026/2/27 14:53:16 update_uri() -> Fetch error: AggregateError: Error
2026/2/27 14:53:16: getting new Url ->  null
2026/2/27 14:52:55: C:\Users\Administrator\scoop\apps\nodejs24\current\node.exe
2026/2/27 14:53:16: parse_data() -> https://fan2.380227.xyz/ss%E5%85%8D%E8%B4%B9%E8%B4%A6%E5%8F%B7/
2026/2/27 14:53:16: parse_data() -> https://fan2.380227.xyz/ss%E5%85%8D%E8%B4%B9%E8%B4%A6%E5%8F%B7/
2026/2/27 14:53:21: parse.js -> Fetch error: AxiosError: Network Error
2026/2/27 14:57:16Extracted src: https://fan3.206102.xyz/v2ray免费账号/
2026/2/27 14:57:06: C:\Users\Administrator\scoop\apps\nodejs24\current\node.exe
2026/2/27 14:57:17: parse_data() -> https://fan3.206102.xyz/v2ray免费账号/
2026/2/27 14:57:17: getting new Url ->  https://fan3.206102.xyz/v2ray免费账号/
2026/2/27 14:57:17: parse_data() -> https://fan3.206102.xyz/ss免费账号/
2026/2/27 15:58:05Extracted src: https://fan3.206102.xyz/v2ray免费账号/
2026/2/27 15:57:59: C:\Users\Administrator\scoop\apps\nodejs24\current\node.exe
2026/2/27 15:58:05: getting new Url ->  https://fan3.206102.xyz/v2ray免费账号/
2026/2/27 15:58:05: parse_data() -> https://fan3.206102.xyz/ss免费账号/
2026/2/27 15:58:05: parse_data() -> https://fan3.206102.xyz/v2ray免费账号/
2026/2/27 16:59:11 update_uri() -> Fetch error: AxiosError: Request failed with status code 502
2026/2/27 16:59:01: C:\Users\Administrator\scoop\apps\nodejs24\current\node.exe
2026/2/27 16:59:11: parse_data() -> https://fan2.380227.xyz/ss%E5%85%8D%E8%B4%B9%E8%B4%A6%E5%8F%B7/
2026/2/27 16:59:11: parse_data() -> https://fan2.380227.xyz/ss%E5%85%8D%E8%B4%B9%E8%B4%A6%E5%8F%B7/
2026/2/27 16:59:11: getting new Url ->  null
2026/2/27 16:59:16: parse.js -> Fetch error: AxiosError: Network Error
2026/2/27 17:05:06Extracted src: t
2026/2/27 17:05:40Extracted src: https://fan3.206102.xyz/v2ray免费账号/
2026/2/27 17:05:36: C:\Users\Administrator\scoop\apps\nodejs24\current\node.exe
2026/2/27 17:05:40: parse_data() -> https://fan3.206102.xyz/v2ray免费账号/
2026/2/27 17:05:40: getting new Url ->  https://fan3.206102.xyz/v2ray免费账号/
2026/2/27 17:05:40: parse_data() -> https://fan3.206102.xyz/ss免费账号/
2026/2/27 18:06:04Extracted src: https://fan3.206102.xyz/v2ray免费账号/
2026/2/27 18:05:59: C:\Users\Administrator\scoop\apps\nodejs24\current\node.exe
2026/2/27 18:06:04: parse_data() -> https://fan3.206102.xyz/v2ray免费账号/
2026/2/27 18:06:04: getting new Url ->  https://fan3.206102.xyz/v2ray免费账号/
2026/2/27 18:06:04: parse_data() -> https://fan3.206102.xyz/ss免费账号/
2026/2/27 19:08:04Extracted src: https://fan3.206102.xyz/v2ray免费账号/
2026/2/27 19:08:04: getting new Url ->  https://fan3.206102.xyz/v2ray免费账号/
2026/2/27 19:07:59: C:\Users\Administrator\scoop\apps\nodejs24\current\node.exe
2026/2/27 19:08:04: parse_data() -> https://fan3.206102.xyz/v2ray免费账号/
2026/2/27 19:08:04: parse_data() -> https://fan3.206102.xyz/ss免费账号/
2026/2/27 20:10:05Extracted src: https://fan3.206102.xyz/v2ray免费账号/
2026/2/27 20:09:59: C:\Users\Administrator\scoop\apps\nodejs24\current\node.exe
2026/2/27 20:10:05: getting new Url ->  https://fan3.206102.xyz/v2ray免费账号/
2026/2/27 20:10:05: parse_data() -> https://fan3.206102.xyz/ss免费账号/
2026/2/27 20:10:05: parse_data() -> https://fan3.206102.xyz/v2ray免费账号/
2026/2/27 22:13:07Extracted src: https://fan3.206102.xyz/v2ray免费账号/
2026/2/27 22:12:59: C:\Users\Administrator\scoop\apps\nodejs24\current\node.exe
2026/2/27 22:13:07: getting new Url ->  https://fan3.206102.xyz/v2ray免费账号/
2026/2/27 22:13:07: parse_data() -> https://fan3.206102.xyz/v2ray免费账号/
2026/2/27 22:13:08: parse_data() -> https://fan3.206102.xyz/ss免费账号/
2026/2/27 23:15:24 update_uri() -> Fetch error: AxiosError: Request failed with status code 502
2026/2/27 23:14:59: C:\Users\Administrator\scoop\apps\nodejs24\current\node.exe
2026/2/27 23:15:24: getting new Url ->  null
2026/2/27 23:15:24: parse_data() -> https://fan2.380227.xyz/ss%E5%85%8D%E8%B4%B9%E8%B4%A6%E5%8F%B7/
2026/2/27 23:15:24: parse_data() -> https://fan2.380227.xyz/ss%E5%85%8D%E8%B4%B9%E8%B4%A6%E5%8F%B7/
2026/2/27 23:15:31: parse.js -> Fetch error: AxiosError: Network Error
2026/2/28 00:17:05Extracted src: https://fan3.206102.xyz/v2ray免费账号/
2026/2/28 00:17:05: getting new Url ->  https://fan3.206102.xyz/v2ray免费账号/
2026/2/28 00:17:05: parse_data() -> https://fan3.206102.xyz/ss免费账号/
2026/2/28 00:17:05: parse_data() -> https://fan3.206102.xyz/v2ray免费账号/
2026/2/28 00:17:00: C:\Users\Administrator\scoop\apps\nodejs24\current\node.exe
2026/2/28 01:19:07Extracted src: https://fan3.206102.xyz/v2ray免费账号/
2026/2/28 01:18:59: C:\Users\Administrator\scoop\apps\nodejs24\current\node.exe
2026/2/28 01:19:07: getting new Url ->  https://fan3.206102.xyz/v2ray免费账号/
2026/2/28 01:19:07: parse_data() -> https://fan3.206102.xyz/v2ray免费账号/
2026/2/28 01:19:07: parse_data() -> https://fan3.206102.xyz/ss免费账号/
2026/2/28 02:21:03Extracted src: https://fan3.206102.xyz/v2ray免费账号/
2026/2/28 02:21:00: C:\Users\Administrator\scoop\apps\nodejs24\current\node.exe
2026/2/28 02:21:03: getting new Url ->  https://fan3.206102.xyz/v2ray免费账号/
2026/2/28 02:21:03: parse_data() -> https://fan3.206102.xyz/v2ray免费账号/
2026/2/28 02:21:03: parse_data() -> https://fan3.206102.xyz/ss免费账号/
2026/2/28 03:23:09Extracted src: https://fan3.206102.xyz/v2ray免费账号/
2026/2/28 03:22:59: C:\Users\Administrator\scoop\apps\nodejs24\current\node.exe
2026/2/28 03:23:09: getting new Url ->  https://fan3.206102.xyz/v2ray免费账号/
2026/2/28 03:23:09: parse_data() -> https://fan3.206102.xyz/ss免费账号/
2026/2/28 03:23:09: parse_data() -> https://fan3.206102.xyz/v2ray免费账号/
2026/2/28 04:25:03Extracted src: https://fan3.206102.xyz/v2ray免费账号/
2026/2/28 04:24:58: C:\Users\Administrator\scoop\apps\nodejs24\current\node.exe
2026/2/28 04:25:03: getting new Url ->  https://fan3.206102.xyz/v2ray免费账号/
2026/2/28 04:25:03: parse_data() -> https://fan3.206102.xyz/ss免费账号/
2026/2/28 04:25:03: parse_data() -> https://fan3.206102.xyz/v2ray免费账号/
2026/2/28 05:27:03Extracted src: https://fan3.206102.xyz/v2ray免费账号/
2026/2/28 05:27:03: getting new Url ->  https://fan3.206102.xyz/v2ray免费账号/
2026/2/28 05:27:03: parse_data() -> https://fan3.206102.xyz/ss免费账号/
2026/2/28 05:26:59: C:\Users\Administrator\scoop\apps\nodejs24\current\node.exe
2026/2/28 05:27:03: parse_data() -> https://fan3.206102.xyz/v2ray免费账号/
2026/2/28 13:47:02Extracted src: https://fan3.206102.xyz/v2ray免费账号/
2026/2/28 13:46:55: C:\Users\Administrator\scoop\apps\nodejs24\current\node.exe
2026/2/28 13:47:02: parse_data() -> https://fan3.206102.xyz/ss免费账号/
2026/2/28 13:47:02: getting new Url ->  https://fan3.206102.xyz/v2ray免费账号/
2026/2/28 13:47:02: parse_data() -> https://fan3.206102.xyz/v2ray免费账号/
2026/2/28 14:48:01Extracted src: https://fan3.206102.xyz/v2ray免费账号/
2026/2/28 14:47:56: C:\Users\Administrator\scoop\apps\nodejs24\current\node.exe
2026/2/28 14:48:01: getting new Url ->  https://fan3.206102.xyz/v2ray免费账号/
2026/2/28 14:48:01: parse_data() -> https://fan3.206102.xyz/ss免费账号/
2026/2/28 14:48:01: parse_data() -> https://fan3.206102.xyz/v2ray免费账号/
2026/2/28 15:48:59Extracted src: https://fan3.206102.xyz/v2ray免费账号/
2026/2/28 15:48:54: C:\Users\Administrator\scoop\apps\nodejs24\current\node.exe
2026/2/28 15:48:59: parse_data() -> https://fan3.206102.xyz/v2ray免费账号/
2026/2/28 15:48:59: getting new Url ->  https://fan3.206102.xyz/v2ray免费账号/
2026/2/28 15:48:59: parse_data() -> https://fan3.206102.xyz/ss免费账号/
2026/2/28 16:50:00Extracted src: https://fan3.206102.xyz/v2ray免费账号/
2026/2/28 16:49:56: C:\Users\Administrator\scoop\apps\nodejs24\current\node.exe
2026/2/28 16:50:00: getting new Url ->  https://fan3.206102.xyz/v2ray免费账号/
2026/2/28 16:50:00: parse_data() -> https://fan3.206102.xyz/v2ray免费账号/
2026/2/28 16:50:00: parse_data() -> https://fan3.206102.xyz/ss免费账号/
2026/2/28 17:51:03Extracted src: https://fan3.206102.xyz/v2ray免费账号/
2026/2/28 17:51:03: parse_data() -> https://fan3.206102.xyz/v2ray免费账号/
2026/2/28 17:50:54: C:\Users\Administrator\scoop\apps\nodejs24\current\node.exe
2026/2/28 17:51:03: getting new Url ->  https://fan3.206102.xyz/v2ray免费账号/
2026/2/28 17:51:03: parse_data() -> https://fan3.206102.xyz/ss免费账号/
2026/2/28 18:52:11Extracted src: https://fan3.206102.xyz/v2ray免费账号/
2026/2/28 18:51:58: C:\Users\Administrator\scoop\apps\nodejs24\current\node.exe
2026/2/28 18:52:11: getting new Url ->  https://fan3.206102.xyz/v2ray免费账号/
2026/2/28 18:52:11: parse_data() -> https://fan3.206102.xyz/v2ray免费账号/
2026/2/28 18:52:11: parse_data() -> https://fan3.206102.xyz/ss免费账号/
2026/2/28 19:53:09Extracted src: https://fan3.206102.xyz/v2ray免费账号/
2026/2/28 19:53:09: getting new Url ->  https://fan3.206102.xyz/v2ray免费账号/
2026/2/28 19:53:09: parse_data() -> https://fan3.206102.xyz/v2ray免费账号/
2026/2/28 19:53:05: C:\Users\Administrator\scoop\apps\nodejs24\current\node.exe
2026/2/28 19:53:09: parse_data() -> https://fan3.206102.xyz/ss免费账号/
2026/2/28 20:54:02Extracted src: https://fan3.206102.xyz/v2ray免费账号/
2026/2/28 20:53:55: C:\Users\Administrator\scoop\apps\nodejs24\current\node.exe
2026/2/28 20:54:02: getting new Url ->  https://fan3.206102.xyz/v2ray免费账号/
2026/2/28 20:54:02: parse_data() -> https://fan3.206102.xyz/v2ray免费账号/
2026/2/28 20:54:02: parse_data() -> https://fan3.206102.xyz/ss免费账号/
2026/2/28 20:54:06: parse.js -> Fetch error: AxiosError: Request failed with status code 500
2026/2/28 21:55:04 update_uri() -> Fetch error: AxiosError: Request failed with status code 502
2026/2/28 21:54:54: C:\Users\Administrator\scoop\apps\nodejs24\current\node.exe
2026/2/28 21:55:04: parse_data() -> https://fan2.380227.xyz/ss%E5%85%8D%E8%B4%B9%E8%B4%A6%E5%8F%B7/
2026/2/28 21:55:04: getting new Url ->  null
2026/2/28 21:55:04: parse_data() -> https://fan2.380227.xyz/ss%E5%85%8D%E8%B4%B9%E8%B4%A6%E5%8F%B7/
2026/2/28 21:55:13: parse.js -> Fetch error: AxiosError: Network Error
2026/2/28 22:55:58Extracted src: https://fan3.206102.xyz/v2ray免费账号/
2026/2/28 22:55:53: C:\Users\Administrator\scoop\apps\nodejs24\current\node.exe
2026/2/28 22:55:58: getting new Url ->  https://fan3.206102.xyz/v2ray免费账号/
2026/2/28 22:55:58: parse_data() -> https://fan3.206102.xyz/v2ray免费账号/
2026/2/28 22:55:58: parse_data() -> https://fan3.206102.xyz/ss免费账号/
2026/2/28 23:57:02Extracted src: https://fan3.206102.xyz/v2ray免费账号/
2026/2/28 23:56:54: C:\Users\Administrator\scoop\apps\nodejs24\current\node.exe
2026/2/28 23:57:02: getting new Url ->  https://fan3.206102.xyz/v2ray免费账号/
2026/2/28 23:57:02: parse_data() -> https://fan3.206102.xyz/ss免费账号/
2026/2/28 23:57:02: parse_data() -> https://fan3.206102.xyz/v2ray免费账号/
2026/3/1 00:57:57Extracted src: https://fan3.206102.xyz/v2ray免费账号/
2026/3/1 00:57:53: C:\Users\Administrator\scoop\apps\nodejs24\current\node.exe
2026/3/1 00:57:57: parse_data() -> https://fan3.206102.xyz/ss免费账号/
2026/3/1 00:57:57: parse_data() -> https://fan3.206102.xyz/v2ray免费账号/
2026/3/1 00:57:57: getting new Url ->  https://fan3.206102.xyz/v2ray免费账号/
2026/3/1 10:00:00Extracted src: https://fan3.206102.xyz/v2ray免费账号/
2026/3/1 09:59:56: C:\Users\Administrator\scoop\apps\nodejs24\current\node.exe
2026/3/1 10:00:00: parse_data() -> https://fan3.206102.xyz/v2ray免费账号/
2026/3/1 10:00:00: getting new Url ->  https://fan3.206102.xyz/v2ray免费账号/
2026/3/1 10:00:00: parse_data() -> https://fan3.206102.xyz/ss免费账号/
2026/3/1 11:01:01Extracted src: https://fan3.206102.xyz/v2ray免费账号/
2026/3/1 11:01:01: getting new Url ->  https://fan3.206102.xyz/v2ray免费账号/
2026/3/1 11:01:01: parse_data() -> https://fan3.206102.xyz/ss免费账号/
2026/3/1 11:00:58: C:\Users\Administrator\scoop\apps\nodejs24\current\node.exe
2026/3/1 11:01:01: parse_data() -> https://fan3.206102.xyz/v2ray免费账号/
2026/3/1 18:07:55Extracted src: https://fan3.206102.xyz/v2ray免费账号/
2026/3/1 18:07:48: C:\Users\Administrator\scoop\apps\nodejs24\current\node.exe
2026/3/1 18:07:55: getting new Url ->  https://fan3.206102.xyz/v2ray免费账号/
2026/3/1 18:07:55: parse_data() -> https://fan3.206102.xyz/v2ray免费账号/
2026/3/1 18:07:55: parse_data() -> https://fan3.206102.xyz/ss免费账号/
2026/3/1 19:09:02Extracted src: https://fan3.206102.xyz/v2ray免费账号/
2026/3/1 19:08:57: C:\Users\Administrator\scoop\apps\nodejs24\current\node.exe
2026/3/1 19:09:02: getting new Url ->  https://fan3.206102.xyz/v2ray免费账号/
2026/3/1 19:09:02: parse_data() -> https://fan3.206102.xyz/ss免费账号/
2026/3/1 19:09:02: parse_data() -> https://fan3.206102.xyz/v2ray免费账号/
2026/3/1 19:09:06: parse.js -> Fetch error: AxiosError: Request failed with status code 500
2026/3/1 21:11:04Extracted src: https://fan3.206102.xyz/v2ray免费账号/
2026/3/1 21:10:59: C:\Users\Administrator\scoop\apps\nodejs24\current\node.exe
2026/3/1 21:11:04: getting new Url ->  https://fan3.206102.xyz/v2ray免费账号/
2026/3/1 21:11:04: parse_data() -> https://fan3.206102.xyz/v2ray免费账号/
2026/3/1 21:11:04: parse_data() -> https://fan3.206102.xyz/ss免费账号/
2026/3/1 22:12:07Extracted src: https://fan3.206102.xyz/v2ray免费账号/
2026/3/1 22:11:58: C:\Users\Administrator\scoop\apps\nodejs24\current\node.exe
2026/3/1 22:12:07: getting new Url ->  https://fan3.206102.xyz/v2ray免费账号/
2026/3/1 22:12:07: parse_data() -> https://fan3.206102.xyz/ss免费账号/
2026/3/1 22:12:07: parse_data() -> https://fan3.206102.xyz/v2ray免费账号/
2026/3/1 23:13:06Extracted src: https://fan3.206102.xyz/v2ray免费账号/
2026/3/1 23:13:01: C:\Users\Administrator\scoop\apps\nodejs24\current\node.exe
2026/3/1 23:13:06: parse_data() -> https://fan3.206102.xyz/v2ray免费账号/
2026/3/1 23:13:06: getting new Url ->  https://fan3.206102.xyz/v2ray免费账号/
2026/3/1 23:13:06: parse_data() -> https://fan3.206102.xyz/ss免费账号/
2026/3/2 00:14:02Extracted src: https://fan3.206102.xyz/v2ray免费账号/
2026/3/2 00:14:02: getting new Url ->  https://fan3.206102.xyz/v2ray免费账号/
2026/3/2 00:14:02: parse_data() -> https://fan3.206102.xyz/ss免费账号/
2026/3/2 00:14:00: C:\Users\Administrator\scoop\apps\nodejs24\current\node.exe
2026/3/2 00:14:02: parse_data() -> https://fan3.206102.xyz/v2ray免费账号/
2026/3/2 01:15:01Extracted src: https://fan3.206102.xyz/v2ray免费账号/
2026/3/2 01:14:58: C:\Users\Administrator\scoop\apps\nodejs24\current\node.exe
2026/3/2 01:15:01: parse_data() -> https://fan3.206102.xyz/v2ray免费账号/
2026/3/2 01:15:01: getting new Url ->  https://fan3.206102.xyz/v2ray免费账号/
2026/3/2 01:15:01: parse_data() -> https://fan3.206102.xyz/ss免费账号/
2026/3/2 02:16:03Extracted src: https://fan3.206102.xyz/v2ray免费账号/
2026/3/2 02:15:59: C:\Users\Administrator\scoop\apps\nodejs24\current\node.exe
2026/3/2 02:16:03: getting new Url ->  https://fan3.206102.xyz/v2ray免费账号/
2026/3/2 02:16:03: parse_data() -> https://fan3.206102.xyz/ss免费账号/
2026/3/2 02:16:03: parse_data() -> https://fan3.206102.xyz/v2ray免费账号/
2026/3/2 03:17:00Extracted src: https://fan3.206102.xyz/v2ray免费账号/
2026/3/2 03:16:58: C:\Users\Administrator\scoop\apps\nodejs24\current\node.exe
2026/3/2 03:17:00: getting new Url ->  https://fan3.206102.xyz/v2ray免费账号/
2026/3/2 03:17:00: parse_data() -> https://fan3.206102.xyz/ss免费账号/
2026/3/2 03:17:00: parse_data() -> https://fan3.206102.xyz/v2ray免费账号/
2026/3/2 04:18:01Extracted src: https://fan3.206102.xyz/v2ray免费账号/
2026/3/2 04:17:58: C:\Users\Administrator\scoop\apps\nodejs24\current\node.exe
2026/3/2 04:18:01: getting new Url ->  https://fan3.206102.xyz/v2ray免费账号/
2026/3/2 04:18:01: parse_data() -> https://fan3.206102.xyz/v2ray免费账号/
2026/3/2 04:18:01: parse_data() -> https://fan3.206102.xyz/ss免费账号/
2026/3/2 05:19:01Extracted src: https://fan3.206102.xyz/v2ray免费账号/
2026/3/2 05:18:57: C:\Users\Administrator\scoop\apps\nodejs24\current\node.exe
2026/3/2 05:19:01: getting new Url ->  https://fan3.206102.xyz/v2ray免费账号/
2026/3/2 05:19:01: parse_data() -> https://fan3.206102.xyz/v2ray免费账号/
2026/3/2 05:19:01: parse_data() -> https://fan3.206102.xyz/ss免费账号/
2026/3/2 06:20:01Extracted src: https://fan3.206102.xyz/v2ray免费账号/
2026/3/2 06:19:57: C:\Users\Administrator\scoop\apps\nodejs24\current\node.exe
2026/3/2 06:20:01: getting new Url ->  https://fan3.206102.xyz/v2ray免费账号/
2026/3/2 06:20:01: parse_data() -> https://fan3.206102.xyz/ss免费账号/
2026/3/2 06:20:01: parse_data() -> https://fan3.206102.xyz/v2ray免费账号/
2026/3/2 07:20:51Extracted src: https://fan3.206102.xyz/v2ray免费账号/
2026/3/2 07:20:48: C:\Users\Administrator\scoop\apps\nodejs24\current\node.exe
2026/3/2 07:20:51: getting new Url ->  https://fan3.206102.xyz/v2ray免费账号/
2026/3/2 07:20:51: parse_data() -> https://fan3.206102.xyz/ss免费账号/
2026/3/2 07:20:51: parse_data() -> https://fan3.206102.xyz/v2ray免费账号/
2026/3/2 14:27:07Extracted src: https://fan3.206102.xyz/v2ray免费账号/
2026/3/2 14:27:04: getting new Url ->  https://fan3.206102.xyz/v2ray免费账号/
2026/3/2 14:26:57: C:\Users\Administrator\scoop\apps\nodejs24\current\node.exe
2026/3/2 14:27:04: parse_data() -> https://fan3.206102.xyz/ss免费账号/
2026/3/2 14:27:04: parse_data() -> https://fan3.206102.xyz/v2ray免费账号/
2026/3/2 15:28:06Extracted src: https://fan3.206102.xyz/v2ray免费账号/
2026/3/2 15:28:06: parse_data() -> https://fan3.206102.xyz/ss免费账号/
2026/3/2 15:28:06: getting new Url ->  https://fan3.206102.xyz/v2ray免费账号/
2026/3/2 15:28:06: parse_data() -> https://fan3.206102.xyz/v2ray免费账号/
2026/3/2 15:28:00: C:\Users\Administrator\scoop\apps\nodejs24\current\node.exe
2026/3/2 16:29:15Extracted src: https://fan3.206102.xyz/v2ray免费账号/
2026/3/2 16:29:00: C:\Users\Administrator\scoop\apps\nodejs24\current\node.exe
2026/3/2 16:29:15: getting new Url ->  https://fan3.206102.xyz/v2ray免费账号/
2026/3/2 16:29:15: parse_data() -> https://fan3.206102.xyz/ss免费账号/
2026/3/2 16:29:15: parse_data() -> https://fan3.206102.xyz/v2ray免费账号/
2026/3/2 17:30:06Extracted src: https://fan3.206102.xyz/v2ray免费账号/
2026/3/2 17:30:01: C:\Users\Administrator\scoop\apps\nodejs24\current\node.exe
2026/3/2 17:30:06: getting new Url ->  https://fan3.206102.xyz/v2ray免费账号/
2026/3/2 17:30:06: parse_data() -> https://fan3.206102.xyz/v2ray免费账号/
2026/3/2 17:30:06: parse_data() -> https://fan3.206102.xyz/ss免费账号/
2026/3/2 18:31:03Extracted src: https://fan3.206102.xyz/v2ray免费账号/
2026/3/2 18:31:00: C:\Users\Administrator\scoop\apps\nodejs24\current\node.exe
2026/3/2 18:31:03: getting new Url ->  https://fan3.206102.xyz/v2ray免费账号/
2026/3/2 18:31:03: parse_data() -> https://fan3.206102.xyz/v2ray免费账号/
2026/3/2 18:31:03: parse_data() -> https://fan3.206102.xyz/ss免费账号/
2026/3/2 20:05:22Extracted src: https://fan3.206102.xyz/v2ray免费账号/
2026/3/2 20:05:09: C:\Users\Administrator\scoop\apps\nodejs24\current\node.exe
2026/3/2 20:05:22: parse_data() -> https://fan3.206102.xyz/v2ray免费账号/
2026/3/2 20:05:22: getting new Url ->  https://fan3.206102.xyz/v2ray免费账号/
2026/3/2 20:05:22: parse_data() -> https://fan3.206102.xyz/ss免费账号/
2026/3/2 21:06:40Extracted src: https://fan3.206102.xyz/v2ray免费账号/
2026/3/2 21:06:15: C:\Users\Administrator\scoop\apps\nodejs24\current\node.exe
2026/3/2 21:06:40: getting new Url ->  https://fan3.206102.xyz/v2ray免费账号/
2026/3/2 21:06:40: parse_data() -> https://fan3.206102.xyz/v2ray免费账号/
2026/3/2 21:06:40: parse_data() -> https://fan3.206102.xyz/ss免费账号/
2026/3/2 22:07:20Extracted src: https://fan3.206102.xyz/v2ray免费账号/
2026/3/2 22:07:13: C:\Users\Administrator\scoop\apps\nodejs24\current\node.exe
2026/3/2 22:07:20: parse_data() -> https://fan3.206102.xyz/v2ray免费账号/
2026/3/2 22:07:20: getting new Url ->  https://fan3.206102.xyz/v2ray免费账号/
2026/3/2 22:07:20: parse_data() -> https://fan3.206102.xyz/ss免费账号/
2026/3/3 10:33:57Extracted src: https://fan3.206102.xyz/v2ray免费账号/
2026/3/3 10:33:53: C:\Users\Administrator\scoop\apps\nodejs24\current\node.exe
2026/3/3 10:33:57: getting new Url ->  https://fan3.206102.xyz/v2ray免费账号/
2026/3/3 10:33:57: parse_data() -> https://fan3.206102.xyz/v2ray免费账号/
2026/3/3 10:33:57: parse_data() -> https://fan3.206102.xyz/ss免费账号/
2026/3/3 11:34:16Extracted src: https://fan3.206102.xyz/v2ray免费账号/
2026/3/3 11:34:11: C:\Users\Administrator\scoop\apps\nodejs24\current\node.exe
2026/3/3 11:34:16: getting new Url ->  https://fan3.206102.xyz/v2ray免费账号/
2026/3/3 11:34:16: parse_data() -> https://fan3.206102.xyz/ss免费账号/
2026/3/3 11:34:16: parse_data() -> https://fan3.206102.xyz/v2ray免费账号/
2026/3/3 12:35:16Extracted src: https://fan3.206102.xyz/v2ray免费账号/
2026/3/3 12:35:12: C:\Users\Administrator\scoop\apps\nodejs24\current\node.exe
2026/3/3 12:35:16: getting new Url ->  https://fan3.206102.xyz/v2ray免费账号/
2026/3/3 12:35:16: parse_data() -> https://fan3.206102.xyz/ss免费账号/
2026/3/3 12:35:16: parse_data() -> https://fan3.206102.xyz/v2ray免费账号/
2026/3/3 15:06:39Extracted src: https://fan3.206102.xyz/v2ray免费账号/
2026/3/3 15:06:24: C:\Users\Administrator\scoop\apps\nodejs24\current\node.exe
2026/3/3 15:06:39: getting new Url ->  https://fan3.206102.xyz/v2ray免费账号/
2026/3/3 15:06:39: parse_data() -> https://fan3.206102.xyz/v2ray免费账号/
2026/3/3 15:06:39: parse_data() -> https://fan3.206102.xyz/ss免费账号/
2026/3/3 16:07:18Extracted src: https://fan3.206102.xyz/v2ray免费账号/
2026/3/3 16:07:13: C:\Users\Administrator\scoop\apps\nodejs24\current\node.exe
2026/3/3 16:07:18: getting new Url ->  https://fan3.206102.xyz/v2ray免费账号/
2026/3/3 16:07:18: parse_data() -> https://fan3.206102.xyz/ss免费账号/
2026/3/3 16:07:18: parse_data() -> https://fan3.206102.xyz/v2ray免费账号/
2026/3/3 17:08:18Extracted src: https://fan3.206102.xyz/v2ray免费账号/
2026/3/3 17:08:18: getting new Url ->  https://fan3.206102.xyz/v2ray免费账号/
2026/3/3 17:08:12: C:\Users\Administrator\scoop\apps\nodejs24\current\node.exe
2026/3/3 17:08:18: parse_data() -> https://fan3.206102.xyz/ss免费账号/
2026/3/3 17:08:18: parse_data() -> https://fan3.206102.xyz/v2ray免费账号/
2026/3/3 18:09:15Extracted src: https://fan3.206102.xyz/v2ray免费账号/
2026/3/3 18:09:11: C:\Users\Administrator\scoop\apps\nodejs24\current\node.exe
2026/3/3 18:09:15: parse_data() -> https://fan3.206102.xyz/ss免费账号/
2026/3/3 18:09:15: parse_data() -> https://fan3.206102.xyz/v2ray免费账号/
2026/3/3 18:09:15: getting new Url ->  https://fan3.206102.xyz/v2ray免费账号/
2026/3/3 20:11:19Extracted src: https://fan3.206102.xyz/v2ray免费账号/
2026/3/3 20:11:12: C:\Users\Administrator\scoop\apps\nodejs24\current\node.exe
2026/3/3 20:11:19: getting new Url ->  https://fan3.206102.xyz/v2ray免费账号/
2026/3/3 20:11:19: parse_data() -> https://fan3.206102.xyz/ss免费账号/
2026/3/3 20:11:19: parse_data() -> https://fan3.206102.xyz/v2ray免费账号/
2026/3/3 21:12:41Extracted src: https://fan3.206102.xyz/v2ray免费账号/
2026/3/3 21:12:11: C:\Users\Administrator\scoop\apps\nodejs24\current\node.exe
2026/3/3 21:12:41: getting new Url ->  https://fan3.206102.xyz/v2ray免费账号/
2026/3/3 21:12:41: parse_data() -> https://fan3.206102.xyz/v2ray免费账号/
2026/3/3 21:12:41: parse_data() -> https://fan3.206102.xyz/ss免费账号/
2026/3/3 22:13:30Extracted src: https://fan3.206102.xyz/v2ray免费账号/
2026/3/3 22:13:11: C:\Users\Administrator\scoop\apps\nodejs24\current\node.exe
2026/3/3 22:13:30: getting new Url ->  https://fan3.206102.xyz/v2ray免费账号/
2026/3/3 22:13:30: parse_data() -> https://fan3.206102.xyz/v2ray免费账号/
2026/3/3 22:13:30: parse_data() -> https://fan3.206102.xyz/ss免费账号/
2026/3/3 23:14:34Extracted src: https://fan3.206102.xyz/v2ray免费账号/
2026/3/3 23:14:12: C:\Users\Administrator\scoop\apps\nodejs24\current\node.exe
2026/3/3 23:14:34: getting new Url ->  https://fan3.206102.xyz/v2ray免费账号/
2026/3/3 23:14:34: parse_data() -> https://fan3.206102.xyz/ss免费账号/
2026/3/3 23:14:34: parse_data() -> https://fan3.206102.xyz/v2ray免费账号/
2026/3/4 00:15:19Extracted src: https://fan3.206102.xyz/v2ray免费账号/
2026/3/4 00:15:19: parse_data() -> https://fan3.206102.xyz/v2ray免费账号/
2026/3/4 00:15:11: C:\Users\Administrator\scoop\apps\nodejs24\current\node.exe
2026/3/4 00:15:19: getting new Url ->  https://fan3.206102.xyz/v2ray免费账号/
2026/3/4 00:15:19: parse_data() -> https://fan3.206102.xyz/ss免费账号/
2026/3/4 01:16:14Extracted src: https://fan3.206102.xyz/v2ray免费账号/
2026/3/4 01:16:11: C:\Users\Administrator\scoop\apps\nodejs24\current\node.exe
2026/3/4 01:16:14: getting new Url ->  https://fan3.206102.xyz/v2ray免费账号/
2026/3/4 01:16:14: parse_data() -> https://fan3.206102.xyz/ss免费账号/
2026/3/4 01:16:14: parse_data() -> https://fan3.206102.xyz/v2ray免费账号/
2026/3/4 02:17:14Extracted src: https://fan3.206102.xyz/v2ray免费账号/
2026/3/4 02:17:11: C:\Users\Administrator\scoop\apps\nodejs24\current\node.exe
2026/3/4 02:17:14: parse_data() -> https://fan3.206102.xyz/v2ray免费账号/
2026/3/4 02:17:14: getting new Url ->  https://fan3.206102.xyz/v2ray免费账号/
2026/3/4 02:17:14: parse_data() -> https://fan3.206102.xyz/ss免费账号/
2026/3/4 03:18:14Extracted src: https://fan3.206102.xyz/v2ray免费账号/
2026/3/4 03:18:11: C:\Users\Administrator\scoop\apps\nodejs24\current\node.exe
2026/3/4 03:18:14: parse_data() -> https://fan3.206102.xyz/ss免费账号/
2026/3/4 03:18:14: parse_data() -> https://fan3.206102.xyz/v2ray免费账号/
2026/3/4 03:18:14: getting new Url ->  https://fan3.206102.xyz/v2ray免费账号/
2026/3/4 04:19:14Extracted src: https://fan3.206102.xyz/v2ray免费账号/
2026/3/4 04:19:11: C:\Users\Administrator\scoop\apps\nodejs24\current\node.exe
2026/3/4 04:19:14: parse_data() -> https://fan3.206102.xyz/ss免费账号/
2026/3/4 04:19:14: parse_data() -> https://fan3.206102.xyz/v2ray免费账号/
2026/3/4 04:19:14: getting new Url ->  https://fan3.206102.xyz/v2ray免费账号/
2026/3/4 13:09:14Extracted src: https://fan3.206102.xyz/v2ray免费账号/
2026/3/4 13:09:11: C:\Users\Administrator\scoop\apps\nodejs24\current\node.exe
2026/3/4 13:09:14: getting new Url ->  https://fan3.206102.xyz/v2ray免费账号/
2026/3/4 13:09:14: parse_data() -> https://fan3.206102.xyz/ss免费账号/
2026/3/4 13:09:14: parse_data() -> https://fan3.206102.xyz/v2ray免费账号/
2026/3/4 14:10:16Extracted src: https://fan3.206102.xyz/v2ray免费账号/
2026/3/4 14:10:16: getting new Url ->  https://fan3.206102.xyz/v2ray免费账号/
2026/3/4 14:10:11: C:\Users\Administrator\scoop\apps\nodejs24\current\node.exe
2026/3/4 14:10:16: parse_data() -> https://fan3.206102.xyz/ss免费账号/
2026/3/4 14:10:16: parse_data() -> https://fan3.206102.xyz/v2ray免费账号/
2026/3/4 16:11:21Extracted src: https://fan3.206102.xyz/v2ray免费账号/
2026/3/4 16:11:21: parse_data() -> https://fan3.206102.xyz/v2ray免费账号/
2026/3/4 16:11:14: C:\Users\Administrator\scoop\apps\nodejs24\current\node.exe
2026/3/4 16:11:21: getting new Url ->  https://fan3.206102.xyz/v2ray免费账号/
2026/3/4 16:11:21: parse_data() -> https://fan3.206102.xyz/ss免费账号/
2026/3/4 18:13:22Extracted src: https://fan3.206102.xyz/v2ray免费账号/
2026/3/4 18:13:13: C:\Users\Administrator\scoop\apps\nodejs24\current\node.exe
2026/3/4 18:13:22: getting new Url ->  https://fan3.206102.xyz/v2ray免费账号/
2026/3/4 18:13:22: parse_data() -> https://fan3.206102.xyz/ss免费账号/
2026/3/4 18:13:22: parse_data() -> https://fan3.206102.xyz/v2ray免费账号/
2026/3/4 19:14:22Extracted src: https://fan3.206102.xyz/v2ray免费账号/
2026/3/4 19:14:13: C:\Users\Administrator\scoop\apps\nodejs24\current\node.exe
2026/3/4 19:14:22: getting new Url ->  https://fan3.206102.xyz/v2ray免费账号/
2026/3/4 19:14:22: parse_data() -> https://fan3.206102.xyz/ss免费账号/
2026/3/4 19:14:22: parse_data() -> https://fan3.206102.xyz/v2ray免费账号/
2026/3/4 21:16:24 update_uri() -> Fetch error: AxiosError: Request failed with status code 502
2026/3/4 21:16:14: C:\Users\Administrator\scoop\apps\nodejs24\current\node.exe
2026/3/4 21:16:24: parse_data() -> https://fan2.380227.xyz/ss%E5%85%8D%E8%B4%B9%E8%B4%A6%E5%8F%B7/
2026/3/4 21:16:24: getting new Url ->  null
2026/3/4 21:16:24: parse_data() -> https://fan2.380227.xyz/ss%E5%85%8D%E8%B4%B9%E8%B4%A6%E5%8F%B7/
2026/3/4 21:16:31: parse.js -> Fetch error: AxiosError: Network Error
2026/3/4 22:17:26Extracted src: https://fan3.206102.xyz/v2ray免费账号/
2026/3/4 22:17:17: C:\Users\Administrator\scoop\apps\nodejs24\current\node.exe
2026/3/4 22:17:26: getting new Url ->  https://fan3.206102.xyz/v2ray免费账号/
2026/3/4 22:17:26: parse_data() -> https://fan3.206102.xyz/ss免费账号/
2026/3/4 22:17:26: parse_data() -> https://fan3.206102.xyz/v2ray免费账号/
2026/3/5 00:19:19Extracted src: https://fan3.206102.xyz/v2ray免费账号/
2026/3/5 00:19:19: getting new Url ->  https://fan3.206102.xyz/v2ray免费账号/
2026/3/5 00:19:14: C:\Users\Administrator\scoop\apps\nodejs24\current\node.exe
2026/3/5 00:19:19: parse_data() -> https://fan3.206102.xyz/ss免费账号/
2026/3/5 00:19:19: parse_data() -> https://fan3.206102.xyz/v2ray免费账号/
2026/3/5 01:20:23 update_uri() -> Fetch error: AxiosError: Request failed with status code 502
2026/3/5 01:20:13: C:\Users\Administrator\scoop\apps\nodejs24\current\node.exe
2026/3/5 01:20:23: parse_data() -> https://fan2.380227.xyz/ss%E5%85%8D%E8%B4%B9%E8%B4%A6%E5%8F%B7/
2026/3/5 01:20:23: getting new Url ->  null
2026/3/5 01:20:23: parse_data() -> https://fan2.380227.xyz/ss%E5%85%8D%E8%B4%B9%E8%B4%A6%E5%8F%B7/
2026/3/5 01:20:28: parse.js -> Fetch error: AxiosError: Network Error
2026/3/5 02:21:17Extracted src: https://fan3.206102.xyz/v2ray免费账号/
2026/3/5 02:21:17: getting new Url ->  https://fan3.206102.xyz/v2ray免费账号/
2026/3/5 02:21:12: C:\Users\Administrator\scoop\apps\nodejs24\current\node.exe
2026/3/5 02:21:17: parse_data() -> https://fan3.206102.xyz/ss免费账号/
2026/3/5 02:21:17: parse_data() -> https://fan3.206102.xyz/v2ray免费账号/
2026/3/5 03:22:20Extracted src: https://fan3.206102.xyz/v2ray免费账号/
2026/3/5 03:22:20: getting new Url ->  https://fan3.206102.xyz/v2ray免费账号/
2026/3/5 03:22:20: parse_data() -> https://fan3.206102.xyz/ss免费账号/
2026/3/5 03:22:15: C:\Users\Administrator\scoop\apps\nodejs24\current\node.exe
2026/3/5 03:22:20: parse_data() -> https://fan3.206102.xyz/v2ray免费账号/
2026/3/5 13:08:19Extracted src: https://fan3.206102.xyz/v2ray免费账号/
2026/3/5 13:08:13: C:\Users\Administrator\scoop\apps\nodejs24\current\node.exe
2026/3/5 13:08:19: getting new Url ->  https://fan3.206102.xyz/v2ray免费账号/
2026/3/5 13:08:19: parse_data() -> https://fan3.206102.xyz/ss免费账号/
2026/3/5 13:08:19: parse_data() -> https://fan3.206102.xyz/v2ray免费账号/
2026/3/5 15:10:24Extracted src: https://fan3.206102.xyz/v2ray免费账号/
2026/3/5 15:10:18: C:\Users\Administrator\scoop\apps\nodejs24\current\node.exe
2026/3/5 15:10:24: getting new Url ->  https://fan3.206102.xyz/v2ray免费账号/
2026/3/5 15:10:24: parse_data() -> https://fan3.206102.xyz/v2ray免费账号/
2026/3/5 15:10:24: parse_data() -> https://fan3.206102.xyz/ss免费账号/
2026/3/5 16:11:16Extracted src: https://fan3.206102.xyz/v2ray免费账号/
2026/3/5 16:11:13: C:\Users\Administrator\scoop\apps\nodejs24\current\node.exe
2026/3/5 16:11:16: getting new Url ->  https://fan3.206102.xyz/v2ray免费账号/
2026/3/5 16:11:16: parse_data() -> https://fan3.206102.xyz/v2ray免费账号/
2026/3/5 16:11:16: parse_data() -> https://fan3.206102.xyz/ss免费账号/
2026/3/5 17:12:16Extracted src: https://fan3.206102.xyz/v2ray免费账号/
2026/3/5 17:12:16: parse_data() -> https://fan3.206102.xyz/ss免费账号/
2026/3/5 17:12:16: parse_data() -> https://fan3.206102.xyz/v2ray免费账号/
2026/3/5 17:12:16: getting new Url ->  https://fan3.206102.xyz/v2ray免费账号/
2026/3/5 17:12:13: C:\Users\Administrator\scoop\apps\nodejs24\current\node.exe
2026/3/5 18:13:16Extracted src: https://fan3.206102.xyz/v2ray免费账号/
2026/3/5 18:13:16: parse_data() -> https://fan3.206102.xyz/v2ray免费账号/
2026/3/5 18:13:13: C:\Users\Administrator\scoop\apps\nodejs24\current\node.exe
2026/3/5 18:13:16: parse_data() -> https://fan3.206102.xyz/ss免费账号/
2026/3/5 18:13:16: getting new Url ->  https://fan3.206102.xyz/v2ray免费账号/
2026/3/5 19:14:19Extracted src: https://fan3.206102.xyz/v2ray免费账号/
2026/3/5 19:14:12: C:\Users\Administrator\scoop\apps\nodejs24\current\node.exe
2026/3/5 19:14:19: parse_data() -> https://fan3.206102.xyz/v2ray免费账号/
2026/3/5 19:14:19: parse_data() -> https://fan3.206102.xyz/ss免费账号/
2026/3/5 19:14:19: getting new Url ->  https://fan3.206102.xyz/v2ray免费账号/
2026/3/5 20:15:20Extracted src: https://fan3.206102.xyz/v2ray免费账号/
2026/3/5 20:15:20: getting new Url ->  https://fan3.206102.xyz/v2ray免费账号/
2026/3/5 20:15:20: parse_data() -> https://fan3.206102.xyz/ss免费账号/
2026/3/5 20:15:14: C:\Users\Administrator\scoop\apps\nodejs24\current\node.exe
2026/3/5 20:15:20: parse_data() -> https://fan3.206102.xyz/v2ray免费账号/
2026/3/5 21:16:20Extracted src: https://fan3.206102.xyz/v2ray免费账号/
2026/3/5 21:16:16: C:\Users\Administrator\scoop\apps\nodejs24\current\node.exe
2026/3/5 21:16:20: getting new Url ->  https://fan3.206102.xyz/v2ray免费账号/
2026/3/5 21:16:20: parse_data() -> https://fan3.206102.xyz/ss免费账号/
2026/3/5 21:16:20: parse_data() -> https://fan3.206102.xyz/v2ray免费账号/
2026/3/5 23:18:26Extracted src: https://fan3.206102.xyz/v2ray免费账号/
2026/3/5 23:18:26: getting new Url ->  https://fan3.206102.xyz/v2ray免费账号/
2026/3/5 23:18:17: C:\Users\Administrator\scoop\apps\nodejs24\current\node.exe
2026/3/5 23:18:26: parse_data() -> https://fan3.206102.xyz/ss免费账号/
2026/3/5 23:18:26: parse_data() -> https://fan3.206102.xyz/v2ray免费账号/
2026/3/6 00:19:32Extracted src: https://fan3.206102.xyz/v2ray免费账号/
2026/3/6 00:19:16: C:\Users\Administrator\scoop\apps\nodejs24\current\node.exe
2026/3/6 00:19:32: parse_data() -> https://fan3.206102.xyz/v2ray免费账号/
2026/3/6 00:19:32: getting new Url ->  https://fan3.206102.xyz/v2ray免费账号/
2026/3/6 00:19:32: parse_data() -> https://fan3.206102.xyz/ss免费账号/
2026/3/6 13:42:55Extracted src: https://fan3.206102.xyz/v2ray免费账号/
2026/3/6 13:42:52: C:\Users\Administrator\scoop\apps\nodejs24\current\node.exe
2026/3/6 13:42:55: parse_data() -> https://fan3.206102.xyz/v2ray免费账号/
2026/3/6 13:42:55: parse_data() -> https://fan3.206102.xyz/ss免费账号/
2026/3/6 13:42:55: getting new Url ->  https://fan3.206102.xyz/v2ray免费账号/
2026/3/6 14:44:04Extracted src: https://fan3.206102.xyz/v2ray免费账号/
2026/3/6 14:44:00: C:\Users\Administrator\scoop\apps\nodejs24\current\node.exe
2026/3/6 14:44:04: parse_data() -> https://fan3.206102.xyz/v2ray免费账号/
2026/3/6 14:44:04: getting new Url ->  https://fan3.206102.xyz/v2ray免费账号/
2026/3/6 14:44:04: parse_data() -> https://fan3.206102.xyz/ss免费账号/
2026/3/6 15:45:09Extracted src: https://fan3.206102.xyz/v2ray免费账号/
2026/3/6 15:44:58: C:\Users\Administrator\scoop\apps\nodejs24\current\node.exe
2026/3/6 15:45:09: getting new Url ->  https://fan3.206102.xyz/v2ray免费账号/
2026/3/6 15:45:09: parse_data() -> https://fan3.206102.xyz/v2ray免费账号/
2026/3/6 15:45:09: parse_data() -> https://fan3.206102.xyz/ss免费账号/
2026/3/6 16:46:03Extracted src: https://fan3.206102.xyz/v2ray免费账号/
2026/3/6 16:45:58: C:\Users\Administrator\scoop\apps\nodejs24\current\node.exe
2026/3/6 16:46:03: getting new Url ->  https://fan3.206102.xyz/v2ray免费账号/
2026/3/6 16:46:03: parse_data() -> https://fan3.206102.xyz/ss免费账号/
2026/3/6 16:46:03: parse_data() -> https://fan3.206102.xyz/v2ray免费账号/
2026/3/6 17:47:01Extracted src: https://fan3.206102.xyz/v2ray免费账号/
2026/3/6 17:46:58: C:\Users\Administrator\scoop\apps\nodejs24\current\node.exe
2026/3/6 17:47:02: getting new Url ->  https://fan3.206102.xyz/v2ray免费账号/
2026/3/6 17:47:02: parse_data() -> https://fan3.206102.xyz/v2ray免费账号/
2026/3/6 17:47:02: parse_data() -> https://fan3.206102.xyz/ss免费账号/
2026/3/6 18:48:01Extracted src: https://fan3.206102.xyz/v2ray免费账号/
2026/3/6 18:47:58: C:\Users\Administrator\scoop\apps\nodejs24\current\node.exe
2026/3/6 18:48:01: getting new Url ->  https://fan3.206102.xyz/v2ray免费账号/
2026/3/6 18:48:01: parse_data() -> https://fan3.206102.xyz/v2ray免费账号/
2026/3/6 18:48:01: parse_data() -> https://fan3.206102.xyz/ss免费账号/
2026/3/6 20:50:04Extracted src: https://fan3.206102.xyz/v2ray免费账号/
2026/3/6 20:49:58: C:\Users\Administrator\scoop\apps\nodejs24\current\node.exe
2026/3/6 20:50:04: parse_data() -> https://fan3.206102.xyz/v2ray免费账号/
2026/3/6 20:50:04: getting new Url ->  https://fan3.206102.xyz/v2ray免费账号/
2026/3/6 20:50:04: parse_data() -> https://fan3.206102.xyz/ss免费账号/
2026/3/6 21:51:03Extracted src: https://fan3.206102.xyz/v2ray免费账号/
2026/3/6 21:50:58: C:\Users\Administrator\scoop\apps\nodejs24\current\node.exe
2026/3/6 21:51:03: getting new Url ->  https://fan3.206102.xyz/v2ray免费账号/
2026/3/6 21:51:03: parse_data() -> https://fan3.206102.xyz/v2ray免费账号/
2026/3/6 21:51:03: parse_data() -> https://fan3.206102.xyz/ss免费账号/
2026/3/6 22:52:10 update_uri() -> Fetch error: AxiosError: Request failed with status code 502
2026/3/6 22:51:59: C:\Users\Administrator\scoop\apps\nodejs24\current\node.exe
2026/3/6 22:52:10: getting new Url ->  null
2026/3/6 22:52:10: parse_data() -> https://fan2.380227.xyz/ss%E5%85%8D%E8%B4%B9%E8%B4%A6%E5%8F%B7/
2026/3/6 22:52:10: parse_data() -> https://fan2.380227.xyz/ss%E5%85%8D%E8%B4%B9%E8%B4%A6%E5%8F%B7/
2026/3/6 22:52:44: parse.js -> Fetch error: AxiosError: Network Error
2026/3/6 23:53:08Extracted src: https://fan3.206102.xyz/v2ray免费账号/
2026/3/6 23:52:58: C:\Users\Administrator\scoop\apps\nodejs24\current\node.exe
2026/3/6 23:53:08: getting new Url ->  https://fan3.206102.xyz/v2ray免费账号/
2026/3/6 23:53:08: parse_data() -> https://fan3.206102.xyz/ss免费账号/
2026/3/6 23:53:08: parse_data() -> https://fan3.206102.xyz/v2ray免费账号/
2026/3/7 13:48:05Extracted src: https://fan3.206102.xyz/v2ray免费账号/
2026/3/7 13:48:02: C:\Users\Administrator\scoop\apps\nodejs24\current\node.exe
2026/3/7 13:48:05: parse_data() -> https://fan3.206102.xyz/v2ray免费账号/
2026/3/7 13:48:05: getting new Url ->  https://fan3.206102.xyz/v2ray免费账号/
2026/3/7 13:48:05: parse_data() -> https://fan3.206102.xyz/ss免费账号/
2026/3/7 15:50:19Extracted src: https://fan3.206102.xyz/v2ray免费账号/
2026/3/7 15:50:09: C:\Users\Administrator\scoop\apps\nodejs24\current\node.exe
2026/3/7 15:50:19: getting new Url ->  https://fan3.206102.xyz/v2ray免费账号/
2026/3/7 15:50:19: parse_data() -> https://fan3.206102.xyz/ss免费账号/
2026/3/7 15:50:19: parse_data() -> https://fan3.206102.xyz/v2ray免费账号/
2026/3/7 16:52:03Extracted src: https://fan3.206102.xyz/v2ray免费账号/
2026/3/7 16:52:03: parse_data() -> https://fan3.206102.xyz/v2ray免费账号/
2026/3/7 16:52:03: getting new Url ->  https://fan3.206102.xyz/v2ray免费账号/
2026/3/7 16:52:03: parse_data() -> https://fan3.206102.xyz/ss免费账号/
2026/3/7 16:51:01: C:\Users\Administrator\scoop\apps\nodejs24\current\node.exe
2026/3/7 16:52:08Extracted src: https://fan3.206102.xyz/v2ray免费账号/
2026/3/7 16:52:04: C:\Users\Administrator\scoop\apps\nodejs24\current\node.exe
2026/3/7 16:52:08: getting new Url ->  https://fan3.206102.xyz/v2ray免费账号/
2026/3/7 16:52:08: parse_data() -> https://fan3.206102.xyz/v2ray免费账号/
2026/3/7 16:52:08: parse_data() -> https://fan3.206102.xyz/ss免费账号/
2026/3/7 17:53:08Extracted src: https://fan3.206102.xyz/v2ray免费账号/
2026/3/7 17:53:01: C:\Users\Administrator\scoop\apps\nodejs24\current\node.exe
2026/3/7 17:53:08: getting new Url ->  https://fan3.206102.xyz/v2ray免费账号/
2026/3/7 17:53:08: parse_data() -> https://fan3.206102.xyz/ss免费账号/
2026/3/7 17:53:08: parse_data() -> https://fan3.206102.xyz/v2ray免费账号/
2026/3/7 18:54:05Extracted src: https://fan3.206102.xyz/v2ray免费账号/
2026/3/7 18:54:05: getting new Url ->  https://fan3.206102.xyz/v2ray免费账号/
2026/3/7 18:54:02: C:\Users\Administrator\scoop\apps\nodejs24\current\node.exe
2026/3/7 18:54:05: parse_data() -> https://fan3.206102.xyz/ss免费账号/
2026/3/7 18:54:05: parse_data() -> https://fan3.206102.xyz/v2ray免费账号/
2026/3/7 20:56:17Extracted src: https://fan3.206102.xyz/v2ray免费账号/
2026/3/7 20:56:02: C:\Users\Administrator\scoop\apps\nodejs24\current\node.exe
2026/3/7 20:56:17: getting new Url ->  https://fan3.206102.xyz/v2ray免费账号/
2026/3/7 20:56:17: parse_data() -> https://fan3.206102.xyz/v2ray免费账号/
2026/3/7 20:56:17: parse_data() -> https://fan3.206102.xyz/ss免费账号/
2026/3/7 21:57:39Extracted src: https://fan3.206102.xyz/v2ray免费账号/
2026/3/7 21:57:02: C:\Users\Administrator\scoop\apps\nodejs24\current\node.exe
2026/3/7 21:57:39: parse_data() -> https://fan3.206102.xyz/v2ray免费账号/
2026/3/7 21:57:39: getting new Url ->  https://fan3.206102.xyz/v2ray免费账号/
2026/3/7 21:57:39: parse_data() -> https://fan3.206102.xyz/ss免费账号/
2026/3/7 22:58:09Extracted src: https://fan3.206102.xyz/v2ray免费账号/
2026/3/7 22:58:02: C:\Users\Administrator\scoop\apps\nodejs24\current\node.exe
2026/3/7 22:58:09: getting new Url ->  https://fan3.206102.xyz/v2ray免费账号/
2026/3/7 22:58:09: parse_data() -> https://fan3.206102.xyz/v2ray免费账号/
2026/3/7 22:58:09: parse_data() -> https://fan3.206102.xyz/ss免费账号/
2026/3/7 23:59:11Extracted src: https://fan3.206102.xyz/v2ray免费账号/
2026/3/7 23:59:03: C:\Users\Administrator\scoop\apps\nodejs24\current\node.exe
2026/3/7 23:59:11: getting new Url ->  https://fan3.206102.xyz/v2ray免费账号/
2026/3/7 23:59:11: parse_data() -> https://fan3.206102.xyz/v2ray免费账号/
2026/3/7 23:59:11: parse_data() -> https://fan3.206102.xyz/ss免费账号/
2026/3/8 01:00:34Extracted src: https://fan3.206102.xyz/v2ray免费账号/
2026/3/8 01:00:02: C:\Users\Administrator\scoop\apps\nodejs24\current\node.exe
2026/3/8 01:00:34: parse_data() -> https://fan3.206102.xyz/ss免费账号/
2026/3/8 01:00:34: getting new Url ->  https://fan3.206102.xyz/v2ray免费账号/
2026/3/8 01:00:34: parse_data() -> https://fan3.206102.xyz/v2ray免费账号/
2026/3/8 10:13:06 update_uri() -> Fetch error: AxiosError: Request failed with status code 502
2026/3/8 10:13:01: C:\Users\Administrator\scoop\apps\nodejs24\current\node.exe
2026/3/8 10:13:07: getting new Url ->  null
2026/3/8 10:13:07: parse_data() -> https://fan2.380227.xyz/ss%E5%85%8D%E8%B4%B9%E8%B4%A6%E5%8F%B7/
2026/3/8 10:13:07: parse_data() -> https://fan2.380227.xyz/ss%E5%85%8D%E8%B4%B9%E8%B4%A6%E5%8F%B7/
2026/3/8 10:13:09: parse.js -> Fetch error: AxiosError: Network Error
2026/3/8 11:16:23 update_uri() -> Fetch error: AxiosError: stream has been aborted
2026/3/8 11:14:01: C:\Users\Administrator\scoop\apps\nodejs24\current\node.exe
2026/3/8 11:16:24: getting new Url ->  null
2026/3/8 11:16:24: parse_data() -> https://fan2.380227.xyz/ss%E5%85%8D%E8%B4%B9%E8%B4%A6%E5%8F%B7/
2026/3/8 11:16:24: parse_data() -> https://fan2.380227.xyz/ss%E5%85%8D%E8%B4%B9%E8%B4%A6%E5%8F%B7/
2026/3/8 11:16:36Extracted src: https://fan3.206102.xyz/v2ray免费账号/
2026/3/8 11:16:26: C:\Users\Administrator\scoop\apps\nodejs24\current\node.exe
2026/3/8 11:16:36: getting new Url ->  https://fan3.206102.xyz/v2ray免费账号/
2026/3/8 11:16:36: parse_data() -> https://fan3.206102.xyz/v2ray免费账号/
2026/3/8 11:16:36: parse_data() -> https://fan3.206102.xyz/ss免费账号/
2026/3/8 11:16:45: parse.js -> Fetch error: AxiosError: Network Error
2026/3/8 12:17:05 update_uri() -> Fetch error: AxiosError: Request failed with status code 502
2026/3/8 12:17:05: getting new Url ->  null
2026/3/8 12:17:05: parse_data() -> https://fan2.380227.xyz/ss%E5%85%8D%E8%B4%B9%E8%B4%A6%E5%8F%B7/
2026/3/8 12:17:05: parse_data() -> https://fan2.380227.xyz/ss%E5%85%8D%E8%B4%B9%E8%B4%A6%E5%8F%B7/
2026/3/8 12:16:55: C:\Users\Administrator\scoop\apps\nodejs24\current\node.exe
2026/3/8 12:17:38: parse.js -> Fetch error: AxiosError: Network Error
2026/3/8 13:18:07Extracted src: https://fan3.206102.xyz/v2ray免费账号/
2026/3/8 13:18:07: getting new Url ->  https://fan3.206102.xyz/v2ray免费账号/
2026/3/8 13:18:03: C:\Users\Administrator\scoop\apps\nodejs24\current\node.exe
2026/3/8 13:18:07: parse_data() -> https://fan3.206102.xyz/ss免费账号/
2026/3/8 13:18:07: parse_data() -> https://fan3.206102.xyz/v2ray免费账号/
2026/3/8 14:19:07Extracted src: https://fan3.206102.xyz/v2ray免费账号/
2026/3/8 14:19:07: parse_data() -> https://fan3.206102.xyz/v2ray免费账号/
2026/3/8 14:19:04: C:\Users\Administrator\scoop\apps\nodejs24\current\node.exe
2026/3/8 14:19:07: getting new Url ->  https://fan3.206102.xyz/v2ray免费账号/
2026/3/8 14:19:07: parse_data() -> https://fan3.206102.xyz/ss免费账号/
2026/3/8 15:20:08Extracted src: https://fan3.206102.xyz/v2ray免费账号/
2026/3/8 15:20:03: C:\Users\Administrator\scoop\apps\nodejs24\current\node.exe
2026/3/8 15:20:08: getting new Url ->  https://fan3.206102.xyz/v2ray免费账号/
2026/3/8 15:20:08: parse_data() -> https://fan3.206102.xyz/v2ray免费账号/
2026/3/8 15:20:08: parse_data() -> https://fan3.206102.xyz/ss免费账号/
2026/3/8 16:21:09Extracted src: https://fan3.206102.xyz/v2ray免费账号/
2026/3/8 16:20:58: C:\Users\Administrator\scoop\apps\nodejs24\current\node.exe
2026/3/8 16:21:09: getting new Url ->  https://fan3.206102.xyz/v2ray免费账号/
2026/3/8 16:21:09: parse_data() -> https://fan3.206102.xyz/ss免费账号/
2026/3/8 16:21:09: parse_data() -> https://fan3.206102.xyz/v2ray免费账号/
2026/3/8 17:22:09Extracted src: https://fan3.206102.xyz/v2ray免费账号/
2026/3/8 17:22:05: C:\Users\Administrator\scoop\apps\nodejs24\current\node.exe
2026/3/8 17:22:09: getting new Url ->  https://fan3.206102.xyz/v2ray免费账号/
2026/3/8 17:22:09: parse_data() -> https://fan3.206102.xyz/v2ray免费账号/
2026/3/8 17:22:09: parse_data() -> https://fan3.206102.xyz/ss免费账号/
2026/3/8 18:24:04Extracted src: https://fan3.206102.xyz/v2ray免费账号/
2026/3/8 18:23:04: C:\Users\Administrator\scoop\apps\nodejs24\current\node.exe
2026/3/8 18:24:04: getting new Url ->  https://fan3.206102.xyz/v2ray免费账号/
2026/3/8 18:24:04: parse_data() -> https://fan3.206102.xyz/ss免费账号/
2026/3/8 18:24:04: parse_data() -> https://fan3.206102.xyz/v2ray免费账号/
2026/3/8 18:24:11 update_uri() -> Fetch error: AxiosError: Request failed with status code 502
2026/3/8 18:24:06: C:\Users\Administrator\scoop\apps\nodejs24\current\node.exe
2026/3/8 18:24:11: parse_data() -> https://fan2.380227.xyz/ss%E5%85%8D%E8%B4%B9%E8%B4%A6%E5%8F%B7/
2026/3/8 18:24:11: parse_data() -> https://fan2.380227.xyz/ss%E5%85%8D%E8%B4%B9%E8%B4%A6%E5%8F%B7/
2026/3/8 18:24:11: getting new Url ->  null
2026/3/8 18:25:03: parse.js -> Fetch error: AxiosError: Network Error
2026/3/8 19:26:01Extracted src: https://fan3.206102.xyz/v2ray免费账号/
2026/3/8 19:25:57: C:\Users\Administrator\scoop\apps\nodejs24\current\node.exe
2026/3/8 19:26:01: parse_data() -> https://fan3.206102.xyz/v2ray免费账号/
2026/3/8 19:26:01: getting new Url ->  https://fan3.206102.xyz/v2ray免费账号/
2026/3/8 19:26:01: parse_data() -> https://fan3.206102.xyz/ss免费账号/
2026/3/8 20:27:15 update_uri() -> Fetch error: AxiosError: Request failed with status code 502
2026/3/8 20:27:15: getting new Url ->  null
2026/3/8 20:27:15: parse_data() -> https://fan2.380227.xyz/ss%E5%85%8D%E8%B4%B9%E8%B4%A6%E5%8F%B7/
2026/3/8 20:27:15: parse_data() -> https://fan2.380227.xyz/ss%E5%85%8D%E8%B4%B9%E8%B4%A6%E5%8F%B7/
2026/3/8 20:27:05: C:\Users\Administrator\scoop\apps\nodejs24\current\node.exe
2026/3/8 20:27:22: parse.js -> Fetch error: AxiosError: Network Error
2026/3/8 21:28:08Extracted src: https://fan3.206102.xyz/v2ray免费账号/
2026/3/8 21:28:03: C:\Users\Administrator\scoop\apps\nodejs24\current\node.exe
2026/3/8 21:28:08: parse_data() -> https://fan3.206102.xyz/ss免费账号/
2026/3/8 21:28:08: parse_data() -> https://fan3.206102.xyz/v2ray免费账号/
2026/3/8 21:28:08: getting new Url ->  https://fan3.206102.xyz/v2ray免费账号/
2026/3/8 22:29:09Extracted src: https://fan3.206102.xyz/v2ray免费账号/
2026/3/8 22:29:04: C:\Users\Administrator\scoop\apps\nodejs24\current\node.exe
2026/3/8 22:29:09: getting new Url ->  https://fan3.206102.xyz/v2ray免费账号/
2026/3/8 22:29:09: parse_data() -> https://fan3.206102.xyz/v2ray免费账号/
2026/3/8 22:29:09: parse_data() -> https://fan3.206102.xyz/ss免费账号/
2026/3/8 23:30:10Extracted src: https://fan3.206102.xyz/v2ray免费账号/
2026/3/8 23:30:04: C:\Users\Administrator\scoop\apps\nodejs24\current\node.exe
2026/3/8 23:30:10: getting new Url ->  https://fan3.206102.xyz/v2ray免费账号/
2026/3/8 23:30:10: parse_data() -> https://fan3.206102.xyz/ss免费账号/
2026/3/8 23:30:10: parse_data() -> https://fan3.206102.xyz/v2ray免费账号/
2026/3/9 00:31:11Extracted src: https://fan3.206102.xyz/v2ray免费账号/
2026/3/9 00:31:11: getting new Url ->  https://fan3.206102.xyz/v2ray免费账号/
2026/3/9 00:31:11: parse_data() -> https://fan3.206102.xyz/v2ray免费账号/
2026/3/9 00:31:04: C:\Users\Administrator\scoop\apps\nodejs24\current\node.exe
2026/3/9 00:31:11: parse_data() -> https://fan3.206102.xyz/ss免费账号/
2026/3/9 01:32:07Extracted src: https://fan3.206102.xyz/v2ray免费账号/
2026/3/9 01:32:07: getting new Url ->  https://fan3.206102.xyz/v2ray免费账号/
2026/3/9 01:32:07: parse_data() -> https://fan3.206102.xyz/ss免费账号/
2026/3/9 01:32:03: C:\Users\Administrator\scoop\apps\nodejs24\current\node.exe
2026/3/9 01:32:07: parse_data() -> https://fan3.206102.xyz/v2ray免费账号/
2026/3/9 02:33:07Extracted src: https://fan3.206102.xyz/v2ray免费账号/
2026/3/9 02:33:03: C:\Users\Administrator\scoop\apps\nodejs24\current\node.exe
2026/3/9 02:33:07: getting new Url ->  https://fan3.206102.xyz/v2ray免费账号/
2026/3/9 02:33:07: parse_data() -> https://fan3.206102.xyz/ss免费账号/
2026/3/9 02:33:07: parse_data() -> https://fan3.206102.xyz/v2ray免费账号/
2026/3/9 03:34:07Extracted src: https://fan3.206102.xyz/v2ray免费账号/
2026/3/9 03:34:07: getting new Url ->  https://fan3.206102.xyz/v2ray免费账号/
2026/3/9 03:34:03: C:\Users\Administrator\scoop\apps\nodejs24\current\node.exe
2026/3/9 03:34:07: parse_data() -> https://fan3.206102.xyz/ss免费账号/
2026/3/9 03:34:07: parse_data() -> https://fan3.206102.xyz/v2ray免费账号/
2026/3/9 04:35:07Extracted src: https://fan3.206102.xyz/v2ray免费账号/
2026/3/9 04:35:03: C:\Users\Administrator\scoop\apps\nodejs24\current\node.exe
2026/3/9 04:35:07: getting new Url ->  https://fan3.206102.xyz/v2ray免费账号/
2026/3/9 04:35:07: parse_data() -> https://fan3.206102.xyz/v2ray免费账号/
2026/3/9 04:35:07: parse_data() -> https://fan3.206102.xyz/ss免费账号/
2026/3/9 05:36:06Extracted src: https://fan3.206102.xyz/v2ray免费账号/
2026/3/9 05:36:03: C:\Users\Administrator\scoop\apps\nodejs24\current\node.exe
2026/3/9 05:36:07: getting new Url ->  https://fan3.206102.xyz/v2ray免费账号/
2026/3/9 05:36:07: parse_data() -> https://fan3.206102.xyz/v2ray免费账号/
2026/3/9 05:36:07: parse_data() -> https://fan3.206102.xyz/ss免费账号/
2026/3/9 06:37:07Extracted src: https://fan3.206102.xyz/v2ray免费账号/
2026/3/9 06:37:07: getting new Url ->  https://fan3.206102.xyz/v2ray免费账号/
2026/3/9 06:37:07: parse_data() -> https://fan3.206102.xyz/ss免费账号/
2026/3/9 06:37:03: C:\Users\Administrator\scoop\apps\nodejs24\current\node.exe
2026/3/9 06:37:07: parse_data() -> https://fan3.206102.xyz/v2ray免费账号/
2026/3/9 07:38:07Extracted src: https://fan3.206102.xyz/v2ray免费账号/
2026/3/9 07:38:03: C:\Users\Administrator\scoop\apps\nodejs24\current\node.exe
2026/3/9 07:38:07: getting new Url ->  https://fan3.206102.xyz/v2ray免费账号/
2026/3/9 07:38:07: parse_data() -> https://fan3.206102.xyz/ss免费账号/
2026/3/9 07:38:07: parse_data() -> https://fan3.206102.xyz/v2ray免费账号/
2026/3/9 16:20:09Extracted src: https://fan3.206102.xyz/v2ray免费账号/
2026/3/9 16:20:06: C:\Users\Administrator\scoop\apps\nodejs24\current\node.exe
2026/3/9 16:20:09: getting new Url ->  https://fan3.206102.xyz/v2ray免费账号/
2026/3/9 16:20:09: parse_data() -> https://fan3.206102.xyz/ss免费账号/
2026/3/9 16:20:09: parse_data() -> https://fan3.206102.xyz/v2ray免费账号/
2026/3/9 17:21:12Extracted src: https://fan3.206102.xyz/v2ray免费账号/
2026/3/9 17:21:06: C:\Users\Administrator\scoop\apps\nodejs24\current\node.exe
2026/3/9 17:21:12: parse_data() -> https://fan3.206102.xyz/v2ray免费账号/
2026/3/9 17:21:12: getting new Url ->  https://fan3.206102.xyz/v2ray免费账号/
2026/3/9 17:21:12: parse_data() -> https://fan3.206102.xyz/ss免费账号/
2026/3/9 18:22:11Extracted src: https://fan3.206102.xyz/v2ray免费账号/
2026/3/9 18:22:07: C:\Users\Administrator\scoop\apps\nodejs24\current\node.exe
2026/3/9 18:22:11: parse_data() -> https://fan3.206102.xyz/v2ray免费账号/
2026/3/9 18:22:11: getting new Url ->  https://fan3.206102.xyz/v2ray免费账号/
2026/3/9 18:22:11: parse_data() -> https://fan3.206102.xyz/ss免费账号/
2026/3/9 19:38:01Extracted src: https://fan3.206102.xyz/v2ray免费账号/
2026/3/9 19:37:57: C:\Users\Administrator\scoop\apps\nodejs24\current\node.exe
2026/3/9 19:38:01: getting new Url ->  https://fan3.206102.xyz/v2ray免费账号/
2026/3/9 19:38:01: parse_data() -> https://fan3.206102.xyz/v2ray免费账号/
2026/3/9 19:38:01: parse_data() -> https://fan3.206102.xyz/ss免费账号/
2026/3/9 20:38:13Extracted src: https://fan3.206102.xyz/v2ray免费账号/
2026/3/9 20:38:07: C:\Users\Administrator\scoop\apps\nodejs24\current\node.exe
2026/3/9 20:38:13: parse_data() -> https://fan3.206102.xyz/v2ray免费账号/
2026/3/9 20:38:13: getting new Url ->  https://fan3.206102.xyz/v2ray免费账号/
2026/3/9 20:38:13: parse_data() -> https://fan3.206102.xyz/ss免费账号/
2026/3/9 21:39:13Extracted src: https://fan3.206102.xyz/v2ray免费账号/
2026/3/9 21:39:08: C:\Users\Administrator\scoop\apps\nodejs24\current\node.exe
2026/3/9 21:39:13: getting new Url ->  https://fan3.206102.xyz/v2ray免费账号/
2026/3/9 21:39:13: parse_data() -> https://fan3.206102.xyz/v2ray免费账号/
2026/3/9 21:39:13: parse_data() -> https://fan3.206102.xyz/ss免费账号/
2026/3/9 22:40:14Extracted src: https://fan3.206102.xyz/v2ray免费账号/
2026/3/9 22:40:14: getting new Url ->  https://fan3.206102.xyz/v2ray免费账号/
2026/3/9 22:40:07: C:\Users\Administrator\scoop\apps\nodejs24\current\node.exe
2026/3/9 22:40:14: parse_data() -> https://fan3.206102.xyz/ss免费账号/
2026/3/9 22:40:14: parse_data() -> https://fan3.206102.xyz/v2ray免费账号/
2026/3/9 23:41:01Extracted src: https://fan3.206102.xyz/v2ray免费账号/
2026/3/9 23:40:58: C:\Users\Administrator\scoop\apps\nodejs24\current\node.exe
2026/3/9 23:41:01: getting new Url ->  https://fan3.206102.xyz/v2ray免费账号/
2026/3/9 23:41:01: parse_data() -> https://fan3.206102.xyz/v2ray免费账号/
2026/3/9 23:41:01: parse_data() -> https://fan3.206102.xyz/ss免费账号/
2026/3/10 00:42:13Extracted src: https://fan3.206102.xyz/v2ray免费账号/
2026/3/10 00:42:08: C:\Users\Administrator\scoop\apps\nodejs24\current\node.exe
2026/3/10 00:42:13: parse_data() -> https://fan3.206102.xyz/v2ray免费账号/
2026/3/10 00:42:13: parse_data() -> https://fan3.206102.xyz/ss免费账号/
2026/3/10 00:42:13: getting new Url ->  https://fan3.206102.xyz/v2ray免费账号/
2026/3/10 10:09:10Extracted src: https://fan3.206102.xyz/v2ray免费账号/
2026/3/10 10:09:10: getting new Url ->  https://fan3.206102.xyz/v2ray免费账号/
2026/3/10 10:09:07: C:\Users\Administrator\scoop\apps\nodejs24\current\node.exe
2026/3/10 10:09:10: parse_data() -> https://fan3.206102.xyz/ss免费账号/
2026/3/10 10:09:10: parse_data() -> https://fan3.206102.xyz/v2ray免费账号/
2026/3/10 11:10:11Extracted src: https://fan3.206102.xyz/v2ray免费账号/
2026/3/10 11:10:07: C:\Users\Administrator\scoop\apps\nodejs24\current\node.exe
2026/3/10 11:10:11: getting new Url ->  https://fan3.206102.xyz/v2ray免费账号/
2026/3/10 11:10:11: parse_data() -> https://fan3.206102.xyz/v2ray免费账号/
2026/3/10 11:10:11: parse_data() -> https://fan3.206102.xyz/ss免费账号/
2026/3/10 12:11:10Extracted src: https://fan3.206102.xyz/v2ray免费账号/
2026/3/10 12:11:07: C:\Users\Administrator\scoop\apps\nodejs24\current\node.exe
2026/3/10 12:11:10: getting new Url ->  https://fan3.206102.xyz/v2ray免费账号/
2026/3/10 12:11:10: parse_data() -> https://fan3.206102.xyz/ss免费账号/
2026/3/10 12:11:10: parse_data() -> https://fan3.206102.xyz/v2ray免费账号/
2026/3/10 13:12:12Extracted src: https://fan3.206102.xyz/v2ray免费账号/
2026/3/10 13:12:09: C:\Users\Administrator\scoop\apps\nodejs24\current\node.exe
2026/3/10 13:12:12: parse_data() -> https://fan3.206102.xyz/v2ray免费账号/
2026/3/10 13:12:12: getting new Url ->  https://fan3.206102.xyz/v2ray免费账号/
2026/3/10 13:12:12: parse_data() -> https://fan3.206102.xyz/ss免费账号/
2026/3/10 15:13:12Extracted src: https://fan3.206102.xyz/v2ray免费账号/
2026/3/10 15:13:12: getting new Url ->  https://fan3.206102.xyz/v2ray免费账号/
2026/3/10 15:13:12: parse_data() -> https://fan3.206102.xyz/v2ray免费账号/
2026/3/10 15:13:08: C:\Users\Administrator\scoop\apps\nodejs24\current\node.exe
2026/3/10 15:13:12: parse_data() -> https://fan3.206102.xyz/ss免费账号/
2026/3/10 16:14:12Extracted src: https://fan3.206102.xyz/v2ray免费账号/
2026/3/10 16:14:09: C:\Users\Administrator\scoop\apps\nodejs24\current\node.exe
2026/3/10 16:14:12: getting new Url ->  https://fan3.206102.xyz/v2ray免费账号/
2026/3/10 16:14:12: parse_data() -> https://fan3.206102.xyz/v2ray免费账号/
2026/3/10 16:14:12: parse_data() -> https://fan3.206102.xyz/ss免费账号/
2026/3/10 17:15:12Extracted src: https://fan3.206102.xyz/v2ray免费账号/
2026/3/10 17:15:12: getting new Url ->  https://fan3.206102.xyz/v2ray免费账号/
2026/3/10 17:15:12: parse_data() -> https://fan3.206102.xyz/v2ray免费账号/
2026/3/10 17:15:08: C:\Users\Administrator\scoop\apps\nodejs24\current\node.exe
2026/3/10 17:15:12: parse_data() -> https://fan3.206102.xyz/ss免费账号/
2026/3/10 18:16:13Extracted src: https://fan3.206102.xyz/v2ray免费账号/
2026/3/10 18:16:09: C:\Users\Administrator\scoop\apps\nodejs24\current\node.exe
2026/3/10 18:16:13: getting new Url ->  https://fan3.206102.xyz/v2ray免费账号/
2026/3/10 18:16:13: parse_data() -> https://fan3.206102.xyz/ss免费账号/
2026/3/10 18:16:13: parse_data() -> https://fan3.206102.xyz/v2ray免费账号/
2026/3/10 19:17:15Extracted src: https://fan3.206102.xyz/v2ray免费账号/
2026/3/10 19:17:09: C:\Users\Administrator\scoop\apps\nodejs24\current\node.exe
2026/3/10 19:17:15: getting new Url ->  https://fan3.206102.xyz/v2ray免费账号/
2026/3/10 19:17:15: parse_data() -> https://fan3.206102.xyz/v2ray免费账号/
2026/3/10 19:17:15: parse_data() -> https://fan3.206102.xyz/ss免费账号/
2026/3/10 20:18:14Extracted src: https://fan3.206102.xyz/v2ray免费账号/
2026/3/10 20:18:14: getting new Url ->  https://fan3.206102.xyz/v2ray免费账号/
2026/3/10 20:18:14: parse_data() -> https://fan3.206102.xyz/v2ray免费账号/
2026/3/10 20:18:09: C:\Users\Administrator\scoop\apps\nodejs24\current\node.exe
2026/3/10 20:18:14: parse_data() -> https://fan3.206102.xyz/ss免费账号/
2026/3/10 22:20:20Extracted src: https://fan3.206102.xyz/v2ray免费账号/
2026/3/10 22:20:10: C:\Users\Administrator\scoop\apps\nodejs24\current\node.exe
2026/3/10 22:20:20: getting new Url ->  https://fan3.206102.xyz/v2ray免费账号/
2026/3/10 22:20:20: parse_data() -> https://fan3.206102.xyz/v2ray免费账号/
2026/3/10 22:20:20: parse_data() -> https://fan3.206102.xyz/ss免费账号/
2026/3/10 23:21:15Extracted src: https://fan3.206102.xyz/v2ray免费账号/
2026/3/10 23:21:09: C:\Users\Administrator\scoop\apps\nodejs24\current\node.exe
2026/3/10 23:21:15: getting new Url ->  https://fan3.206102.xyz/v2ray免费账号/
2026/3/10 23:21:15: parse_data() -> https://fan3.206102.xyz/v2ray免费账号/
2026/3/10 23:21:15: parse_data() -> https://fan3.206102.xyz/ss免费账号/
2026/3/11 00:22:13Extracted src: https://fan3.206102.xyz/v2ray免费账号/
2026/3/11 00:22:13: getting new Url ->  https://fan3.206102.xyz/v2ray免费账号/
2026/3/11 00:22:09: C:\Users\Administrator\scoop\apps\nodejs24\current\node.exe
2026/3/11 00:22:13: parse_data() -> https://fan3.206102.xyz/v2ray免费账号/
2026/3/11 00:22:13: parse_data() -> https://fan3.206102.xyz/ss免费账号/
2026/3/11 10:39:08 update_uri() -> Fetch error: AxiosError: Request failed with status code 502
2026/3/11 10:38:58: C:\Users\Administrator\scoop\apps\nodejs24\current\node.exe
2026/3/11 10:39:08: getting new Url ->  null
2026/3/11 10:39:08: parse_data() -> https://fan2.380227.xyz/ss%E5%85%8D%E8%B4%B9%E8%B4%A6%E5%8F%B7/
2026/3/11 10:39:08: parse_data() -> https://fan2.380227.xyz/ss%E5%85%8D%E8%B4%B9%E8%B4%A6%E5%8F%B7/
2026/3/11 10:39:17: parse.js -> Fetch error: AxiosError: Network Error
2026/3/11 11:40:01Extracted src: https://fan3.206102.xyz/v2ray免费账号/
2026/3/11 11:39:57: C:\Users\Administrator\scoop\apps\nodejs24\current\node.exe
2026/3/11 11:40:01: getting new Url ->  https://fan3.206102.xyz/v2ray免费账号/
2026/3/11 11:40:01: parse_data() -> https://fan3.206102.xyz/v2ray免费账号/
2026/3/11 11:40:01: parse_data() -> https://fan3.206102.xyz/ss免费账号/
2026/3/11 12:41:59Extracted src: https://fan3.206102.xyz/v2ray免费账号/
2026/3/11 12:41:56: C:\Users\Administrator\scoop\apps\nodejs24\current\node.exe
2026/3/11 12:41:59: parse_data() -> https://fan3.206102.xyz/v2ray免费账号/
2026/3/11 12:41:59: getting new Url ->  https://fan3.206102.xyz/v2ray免费账号/
2026/3/11 12:41:59: parse_data() -> https://fan3.206102.xyz/ss免费账号/
2026/3/11 13:44:01Extracted src: https://fan3.206102.xyz/v2ray免费账号/
2026/3/11 13:43:56: C:\Users\Administrator\scoop\apps\nodejs24\current\node.exe
2026/3/11 13:44:01: getting new Url ->  https://fan3.206102.xyz/v2ray免费账号/
2026/3/11 13:44:01: parse_data() -> https://fan3.206102.xyz/v2ray免费账号/
2026/3/11 13:44:01: parse_data() -> https://fan3.206102.xyz/ss免费账号/
2026/3/11 14:45:59Extracted src: https://fan3.206102.xyz/v2ray免费账号/
2026/3/11 14:45:56: C:\Users\Administrator\scoop\apps\nodejs24\current\node.exe
2026/3/11 14:45:59: getting new Url ->  https://fan3.206102.xyz/v2ray免费账号/
2026/3/11 14:45:59: parse_data() -> https://fan3.206102.xyz/v2ray免费账号/
2026/3/11 14:45:59: parse_data() -> https://fan3.206102.xyz/ss免费账号/
2026/3/11 15:47:59Extracted src: https://fan3.206102.xyz/v2ray免费账号/
2026/3/11 15:47:59: getting new Url ->  https://fan3.206102.xyz/v2ray免费账号/
2026/3/11 15:47:59: parse_data() -> https://fan3.206102.xyz/ss免费账号/
2026/3/11 15:47:59: parse_data() -> https://fan3.206102.xyz/v2ray免费账号/
2026/3/11 15:47:55: C:\Users\Administrator\scoop\apps\nodejs24\current\node.exe
2026/3/11 16:50:01Extracted src: https://fan3.206102.xyz/v2ray免费账号/
2026/3/11 16:49:56: C:\Users\Administrator\scoop\apps\nodejs24\current\node.exe
2026/3/11 16:50:01: parse_data() -> https://fan3.206102.xyz/v2ray免费账号/
2026/3/11 16:50:01: getting new Url ->  https://fan3.206102.xyz/v2ray免费账号/
2026/3/11 16:50:01: parse_data() -> https://fan3.206102.xyz/ss免费账号/
2026/3/11 17:52:03Extracted src: https://fan3.206102.xyz/v2ray免费账号/
2026/3/11 17:51:56: C:\Users\Administrator\scoop\apps\nodejs24\current\node.exe
2026/3/11 17:52:03: getting new Url ->  https://fan3.206102.xyz/v2ray免费账号/
2026/3/11 17:52:03: parse_data() -> https://fan3.206102.xyz/v2ray免费账号/
2026/3/11 17:52:03: parse_data() -> https://fan3.206102.xyz/ss免费账号/
2026/3/11 18:53:59Extracted src: https://fan3.206102.xyz/v2ray免费账号/
2026/3/11 18:53:56: C:\Users\Administrator\scoop\apps\nodejs24\current\node.exe
2026/3/11 18:53:59: getting new Url ->  https://fan3.206102.xyz/v2ray免费账号/
2026/3/11 18:53:59: parse_data() -> https://fan3.206102.xyz/v2ray免费账号/
2026/3/11 18:53:59: parse_data() -> https://fan3.206102.xyz/ss免费账号/
2026/3/11 22:28:06Extracted src: https://fan3.206102.xyz/v2ray免费账号/
2026/3/11 22:27:59: C:\Users\Administrator\scoop\apps\nodejs24\current\node.exe
2026/3/11 22:28:06: getting new Url ->  https://fan3.206102.xyz/v2ray免费账号/
2026/3/11 22:28:06: parse_data() -> https://fan3.206102.xyz/ss免费账号/
2026/3/11 22:28:06: parse_data() -> https://fan3.206102.xyz/v2ray免费账号/
2026/3/11 23:30:03 update_uri() -> Fetch error: AxiosError: Request failed with status code 502
2026/3/11 23:30:03: getting new Url ->  null
2026/3/11 23:29:58: C:\Users\Administrator\scoop\apps\nodejs24\current\node.exe
2026/3/11 23:30:03: parse_data() -> https://fan2.380227.xyz/ss%E5%85%8D%E8%B4%B9%E8%B4%A6%E5%8F%B7/
2026/3/11 23:30:03: parse_data() -> https://fan2.380227.xyz/ss%E5%85%8D%E8%B4%B9%E8%B4%A6%E5%8F%B7/
2026/3/11 23:30:08: parse.js -> Fetch error: AxiosError: Network Error
2026/3/12 00:32:04Extracted src: https://fan3.206102.xyz/v2ray免费账号/
2026/3/12 00:31:59: C:\Users\Administrator\scoop\apps\nodejs24\current\node.exe
2026/3/12 00:32:04: getting new Url ->  https://fan3.206102.xyz/v2ray免费账号/
2026/3/12 00:32:04: parse_data() -> https://fan3.206102.xyz/ss免费账号/
2026/3/12 00:32:04: parse_data() -> https://fan3.206102.xyz/v2ray免费账号/
2026/3/12 01:34:02Extracted src: https://fan3.206102.xyz/v2ray免费账号/
2026/3/12 01:33:57: C:\Users\Administrator\scoop\apps\nodejs24\current\node.exe
2026/3/12 01:34:02: parse_data() -> https://fan3.206102.xyz/v2ray免费账号/
2026/3/12 01:34:02: getting new Url ->  https://fan3.206102.xyz/v2ray免费账号/
2026/3/12 01:34:02: parse_data() -> https://fan3.206102.xyz/ss免费账号/
2026/3/12 09:49:06Extracted src: https://fan3.206102.xyz/v2ray免费账号/
2026/3/12 09:49:01: C:\Users\Administrator\scoop\apps\nodejs24\current\node.exe
2026/3/12 09:49:06: getting new Url ->  https://fan3.206102.xyz/v2ray免费账号/
2026/3/12 09:49:06: parse_data() -> https://fan3.206102.xyz/v2ray免费账号/
2026/3/12 09:49:06: parse_data() -> https://fan3.206102.xyz/ss免费账号/
2026/3/12 10:50:11Extracted src: https://fan3.206102.xyz/v2ray免费账号/
2026/3/12 10:50:07: C:\Users\Administrator\scoop\apps\nodejs24\current\node.exe
2026/3/12 10:50:11: getting new Url ->  https://fan3.206102.xyz/v2ray免费账号/
2026/3/12 10:50:11: parse_data() -> https://fan3.206102.xyz/ss免费账号/
2026/3/12 10:50:11: parse_data() -> https://fan3.206102.xyz/v2ray免费账号/
2026/3/12 11:51:11Extracted src: https://fan3.206102.xyz/v2ray免费账号/
2026/3/12 11:51:06: C:\Users\Administrator\scoop\apps\nodejs24\current\node.exe
2026/3/12 11:51:11: parse_data() -> https://fan3.206102.xyz/v2ray免费账号/
2026/3/12 11:51:11: parse_data() -> https://fan3.206102.xyz/ss免费账号/
2026/3/12 11:51:11: getting new Url ->  https://fan3.206102.xyz/v2ray免费账号/
2026/3/12 12:52:10Extracted src: https://fan3.206102.xyz/v2ray免费账号/
2026/3/12 12:52:06: C:\Users\Administrator\scoop\apps\nodejs24\current\node.exe
2026/3/12 12:52:10: getting new Url ->  https://fan3.206102.xyz/v2ray免费账号/
2026/3/12 12:52:10: parse_data() -> https://fan3.206102.xyz/v2ray免费账号/
2026/3/12 12:52:10: parse_data() -> https://fan3.206102.xyz/ss免费账号/
2026/3/12 13:53:12Extracted src: https://fan3.206102.xyz/v2ray免费账号/
2026/3/12 13:53:08: C:\Users\Administrator\scoop\apps\nodejs24\current\node.exe
2026/3/12 13:53:12: getting new Url ->  https://fan3.206102.xyz/v2ray免费账号/
2026/3/12 13:53:12: parse_data() -> https://fan3.206102.xyz/v2ray免费账号/
2026/3/12 13:53:12: parse_data() -> https://fan3.206102.xyz/ss免费账号/
2026/3/12 14:54:14Extracted src: https://fan3.206102.xyz/v2ray免费账号/
2026/3/12 14:54:14: parse_data() -> https://fan3.206102.xyz/v2ray免费账号/
2026/3/12 14:54:09: C:\Users\Administrator\scoop\apps\nodejs24\current\node.exe
2026/3/12 14:54:14: getting new Url ->  https://fan3.206102.xyz/v2ray免费账号/
2026/3/12 14:54:14: parse_data() -> https://fan3.206102.xyz/ss免费账号/
2026/3/12 17:57:11Extracted src: https://fan3.206102.xyz/v2ray免费账号/
2026/3/12 17:57:08: C:\Users\Administrator\scoop\apps\nodejs24\current\node.exe
2026/3/12 17:57:11: getting new Url ->  https://fan3.206102.xyz/v2ray免费账号/
2026/3/12 17:57:11: parse_data() -> https://fan3.206102.xyz/ss免费账号/
2026/3/12 17:57:11: parse_data() -> https://fan3.206102.xyz/v2ray免费账号/
2026/3/12 18:58:12Extracted src: https://fan3.206102.xyz/v2ray免费账号/
2026/3/12 18:58:09: C:\Users\Administrator\scoop\apps\nodejs24\current\node.exe
2026/3/12 18:58:12: getting new Url ->  https://fan3.206102.xyz/v2ray免费账号/
2026/3/12 18:58:12: parse_data() -> https://fan3.206102.xyz/ss免费账号/
2026/3/12 18:58:12: parse_data() -> https://fan3.206102.xyz/v2ray免费账号/
2026/3/12 21:00:10Extracted src: https://fan3.206102.xyz/v2ray免费账号/
2026/3/12 21:00:04: C:\Users\Administrator\scoop\apps\nodejs24\current\node.exe
2026/3/12 21:00:10: parse_data() -> https://fan3.206102.xyz/v2ray免费账号/
2026/3/12 21:00:10: getting new Url ->  https://fan3.206102.xyz/v2ray免费账号/
2026/3/12 21:00:10: parse_data() -> https://fan3.206102.xyz/ss免费账号/
2026/3/12 22:01:14 update_uri() -> Fetch error: AxiosError: Request failed with status code 502
2026/3/12 22:01:09: C:\Users\Administrator\scoop\apps\nodejs24\current\node.exe
2026/3/12 22:01:14: parse_data() -> https://fan2.380227.xyz/ss%E5%85%8D%E8%B4%B9%E8%B4%A6%E5%8F%B7/
2026/3/12 22:01:14: getting new Url ->  null
2026/3/12 22:01:14: parse_data() -> https://fan2.380227.xyz/ss%E5%85%8D%E8%B4%B9%E8%B4%A6%E5%8F%B7/
2026/3/12 22:01:14: parse.js -> Fetch error: AxiosError: Network Error
2026/3/12 22:17:36 update_uri() -> Fetch error: AxiosError: Request failed with status code 502
2026/3/12 22:17:31: C:\Users\Administrator\scoop\apps\nodejs24\current\node.exe
2026/3/12 22:17:36: parse_data() -> https://fan2.380227.xyz/ss%E5%85%8D%E8%B4%B9%E8%B4%A6%E5%8F%B7/
2026/3/12 22:17:36: parse_data() -> https://fan2.380227.xyz/ss%E5%85%8D%E8%B4%B9%E8%B4%A6%E5%8F%B7/
2026/3/12 22:17:36: getting new Url ->  null
2026/3/12 22:17:36: parse.js -> Fetch error: AxiosError: Network Error
2026/3/12 22:21:32Extracted src: https://fan3.206102.xyz/v2ray免费账号/
2026/3/12 22:21:27: C:\Users\Administrator\scoop\apps\nodejs24\current\node.exe
2026/3/12 22:21:32: parse_data() -> https://fan3.206102.xyz/v2ray免费账号/
2026/3/12 22:21:32: parse_data() -> https://fan3.206102.xyz/ss免费账号/
2026/3/12 22:21:32: getting new Url ->  https://fan3.206102.xyz/v2ray免费账号/
2026/3/12 23:22:13Extracted src: https://fan3.206102.xyz/v2ray免费账号/
2026/3/12 23:22:09: C:\Users\Administrator\scoop\apps\nodejs24\current\node.exe
2026/3/12 23:22:13: getting new Url ->  https://fan3.206102.xyz/v2ray免费账号/
2026/3/12 23:22:13: parse_data() -> https://fan3.206102.xyz/v2ray免费账号/
2026/3/12 23:22:13: parse_data() -> https://fan3.206102.xyz/ss免费账号/
2026/3/13 10:02:57 update_uri() -> Fetch error: AxiosError: Request failed with status code 502
2026/3/13 10:02:54: C:\Users\Administrator\scoop\apps\nodejs24\current\node.exe
2026/3/13 10:02:57: parse_data() -> https://fan2.380227.xyz/ss%E5%85%8D%E8%B4%B9%E8%B4%A6%E5%8F%B7/
2026/3/13 10:02:57: parse_data() -> https://fan2.380227.xyz/ss%E5%85%8D%E8%B4%B9%E8%B4%A6%E5%8F%B7/
2026/3/13 10:02:57: getting new Url ->  null
2026/3/13 10:03:09: parse.js -> Fetch error: AxiosError: Network Error
2026/3/13 10:03:27 update_uri() -> Fetch error: AxiosError: Request failed with status code 502
2026/3/13 10:03:24: C:\Users\Administrator\scoop\apps\nodejs24\current\node.exe
2026/3/13 10:03:27: parse_data() -> https://fan2.380227.xyz/ss%E5%85%8D%E8%B4%B9%E8%B4%A6%E5%8F%B7/
2026/3/13 10:03:27: getting new Url ->  null
2026/3/13 10:03:27: parse_data() -> https://fan2.380227.xyz/ss%E5%85%8D%E8%B4%B9%E8%B4%A6%E5%8F%B7/
2026/3/13 10:03:40: parse.js -> Fetch error: AxiosError: Network Error
2026/3/13 10:03:46 update_uri() -> Fetch error: AxiosError: Request failed with status code 502
2026/3/13 10:03:44: C:\Users\Administrator\scoop\apps\nodejs24\current\node.exe
2026/3/13 10:03:46: getting new Url ->  null
2026/3/13 10:03:46: parse_data() -> https://fan2.380227.xyz/ss%E5%85%8D%E8%B4%B9%E8%B4%A6%E5%8F%B7/
2026/3/13 10:03:46: parse_data() -> https://fan2.380227.xyz/ss%E5%85%8D%E8%B4%B9%E8%B4%A6%E5%8F%B7/
2026/3/13 10:03:59: parse.js -> Fetch error: AxiosError: Network Error
2026/3/13 10:04:12 update_uri() -> Fetch error: AxiosError: Request failed with status code 502
2026/3/13 10:04:09: C:\Users\Administrator\scoop\apps\nodejs24\current\node.exe
2026/3/13 10:04:12: parse_data() -> https://fan2.380227.xyz/ss%E5%85%8D%E8%B4%B9%E8%B4%A6%E5%8F%B7/
2026/3/13 10:04:12: getting new Url ->  null
2026/3/13 10:04:12: parse_data() -> https://fan2.380227.xyz/ss%E5%85%8D%E8%B4%B9%E8%B4%A6%E5%8F%B7/
2026/3/13 10:04:26: parse.js -> Fetch error: AxiosError: Network Error
2026/3/13 10:04:43Extracted src: https://fan3.206102.xyz/v2ray免费账号/
2026/3/13 10:04:40: C:\Users\Administrator\scoop\apps\nodejs24\current\node.exe
2026/3/13 10:04:43: getting new Url ->  https://fan3.206102.xyz/v2ray免费账号/
2026/3/13 10:04:43: parse_data() -> https://fan3.206102.xyz/v2ray免费账号/
2026/3/13 10:04:43: parse_data() -> https://fan3.206102.xyz/ss免费账号/
2026/3/13 11:04:54Extracted src: https://fan3.206102.xyz/v2ray免费账号/
2026/3/13 11:04:54: getting new Url ->  https://fan3.206102.xyz/v2ray免费账号/
2026/3/13 11:04:54: parse_data() -> https://fan3.206102.xyz/v2ray免费账号/
2026/3/13 11:04:51: C:\Users\Administrator\scoop\apps\nodejs24\current\node.exe
2026/3/13 11:04:54: parse_data() -> https://fan3.206102.xyz/ss免费账号/
2026/3/13 11:45:50Extracted src: https://fan3.206102.xyz/v2ray免费账号/
2026/3/13 11:45:46: C:\Users\Administrator\scoop\apps\nodejs24\current\node.exe
2026/3/13 11:45:50: getting new Url ->  https://fan3.206102.xyz/v2ray免费账号/
2026/3/13 11:45:50: parse_data() -> https://fan3.206102.xyz/v2ray免费账号/
2026/3/13 11:45:50: parse_data() -> https://fan3.206102.xyz/ss免费账号/
2026/3/13 12:46:53Extracted src: https://fan3.206102.xyz/v2ray免费账号/
2026/3/13 12:46:50: C:\Users\Administrator\scoop\apps\nodejs24\current\node.exe
2026/3/13 12:46:53: getting new Url ->  https://fan3.206102.xyz/v2ray免费账号/
2026/3/13 12:46:53: parse_data() -> https://fan3.206102.xyz/v2ray免费账号/
2026/3/13 12:46:53: parse_data() -> https://fan3.206102.xyz/ss免费账号/
2026/3/13 12:53:15Extracted src: https://fan3.206102.xyz/v2ray免费账号/
2026/3/13 12:53:13: C:\Users\Administrator\scoop\apps\nodejs24\current\node.exe
2026/3/13 12:53:15: parse_data() -> https://fan3.206102.xyz/v2ray免费账号/
2026/3/13 12:53:15: getting new Url ->  https://fan3.206102.xyz/v2ray免费账号/
2026/3/13 12:53:15: parse_data() -> https://fan3.206102.xyz/ss免费账号/
2026/3/13 12:57:32Extracted src: https://fan3.206102.xyz/v2ray免费账号/
2026/3/13 12:57:29: C:\Users\Administrator\scoop\apps\nodejs24\current\node.exe
2026/3/13 12:57:32: getting new Url ->  https://fan3.206102.xyz/v2ray免费账号/
2026/3/13 12:57:32: parse_data() -> https://fan3.206102.xyz/ss免费账号/
2026/3/13 12:57:32: parse_data() -> https://fan3.206102.xyz/v2ray免费账号/
2026/3/13 12:59:48Extracted src: https://fan3.206102.xyz/v2ray免费账号/
2026/3/13 12:59:44: C:\Users\Administrator\scoop\apps\nodejs24\current\node.exe
2026/3/13 12:59:48: getting new Url ->  https://fan3.206102.xyz/v2ray免费账号/
2026/3/13 12:59:48: parse_data() -> https://fan3.206102.xyz/v2ray免费账号/
2026/3/13 12:59:48: parse_data() -> https://fan3.206102.xyz/ss免费账号/
2026/3/13 13:00:33Extracted src: https://fan3.206102.xyz/v2ray免费账号/
2026/3/13 13:00:29: C:\Users\Administrator\scoop\apps\nodejs24\current\node.exe
2026/3/13 13:00:33: getting new Url ->  https://fan3.206102.xyz/v2ray免费账号/
2026/3/13 13:00:33: parse_data() -> https://fan3.206102.xyz/v2ray免费账号/
2026/3/13 13:00:33: parse_data() -> https://fan3.206102.xyz/ss免费账号/
2026/3/13 13:01:48Extracted src: https://fan3.206102.xyz/v2ray免费账号/
2026/3/13 13:01:45: C:\Users\Administrator\scoop\apps\nodejs24\current\node.exe
2026/3/13 13:01:48: getting new Url ->  https://fan3.206102.xyz/v2ray免费账号/
2026/3/13 13:01:48: parse_data() -> https://fan3.206102.xyz/v2ray免费账号/
2026/3/13 13:01:48: parse_data() -> https://fan3.206102.xyz/ss免费账号/
2026/3/13 13:06:26Extracted src: https://fan3.206102.xyz/v2ray免费账号/
2026/3/13 13:06:22: C:\Users\Administrator\scoop\apps\nodejs24\current\node.exe
2026/3/13 13:06:26: getting new Url ->  https://fan3.206102.xyz/v2ray免费账号/
2026/3/13 13:06:26: parse_data() -> https://fan3.206102.xyz/v2ray免费账号/
2026/3/13 13:06:26: parse_data() -> https://fan3.206102.xyz/ss免费账号/
2026/3/13 13:47:54Extracted src: https://fan3.206102.xyz/v2ray免费账号/
2026/3/13 13:47:50: C:\Users\Administrator\scoop\apps\nodejs24\current\node.exe
2026/3/13 13:47:54: getting new Url ->  https://fan3.206102.xyz/v2ray免费账号/
2026/3/13 13:47:54: parse_data() -> https://fan3.206102.xyz/ss免费账号/
2026/3/13 13:47:54: parse_data() -> https://fan3.206102.xyz/v2ray免费账号/
2026/3/13 14:19:16: 
2026/3/13 14:19:16: parse_data() -> https://fan2.380227.xyz/ss%E5%85%8D%E8%B4%B9%E8%B4%A6%E5%8F%B7/
2026/3/13 14:19:16: parse_data() -> https://fan2.380227.xyz/ss%E5%85%8D%E8%B4%B9%E8%B4%A6%E5%8F%B7/
2026/3/13 14:19:16: parse.js -> Fetch error: AxiosError: Request failed with status code 502
2026/3/13 14:20:10: 
2026/3/13 14:20:10: parse_data() -> https://fan2.380227.xyz/ss%E5%85%8D%E8%B4%B9%E8%B4%A6%E5%8F%B7/
2026/3/13 14:20:10: parse_data() -> https://fan2.380227.xyz/ss%E5%85%8D%E8%B4%B9%E8%B4%A6%E5%8F%B7/
2026/3/13 14:20:11: parse.js -> Fetch error: AxiosError: Request failed with status code 502
2026/3/13 14:21:50Extracted src: https://fan3.206102.xyz/v2ray免费账号/
2026/3/13 14:21:47: C:\Users\Administrator\scoop\apps\nodejs24\current\node.exe
2026/3/13 14:21:50: parse_data() -> https://fan3.206102.xyz/v2ray免费账号/
2026/3/13 14:21:50: getting new Url ->  https://fan3.206102.xyz/v2ray免费账号/
2026/3/13 14:21:50: parse_data() -> https://fan3.206102.xyz/ss免费账号/
2026/3/13 14:27:59: nodePaths found in: [object Object],[object Object]
2026/3/13 14:27:59: 
2026/3/13 14:27:59: parse_data() -> https://fan2.380227.xyz/ss%E5%85%8D%E8%B4%B9%E8%B4%A6%E5%8F%B7/
2026/3/13 14:27:59: parse_data() -> https://fan2.380227.xyz/ss%E5%85%8D%E8%B4%B9%E8%B4%A6%E5%8F%B7/
2026/3/13 14:28:00: parse.js -> Fetch error: AxiosError: Request failed with status code 502
2026/3/13 14:29:05: nodePaths found in: [{"path":"C:\\msys64\\ucrt64\\bin\\node","osName":"MINGW32_NT-10.0","error":null},{"path":"C:\\msys64\\ucrt64\\bin\\node.exe","osName":"MINGW32_NT-10.0","error":null}]
2026/3/13 14:29:05: 
2026/3/13 14:29:05: parse_data() -> https://fan2.380227.xyz/ss%E5%85%8D%E8%B4%B9%E8%B4%A6%E5%8F%B7/
2026/3/13 14:29:05: parse_data() -> https://fan2.380227.xyz/ss%E5%85%8D%E8%B4%B9%E8%B4%A6%E5%8F%B7/
2026/3/13 14:29:06: parse.js -> Fetch error: AxiosError: Request failed with status code 502
2026/3/13 14:38:16Extracted src: https://fan3.206102.xyz/v2ray免费账号/
2026/3/13 14:38:13: nodePaths found in: [{"path":"C:\\Users\\Administrator\\scoop\\apps\\nodejs24\\current\\node.exe","osName":"Windows_NT","error":null},{"path":"C:\\msys64\\ucrt64\\bin\\node","osName":"MINGW32_NT-10.0","error":null},{"path":"C:\\msys64\\ucrt64\\bin\\node.exe","osName":"MINGW32_NT-10.0","error":null}]
2026/3/13 14:38:13: C:\Users\Administrator\scoop\apps\nodejs24\current\node.exe
2026/3/13 14:38:16: getting new Url ->  https://fan3.206102.xyz/v2ray免费账号/
2026/3/13 14:38:16: parse_data() -> https://fan3.206102.xyz/ss免费账号/
2026/3/13 14:38:16: parse_data() -> https://fan3.206102.xyz/v2ray免费账号/
2026/3/13 14:39:28Extracted src: https://fan3.206102.xyz/v2ray免费账号/
2026/3/13 14:39:24: nodePaths found in: [{"path":"C:\\Users\\Administrator\\scoop\\apps\\nodejs24\\current\\node.exe","osName":"Windows_NT","error":null},{"path":"C:\\msys64\\ucrt64\\bin\\node","osName":"MINGW32_NT-10.0","error":null},{"path":"C:\\msys64\\ucrt64\\bin\\node.exe","osName":"MINGW32_NT-10.0","error":null}]
2026/3/13 14:39:28: getting new Url ->  https://fan3.206102.xyz/v2ray免费账号/
2026/3/13 14:39:28: parse_data() -> https://fan3.206102.xyz/v2ray免费账号/
2026/3/13 14:39:24: C:\Users\Administrator\scoop\apps\nodejs24\current\node.exe
2026/3/13 14:39:28: parse_data() -> https://fan3.206102.xyz/ss免费账号/
2026/3/13 14:40:50 update_uri() -> Fetch error: AxiosError: Request failed with status code 502
2026/3/13 14:40:45: nodePaths found in: [{"path":"C:\\Users\\Administrator\\scoop\\apps\\nodejs24\\current\\node.exe","osName":"Windows_NT","error":null},{"path":"C:\\msys64\\ucrt64\\bin\\node","osName":"MINGW32_NT-10.0","error":null},{"path":"C:\\msys64\\ucrt64\\bin\\node.exe","osName":"MINGW32_NT-10.0","error":null}]
2026/3/13 14:40:45: C:\Users\Administrator\scoop\apps\nodejs24\current\node.exe
2026/3/13 14:40:50: parse_data() -> https://fan3.206102.xyz/ss%E5%85%8D%E8%B4%B9%E8%B4%A6%E5%8F%B7/
2026/3/13 14:40:50: getting new Url ->  null
2026/3/13 14:40:50: parse_data() -> https://fan3.206102.xyz/ss%E5%85%8D%E8%B4%B9%E8%B4%A6%E5%8F%B7/
2026/3/13 14:40:56: parse.js -> Fetch error: Error: Client network socket disconnected before secure TLS connection was established
2026/3/13 14:41:14 update_uri() -> Fetch error: AxiosError: Request failed with status code 502
2026/3/13 14:41:08: nodePaths found in: [{"path":"C:\\Users\\Administrator\\scoop\\apps\\nodejs24\\current\\node.exe","osName":"Windows_NT","error":null},{"path":"C:\\msys64\\ucrt64\\bin\\node","osName":"MINGW32_NT-10.0","error":null},{"path":"C:\\msys64\\ucrt64\\bin\\node.exe","osName":"MINGW32_NT-10.0","error":null}]
2026/3/13 14:41:08: C:\Users\Administrator\scoop\apps\nodejs24\current\node.exe
2026/3/13 14:41:14: parse_data() -> https://fan3.206102.xyz/ss%E5%85%8D%E8%B4%B9%E8%B4%A6%E5%8F%B7/
2026/3/13 14:41:14: getting new Url ->  null
2026/3/13 14:41:14: parse_data() -> https://fan3.206102.xyz/ss%E5%85%8D%E8%B4%B9%E8%B4%A6%E5%8F%B7/
2026/3/13 14:41:19: parse.js -> Fetch error: Error: Client network socket disconnected before secure TLS connection was established
2026/3/13 14:42:35 update_uri() -> Fetch error: AxiosError: Request failed with status code 502
2026/3/13 14:42:45 update_uri() -> Fetch error: AxiosError: Request failed with status code 502
2026/3/13 14:45:54Extracted src: https://fan3.206102.xyz/v2ray免费账号/
2026/3/13 14:45:45: nodePaths found in: [{"path":"C:\\Users\\Administrator\\scoop\\apps\\nodejs24\\current\\node.exe","osName":"Windows_NT","error":null},{"path":"C:\\msys64\\ucrt64\\bin\\node","osName":"MINGW32_NT-10.0","error":null},{"path":"C:\\msys64\\ucrt64\\bin\\node.exe","osName":"MINGW32_NT-10.0","error":null}]
2026/3/13 14:45:54: getting new Url ->  https://fan3.206102.xyz/v2ray免费账号/
2026/3/13 14:45:45: C:\Users\Administrator\scoop\apps\nodejs24\current\node.exe
2026/3/13 14:45:54: parse_data() -> https://fan3.206102.xyz/v2ray免费账号/
2026/3/13 14:45:54: parse_data() -> https://fan3.206102.xyz/ss免费账号/
2026/3/13 14:48:58Extracted src: https://fan3.206102.xyz/v2ray免费账号/
2026/3/13 14:48:50: C:\Users\Administrator\scoop\apps\nodejs24\current\node.exe
2026/3/13 14:48:58: getting new Url ->  https://fan3.206102.xyz/v2ray免费账号/
2026/3/13 14:48:58: parse_data() -> https://fan3.206102.xyz/ss免费账号/
2026/3/13 14:48:58: parse_data() -> https://fan3.206102.xyz/v2ray免费账号/
2026/3/13 21:47:43 update_uri() -> Fetch error: AxiosError: Request failed with status code 502
2026/3/13 21:47:42: nodePaths found in: [{"path":"C:\\Users\\Administrator\\scoop\\apps\\nodejs24\\current\\node.exe","osName":"Windows_NT","error":null},{"path":"C:\\msys64\\ucrt64\\bin\\node","osName":"MINGW32_NT-10.0","error":null},{"path":"C:\\msys64\\ucrt64\\bin\\node.exe","osName":"MINGW32_NT-10.0","error":null}]
2026/3/13 21:47:42: C:\Users\Administrator\scoop\apps\nodejs24\current\node.exe
2026/3/13 21:47:43: getting new Url ->  null
2026/3/13 21:47:43: parse_data() -> https://fan3.206102.xyz/ss%E5%85%8D%E8%B4%B9%E8%B4%A6%E5%8F%B7/
2026/3/13 21:47:43: parse_data() -> https://fan3.206102.xyz/ss%E5%85%8D%E8%B4%B9%E8%B4%A6%E5%8F%B7/
2026/3/13 21:47:43: parse.js -> Fetch error: AxiosError: Network Error
2026/3/13 21:59:35 update_uri() -> Fetch error: AxiosError: Request failed with status code 502
2026/3/13 21:59:35: C:\Users\Administrator\scoop\apps\nodejs24\current\node.exe
2026/3/13 21:59:35: nodePaths found in: [{"path":"C:\\Users\\Administrator\\scoop\\apps\\nodejs24\\current\\node.exe","osName":"Windows_NT","error":null},{"path":"C:\\msys64\\ucrt64\\bin\\node","osName":"MINGW32_NT-10.0","error":null},{"path":"C:\\msys64\\ucrt64\\bin\\node.exe","osName":"MINGW32_NT-10.0","error":null}]
2026/3/13 21:59:35: parse_data() -> https://fan3.206102.xyz/ss%E5%85%8D%E8%B4%B9%E8%B4%A6%E5%8F%B7/
2026/3/13 21:59:35: parse_data() -> https://fan3.206102.xyz/ss%E5%85%8D%E8%B4%B9%E8%B4%A6%E5%8F%B7/
2026/3/13 21:59:35: getting new Url ->  null
2026/3/13 21:59:35: parse.js -> Fetch error: AxiosError: Network Error
2026/3/13 23:17:41Extracted src: https://fan3.206102.xyz/v2ray免费账号/
2026/3/13 23:17:37: C:\Users\Administrator\scoop\apps\nodejs24\current\node.exe
2026/3/13 23:17:37: nodePaths found in: [{"path":"C:\\Users\\Administrator\\scoop\\apps\\nodejs24\\current\\node.exe","osName":"Windows_NT","error":null},{"path":"C:\\msys64\\ucrt64\\bin\\node","osName":"MINGW32_NT-10.0","error":null},{"path":"C:\\msys64\\ucrt64\\bin\\node.exe","osName":"MINGW32_NT-10.0","error":null}]
2026/3/13 23:17:41: parse_data() -> https://fan3.206102.xyz/ss免费账号/
2026/3/13 23:17:41: getting new Url ->  https://fan3.206102.xyz/v2ray免费账号/
2026/3/13 23:17:41: parse_data() -> https://fan3.206102.xyz/v2ray免费账号/
2026/3/14 10:25:08Extracted src: https://fan3.206102.xyz/v2ray免费账号/
2026/3/14 10:25:08: getting new Url ->  https://fan3.206102.xyz/v2ray免费账号/
2026/3/14 10:25:08: parse_data() -> https://fan3.206102.xyz/v2ray免费账号/
2026/3/14 10:25:08: parse_data() -> https://fan3.206102.xyz/ss免费账号/
2026/3/14 10:46:47Extracted src: https://fan3.206102.xyz/v2ray免费账号/
2026/3/14 10:46:47: getting new Url ->  https://fan3.206102.xyz/v2ray免费账号/
2026/3/14 10:46:47: parse_data() -> https://fan3.206102.xyz/v2ray免费账号/
2026/3/14 10:46:47: parse_data() -> https://fan3.206102.xyz/ss免费账号/
2026/3/14 11:59:13 update_uri() -> Fetch error: AxiosError: Request failed with status code 502
2026/3/14 11:59:13: getting new Url ->  null
2026/3/14 11:59:13: parse_data() -> https://fan3.206102.xyz/ss%E5%85%8D%E8%B4%B9%E8%B4%A6%E5%8F%B7/
2026/3/14 11:59:13: parse_data() -> https://fan3.206102.xyz/ss%E5%85%8D%E8%B4%B9%E8%B4%A6%E5%8F%B7/
2026/3/14 12:00:39Extracted src: https://fan3.206102.xyz/v2ray免费账号/
2026/3/14 12:00:39: getting new Url ->  https://fan3.206102.xyz/v2ray免费账号/
2026/3/14 12:00:39: parse_data() -> https://fan3.206102.xyz/v2ray免费账号/
2026/3/14 12:00:39: parse_data() -> https://fan3.206102.xyz/ss免费账号/
2026/3/14 12:10:13Extracted src: https://fan3.206102.xyz/v2ray免费账号/
2026/3/14 12:10:13: getting new Url ->  https://fan3.206102.xyz/v2ray免费账号/
2026/3/14 12:10:13: parse_data() -> https://fan3.206102.xyz/v2ray免费账号/
2026/3/14 12:10:13: parse_data() -> https://fan3.206102.xyz/ss免费账号/
2026/3/14 12:28:25Extracted src: https://fan3.206102.xyz/v2ray免费账号/
2026/3/14 12:28:25: getting new Url ->  https://fan3.206102.xyz/v2ray免费账号/
2026/3/14 12:28:25: parse_data() -> https://fan3.206102.xyz/v2ray免费账号/
2026/3/14 12:28:25: parse_data() -> https://fan3.206102.xyz/ss免费账号/
2026/3/14 12:30:06Extracted src: https://fan3.206102.xyz/v2ray免费账号/
2026/3/14 12:30:06: getting new Url ->  https://fan3.206102.xyz/v2ray免费账号/
2026/3/14 12:30:06: parse_data() -> https://fan3.206102.xyz/ss免费账号/
2026/3/14 12:30:06: parse_data() -> https://fan3.206102.xyz/v2ray免费账号/
2026/3/14 12:50:10Extracted src: https://fan3.206102.xyz/v2ray免费账号/
2026/3/14 12:50:10: getting new Url ->  https://fan3.206102.xyz/v2ray免费账号/
2026/3/14 12:50:10: parse_data() -> https://fan3.206102.xyz/v2ray免费账号/
2026/3/14 12:50:10: parse_data() -> https://fan3.206102.xyz/ss免费账号/
2026/3/14 12:59:06Extracted src: https://fan3.206102.xyz/v2ray免费账号/
2026/3/14 12:59:06: getting new Url ->  https://fan3.206102.xyz/v2ray免费账号/
2026/3/14 12:59:06: parse_data() -> https://fan3.206102.xyz/v2ray免费账号/
2026/3/14 12:59:06: parse_data() -> https://fan3.206102.xyz/ss免费账号/
2026/3/14 13:00:05Extracted src: https://fan3.206102.xyz/v2ray免费账号/
2026/3/14 13:00:05: getting new Url ->  https://fan3.206102.xyz/v2ray免费账号/
2026/3/14 13:00:05: parse_data() -> https://fan3.206102.xyz/ss免费账号/
2026/3/14 13:00:05: parse_data() -> https://fan3.206102.xyz/v2ray免费账号/
2026/3/14 13:43:55Extracted src: https://fan3.206102.xyz/v2ray免费账号/
2026/3/14 13:43:55: getting new Url ->  https://fan3.206102.xyz/v2ray免费账号/
2026/3/14 13:43:55: parse_data() -> https://fan3.206102.xyz/v2ray免费账号/
2026/3/14 13:43:55: parse_data() -> https://fan3.206102.xyz/ss免费账号/
2026/3/14 14:01:39 update_uri() -> Fetch error: AxiosError: Request failed with status code 502
2026/3/14 14:01:39: getting new Url ->  null
2026/3/14 14:01:39: parse_data() -> https://fan3.206102.xyz/ss%E5%85%8D%E8%B4%B9%E8%B4%A6%E5%8F%B7/
2026/3/14 14:01:39: parse_data() -> https://fan3.206102.xyz/ss%E5%85%8D%E8%B4%B9%E8%B4%A6%E5%8F%B7/
2026/3/14 15:32:04: parse_data() -> https://fan3.206102.xyz/ss%E5%85%8D%E8%B4%B9%E8%B4%A6%E5%8F%B7/
2026/3/14 15:32:05: parse_data() -> https://fan3.206102.xyz/ss%E5%85%8D%E8%B4%B9%E8%B4%A6%E5%8F%B7/
2026/3/14 15:32:05: parse.js -> Fetch error: AxiosError: Network Error
2026/3/14 15:35:28 update_uri() -> Fetch error: AxiosError: Request failed with status code 502
2026/3/14 15:35:28: nodePaths found in: [{"path":"C:\\Users\\Administrator\\scoop\\apps\\nodejs24\\current\\node.exe","osName":"Windows_NT","error":null},{"path":"C:\\msys64\\ucrt64\\bin\\node","osName":"MINGW32_NT-10.0","error":null},{"path":"C:\\msys64\\ucrt64\\bin\\node.exe","osName":"MINGW32_NT-10.0","error":null}]
2026/3/14 15:35:28: C:\Users\Administrator\scoop\apps\nodejs24\current\node.exe
2026/3/14 15:35:28: parse_data() -> 正在从https://s3.dualstack.us-west-2.amazonaws.com/zhifan2/v2ray.html获取最新的url...
null
2026/3/14 15:35:28: getting new Url ->  正在从https://s3.dualstack.us-west-2.amazonaws.com/zhifan2/v2ray.html获取最新的url...
null
2026/3/14 15:35:28: parse.js -> Fetch error: AxiosError: Network Error
2026/3/14 15:35:28: parse_data() -> 正在从https://s3.dualstack.us-west-2.amazonaws.com/zhifan2/ss.html获取最新的url...
null
2026/3/14 15:40:16 update_uri() -> Fetch error: AxiosError: Request failed with status code 502
2026/3/14 16:36:51 update_uri() -> Fetch error: AxiosError: Request failed with status code 502
2026/3/14 16:36:41: nodePaths found in: [{"path":"C:\\Users\\Administrator\\scoop\\apps\\nodejs24\\current\\node.exe","osName":"Windows_NT","error":null},{"path":"C:\\msys64\\ucrt64\\bin\\node","osName":"MINGW32_NT-10.0","error":null},{"path":"C:\\msys64\\ucrt64\\bin\\node.exe","osName":"MINGW32_NT-10.0","error":null}]
2026/3/14 16:36:41: C:\Users\Administrator\scoop\apps\nodejs24\current\node.exe
2026/3/14 16:36:51: getting new Url ->  正在从https://s3.dualstack.us-west-2.amazonaws.com/zhifan2/v2ray.html获取最新的url...

null
2026/3/14 16:36:51: parse_data() -> 正在从https://s3.dualstack.us-west-2.amazonaws.com/zhifan2/v2ray.html获取最新的url...

null
2026/3/14 16:36:51: parse_data() -> 正在从https://s3.dualstack.us-west-2.amazonaws.com/zhifan2/ss.html获取最新的url...

null
2026/3/14 16:36:51: parse.js -> Fetch error: AxiosError: Network Error
2026/3/14 16:37:25Extracted src: https://fan3.206102.xyz/v2ray免费账号/
2026/3/14 16:36:54: C:\Users\Administrator\scoop\apps\nodejs24\current\node.exe
2026/3/14 16:36:54: nodePaths found in: [{"path":"C:\\Users\\Administrator\\scoop\\apps\\nodejs24\\current\\node.exe","osName":"Windows_NT","error":null},{"path":"C:\\msys64\\ucrt64\\bin\\node","osName":"MINGW32_NT-10.0","error":null},{"path":"C:\\msys64\\ucrt64\\bin\\node.exe","osName":"MINGW32_NT-10.0","error":null}]
2026/3/14 16:37:25: getting new Url ->  正在从https://s3.dualstack.us-west-2.amazonaws.com/zhifan2/v2ray.html获取最新的url...

https://fan3.206102.xyz/v2ray免费账号/
2026/3/14 16:37:25: parse_data() -> 正在从https://s3.dualstack.us-west-2.amazonaws.com/zhifan2/v2ray.html获取最新的url...

https://fan3.206102.xyz/v2ray免费账号/
2026/3/14 16:37:25: parse_data() -> 正在从https://s3.dualstack.us-west-2.amazonaws.com/zhifan2/ss.html获取最新的url...

https://fan3.206102.xyz/v2ray免费账号/
2026/3/14 16:37:25: parse.js -> Fetch error: AxiosError: Network Error
2026/3/14 16:50:20Extracted src: https://fan3.206102.xyz/v2ray免费账号/
2026/3/14 16:50:36Extracted src: https://fan3.206102.xyz/v2ray免费账号/
2026/3/14 16:50:32: nodePaths found in: [{"path":"C:\\Users\\Administrator\\scoop\\apps\\nodejs24\\current\\node.exe","osName":"Windows_NT","error":null},{"path":"C:\\msys64\\ucrt64\\bin\\node","osName":"MINGW32_NT-10.0","error":null},{"path":"C:\\msys64\\ucrt64\\bin\\node.exe","osName":"MINGW32_NT-10.0","error":null}]
2026/3/14 16:50:32: C:\Users\Administrator\scoop\apps\nodejs24\current\node.exe
2026/3/14 16:50:36: parse_data() -> 正在从https://s3.dualstack.us-west-2.amazonaws.com/zhifan2/v2ray.html获取最新的url...

https://fan3.206102.xyz/v2ray免费账号/
2026/3/14 16:50:36: parse_data() -> 正在从https://s3.dualstack.us-west-2.amazonaws.com/zhifan2/ss.html获取最新的url...

https://fan3.206102.xyz/v2ray免费账号/
2026/3/14 16:50:36: parse.js -> Fetch error: AxiosError: Network Error
2026/3/14 16:50:36: getting new Url ->  正在从https://s3.dualstack.us-west-2.amazonaws.com/zhifan2/v2ray.html获取最新的url...

https://fan3.206102.xyz/v2ray免费账号/
2026/3/14 17:37:21Extracted src: https://fan3.206102.xyz/v2ray免费账号/
2026/3/14 17:37:11: C:\Users\Administrator\scoop\apps\nodejs24\current\node.exe
2026/3/14 17:37:11: nodePaths found in: [{"path":"C:\\Users\\Administrator\\scoop\\apps\\nodejs24\\current\\node.exe","osName":"Windows_NT","error":null},{"path":"C:\\msys64\\ucrt64\\bin\\node","osName":"MINGW32_NT-10.0","error":null},{"path":"C:\\msys64\\ucrt64\\bin\\node.exe","osName":"MINGW32_NT-10.0","error":null}]
2026/3/14 17:37:21: getting new Url ->  正在从https://s3.dualstack.us-west-2.amazonaws.com/zhifan2/v2ray.html获取最新的url...

https://fan3.206102.xyz/v2ray免费账号/
2026/3/14 17:37:21: parse_data() -> 正在从https://s3.dualstack.us-west-2.amazonaws.com/zhifan2/v2ray.html获取最新的url...

https://fan3.206102.xyz/v2ray免费账号/
2026/3/14 17:37:21: parse_data() -> 正在从https://s3.dualstack.us-west-2.amazonaws.com/zhifan2/ss.html获取最新的url...

https://fan3.206102.xyz/v2ray免费账号/
2026/3/14 17:37:21: parse.js -> Fetch error: AxiosError: Network Error
2026/3/14 17:46:54Extracted src: https://fan3.206102.xyz/v2ray免费账号/
2026/3/14 17:46:52: nodePaths found in: [{"path":"C:\\Users\\Administrator\\scoop\\apps\\nodejs24\\current\\node.exe","osName":"Windows_NT","error":null},{"path":"C:\\msys64\\ucrt64\\bin\\node","osName":"MINGW32_NT-10.0","error":null},{"path":"C:\\msys64\\ucrt64\\bin\\node.exe","osName":"MINGW32_NT-10.0","error":null}]
2026/3/14 17:46:54: getting new Url ->  正在从https://s3.dualstack.us-west-2.amazonaws.com/zhifan2/v2ray.html获取最新的url...

https://fan3.206102.xyz/v2ray免费账号/
2026/3/14 17:46:52: C:\Users\Administrator\scoop\apps\nodejs24\current\node.exe
2026/3/14 17:46:54: parse_data() -> 正在从https://s3.dualstack.us-west-2.amazonaws.com/zhifan2/v2ray.html获取最新的url...

https://fan3.206102.xyz/v2ray免费账号/
2026/3/14 17:46:54: parse_data() -> 正在从https://s3.dualstack.us-west-2.amazonaws.com/zhifan2/ss.html获取最新的url...

https://fan3.206102.xyz/v2ray免费账号/
2026/3/14 17:46:54: parse.js -> Fetch error: TypeError: Invalid URL
2026/3/14 17:53:00Extracted src: https://fan3.206102.xyz/v2ray免费账号/
2026/3/14 17:52:46: nodePaths found in: [{"path":"C:\\Users\\Administrator\\scoop\\apps\\nodejs24\\current\\node.exe","osName":"Windows_NT","error":null},{"path":"C:\\msys64\\ucrt64\\bin\\node","osName":"MINGW32_NT-10.0","error":null},{"path":"C:\\msys64\\ucrt64\\bin\\node.exe","osName":"MINGW32_NT-10.0","error":null}]
2026/3/14 17:52:46: C:\Users\Administrator\scoop\apps\nodejs24\current\node.exe
2026/3/14 17:53:00: getting new Url ->  https://fan3.206102.xyz/v2ray免费账号/
2026/3/14 17:53:00: parse_data() -> https://fan3.206102.xyz/v2ray免费账号/
2026/3/14 17:53:00: parse_data() -> https://fan3.206102.xyz/ss免费账号/
2026/3/14 18:06:17 update_uri() -> Fetch error: AxiosError: Request failed with status code 502
2026/3/14 18:06:12: nodePaths found in: [{"path":"C:\\Users\\Administrator\\scoop\\apps\\nodejs24\\current\\node.exe","osName":"Windows_NT","error":null},{"path":"C:\\msys64\\ucrt64\\bin\\node","osName":"MINGW32_NT-10.0","error":null},{"path":"C:\\msys64\\ucrt64\\bin\\node.exe","osName":"MINGW32_NT-10.0","error":null}]
2026/3/14 18:06:17: getting new Url ->  null
2026/3/14 18:06:12: C:\Users\Administrator\scoop\apps\nodejs24\current\node.exe
2026/3/14 18:06:17: parse_data() -> https://fan3.206102.xyz/ss%E5%85%8D%E8%B4%B9%E8%B4%A6%E5%8F%B7/
2026/3/14 18:06:17: parse_data() -> https://fan3.206102.xyz/ss%E5%85%8D%E8%B4%B9%E8%B4%A6%E5%8F%B7/
2026/3/14 18:37:09 update_uri() -> Fetch error: AxiosError: Request failed with status code 502
2026/3/14 18:37:04: nodePaths found in: [{"path":"C:\\Users\\Administrator\\scoop\\apps\\nodejs24\\current\\node.exe","osName":"Windows_NT","error":null},{"path":"C:\\msys64\\ucrt64\\bin\\node","osName":"MINGW32_NT-10.0","error":null},{"path":"C:\\msys64\\ucrt64\\bin\\node.exe","osName":"MINGW32_NT-10.0","error":null}]
2026/3/14 18:37:09: getting new Url ->  null
2026/3/14 18:37:04: C:\Users\Administrator\scoop\apps\nodejs24\current\node.exe
2026/3/14 18:37:09: parse_data() -> https://fan3.206102.xyz/ss%E5%85%8D%E8%B4%B9%E8%B4%A6%E5%8F%B7/
2026/3/14 18:37:09: parse_data() -> https://fan3.206102.xyz/ss%E5%85%8D%E8%B4%B9%E8%B4%A6%E5%8F%B7/
2026/3/14 18:38:32Extracted src: https://fan3.206102.xyz/v2ray免费账号/
2026/3/14 18:38:22: nodePaths found in: [{"path":"C:\\Users\\Administrator\\scoop\\apps\\nodejs24\\current\\node.exe","osName":"Windows_NT","error":null},{"path":"C:\\msys64\\ucrt64\\bin\\node","osName":"MINGW32_NT-10.0","error":null},{"path":"C:\\msys64\\ucrt64\\bin\\node.exe","osName":"MINGW32_NT-10.0","error":null}]
2026/3/14 18:38:22: C:\Users\Administrator\scoop\apps\nodejs24\current\node.exe
2026/3/14 18:38:32: getting new Url ->  https://fan3.206102.xyz/v2ray免费账号/
2026/3/14 18:38:32: parse_data() -> https://fan3.206102.xyz/ss免费账号/
2026/3/14 18:38:32: parse_data() -> https://fan3.206102.xyz/v2ray免费账号/
2026/3/14 18:41:18Extracted src: https://fan3.206102.xyz/v2ray免费账号/
2026/3/14 18:41:10: nodePaths found in: [{"path":"C:\\Users\\Administrator\\scoop\\apps\\nodejs24\\current\\node.exe","osName":"Windows_NT","error":null},{"path":"C:\\msys64\\ucrt64\\bin\\node","osName":"MINGW32_NT-10.0","error":null},{"path":"C:\\msys64\\ucrt64\\bin\\node.exe","osName":"MINGW32_NT-10.0","error":null}]
2026/3/14 18:41:18: getting new Url ->  https://fan3.206102.xyz/v2ray免费账号/
2026/3/14 18:41:10: C:\Users\Administrator\scoop\apps\nodejs24\current\node.exe
2026/3/14 18:41:18: parse_data() -> https://fan3.206102.xyz/v2ray免费账号/
2026/3/14 18:41:18: parse_data() -> https://fan3.206102.xyz/ss免费账号/
2026/3/14 19:02:28 update_uri() -> Fetch error: AxiosError: Request failed with status code 502
2026/3/14 19:02:23: nodePaths found in: [{"path":"C:\\Users\\Administrator\\scoop\\apps\\nodejs24\\current\\node.exe","osName":"Windows_NT","error":null},{"path":"C:\\msys64\\ucrt64\\bin\\node","osName":"MINGW32_NT-10.0","error":null},{"path":"C:\\msys64\\ucrt64\\bin\\node.exe","osName":"MINGW32_NT-10.0","error":null}]
2026/3/14 19:02:28: getting new Url ->  null
2026/3/14 19:02:28: parse_data() -> https://fan3.206102.xyz/ss%E5%85%8D%E8%B4%B9%E8%B4%A6%E5%8F%B7/
2026/3/14 19:02:23: C:\Users\Administrator\scoop\apps\nodejs24\current\node.exe
2026/3/14 19:02:28: parse_data() -> https://fan3.206102.xyz/ss%E5%85%8D%E8%B4%B9%E8%B4%A6%E5%8F%B7/
2026/3/14 19:06:12 update_uri() -> Fetch error: AxiosError: Request failed with status code 502
2026/3/14 19:09:27 update_uri() -> Fetch error: AxiosError: Request failed with status code 502
2026/3/14 19:10:01 update_uri() -> Fetch error: AxiosError: Request failed with status code 502
2026/3/14 19:10:26Extracted src: https://fan3.206102.xyz/v2ray免费账号/
2026/3/14 19:10:43Extracted src: https://fan3.206102.xyz/v2ray免费账号/
2026/3/14 19:10:36: nodePaths found in: [{"path":"C:\\Users\\Administrator\\scoop\\apps\\nodejs24\\current\\node.exe","osName":"Windows_NT","error":null},{"path":"C:\\msys64\\ucrt64\\bin\\node","osName":"MINGW32_NT-10.0","error":null},{"path":"C:\\msys64\\ucrt64\\bin\\node.exe","osName":"MINGW32_NT-10.0","error":null}]
2026/3/14 19:10:43: parse_data() -> https://fan3.206102.xyz/v2ray免费账号/
2026/3/14 19:10:43: getting new Url ->  https://fan3.206102.xyz/v2ray免费账号/
2026/3/14 19:10:36: C:\Users\Administrator\scoop\apps\nodejs24\current\node.exe
2026/3/14 19:10:43: parse_data() -> https://fan3.206102.xyz/ss免费账号/
2026/3/14 19:39:17Extracted src: https://fan3.206102.xyz/v2ray免费账号/
2026/3/14 19:39:12: nodePaths found in: [{"path":"C:\\Users\\Administrator\\scoop\\apps\\nodejs24\\current\\node.exe","osName":"Windows_NT","error":null},{"path":"C:\\msys64\\ucrt64\\bin\\node","osName":"MINGW32_NT-10.0","error":null},{"path":"C:\\msys64\\ucrt64\\bin\\node.exe","osName":"MINGW32_NT-10.0","error":null}]
2026/3/14 19:39:12: C:\Users\Administrator\scoop\apps\nodejs24\current\node.exe
2026/3/14 19:39:17: parse_data() -> https://fan3.206102.xyz/v2ray免费账号/
2026/3/14 19:39:17: getting new Url ->  https://fan3.206102.xyz/v2ray免费账号/
2026/3/14 19:39:17: parse_data() -> https://fan3.206102.xyz/ss免费账号/
2026/3/14 20:40:14Extracted src: https://fan3.206102.xyz/v2ray免费账号/
2026/3/14 20:40:11: C:\Users\Administrator\scoop\apps\nodejs24\current\node.exe
2026/3/14 20:40:11: nodePaths found in: [{"path":"C:\\Users\\Administrator\\scoop\\apps\\nodejs24\\current\\node.exe","osName":"Windows_NT","error":null},{"path":"C:\\msys64\\ucrt64\\bin\\node","osName":"MINGW32_NT-10.0","error":null},{"path":"C:\\msys64\\ucrt64\\bin\\node.exe","osName":"MINGW32_NT-10.0","error":null}]
2026/3/14 20:40:14: getting new Url ->  https://fan3.206102.xyz/v2ray免费账号/
2026/3/14 20:40:14: parse_data() -> https://fan3.206102.xyz/v2ray免费账号/
2026/3/14 20:40:14: parse_data() -> https://fan3.206102.xyz/ss免费账号/
2026/3/14 21:23:31: nodePaths found in: [{"path":"C:\\msys64\\ucrt64\\bin\\node","osName":"MINGW32_NT-10.0","error":null},{"path":"C:\\msys64\\ucrt64\\bin\\node.exe","osName":"MINGW32_NT-10.0","error":null}]
2026/3/14 21:23:31: 
2026/3/14 21:24:03: nodePaths found in: [{"path":"C:\\msys64\\ucrt64\\bin\\node","osName":"MINGW32_NT-10.0","error":null},{"path":"C:\\msys64\\ucrt64\\bin\\node.exe","osName":"MINGW32_NT-10.0","error":null}]
2026/3/14 21:24:03: 
2026/3/14 21:24:22Extracted src: https://fan3.206102.xyz/v2ray免费账号/
2026/3/14 21:24:13: nodePaths found in: [{"path":"C:\\Users\\Administrator\\scoop\\apps\\nodejs24\\current\\node.exe","osName":"Windows_NT","error":null},{"path":"C:\\msys64\\ucrt64\\bin\\node","osName":"MINGW32_NT-10.0","error":null},{"path":"C:\\msys64\\ucrt64\\bin\\node.exe","osName":"MINGW32_NT-10.0","error":null}]
2026/3/14 21:24:13: C:\Users\Administrator\scoop\apps\nodejs24\current\node.exe
2026/3/14 21:24:22: getting new Url ->  https://fan3.206102.xyz/v2ray免费账号/
2026/3/14 21:24:22: parse_data() -> https://fan3.206102.xyz/v2ray免费账号/
2026/3/14 21:24:22: parse_data() -> https://fan3.206102.xyz/ss免费账号/
2026/3/14 21:24:45Extracted src: https://fan3.206102.xyz/v2ray免费账号/
2026/3/14 21:24:42: nodePaths found in: [{"path":"C:\\Users\\Administrator\\scoop\\apps\\nodejs24\\current\\node.exe","osName":"Windows_NT","error":null},{"path":"C:\\msys64\\ucrt64\\bin\\node","osName":"MINGW32_NT-10.0","error":null},{"path":"C:\\msys64\\ucrt64\\bin\\node.exe","osName":"MINGW32_NT-10.0","error":null}]
2026/3/14 21:24:42: C:\Users\Administrator\scoop\apps\nodejs24\current\node.exe
2026/3/14 21:24:45: getting new Url ->  https://fan3.206102.xyz/v2ray免费账号/
2026/3/14 21:24:45: parse_data() -> https://fan3.206102.xyz/v2ray免费账号/
2026/3/14 21:24:45: parse_data() -> https://fan3.206102.xyz/ss免费账号/
2026/3/14 21:56:10Extracted src: https://fan3.206102.xyz/v2ray免费账号/
2026/3/14 21:56:06: nodePaths found in: [{"path":"C:\\Users\\Administrator\\scoop\\apps\\nodejs24\\current\\node.exe","osName":"Windows_NT","error":null},{"path":"C:\\msys64\\ucrt64\\bin\\node","osName":"MINGW32_NT-10.0","error":null},{"path":"C:\\msys64\\ucrt64\\bin\\node.exe","osName":"MINGW32_NT-10.0","error":null}]
2026/3/14 21:56:06: C:\Users\Administrator\scoop\apps\nodejs24\current\node.exe
2026/3/14 21:56:11: getting new Url ->  https://fan3.206102.xyz/v2ray免费账号/
2026/3/14 21:56:11: parse_data() -> https://fan3.206102.xyz/ss免费账号/
2026/3/14 21:56:11: parse_data() -> https://fan3.206102.xyz/v2ray免费账号/
2026/3/14 21:57:58Extracted src: https://fan3.206102.xyz/v2ray免费账号/
2026/3/14 21:57:25: nodePaths found in: [{"path":"C:\\Users\\Administrator\\scoop\\apps\\nodejs24\\current\\node.exe","osName":"Windows_NT","error":null},{"path":"C:\\msys64\\ucrt64\\bin\\node","osName":"MINGW32_NT-10.0","error":null},{"path":"C:\\msys64\\ucrt64\\bin\\node.exe","osName":"MINGW32_NT-10.0","error":null}]
2026/3/14 21:57:25: C:\Users\Administrator\scoop\apps\nodejs24\current\node.exe
2026/3/14 21:57:58: getting new Url ->  https://fan3.206102.xyz/v2ray免费账号/
2026/3/14 21:57:58: parse_data() -> https://fan3.206102.xyz/v2ray免费账号/
2026/3/14 21:57:58: parse_data() -> https://fan3.206102.xyz/ss免费账号/
2026/3/14 22:58:16Extracted src: https://fan3.206102.xyz/v2ray免费账号/
2026/3/14 22:58:11: nodePaths found in: [{"path":"C:\\Users\\Administrator\\scoop\\apps\\nodejs24\\current\\node.exe","osName":"Windows_NT","error":null},{"path":"C:\\msys64\\ucrt64\\bin\\node","osName":"MINGW32_NT-10.0","error":null},{"path":"C:\\msys64\\ucrt64\\bin\\node.exe","osName":"MINGW32_NT-10.0","error":null}]
2026/3/14 22:58:11: C:\Users\Administrator\scoop\apps\nodejs24\current\node.exe
2026/3/14 22:58:16: getting new Url ->  https://fan3.206102.xyz/v2ray免费账号/
2026/3/14 22:58:16: parse_data() -> https://fan3.206102.xyz/v2ray免费账号/
2026/3/14 22:58:16: parse_data() -> https://fan3.206102.xyz/ss免费账号/
2026/3/14 23:59:16Extracted src: https://fan3.206102.xyz/v2ray免费账号/
2026/3/14 23:59:12: nodePaths found in: [{"path":"C:\\Users\\Administrator\\scoop\\apps\\nodejs24\\current\\node.exe","osName":"Windows_NT","error":null},{"path":"C:\\msys64\\ucrt64\\bin\\node","osName":"MINGW32_NT-10.0","error":null},{"path":"C:\\msys64\\ucrt64\\bin\\node.exe","osName":"MINGW32_NT-10.0","error":null}]
2026/3/14 23:59:12: C:\Users\Administrator\scoop\apps\nodejs24\current\node.exe
2026/3/14 23:59:16: getting new Url ->  https://fan3.206102.xyz/v2ray免费账号/
2026/3/14 23:59:16: parse_data() -> https://fan3.206102.xyz/v2ray免费账号/
2026/3/14 23:59:16: parse_data() -> https://fan3.206102.xyz/ss免费账号/
2026/3/15 01:00:14Extracted src: https://fan3.206102.xyz/v2ray免费账号/
2026/3/15 01:00:10: nodePaths found in: [{"path":"C:\\Users\\Administrator\\scoop\\apps\\nodejs24\\current\\node.exe","osName":"Windows_NT","error":null},{"path":"C:\\msys64\\ucrt64\\bin\\node","osName":"MINGW32_NT-10.0","error":null},{"path":"C:\\msys64\\ucrt64\\bin\\node.exe","osName":"MINGW32_NT-10.0","error":null}]
2026/3/15 01:00:10: C:\Users\Administrator\scoop\apps\nodejs24\current\node.exe
2026/3/15 01:00:14: getting new Url ->  https://fan3.206102.xyz/v2ray免费账号/
2026/3/15 01:00:14: parse_data() -> https://fan3.206102.xyz/v2ray免费账号/
2026/3/15 01:00:14: parse_data() -> https://fan3.206102.xyz/ss免费账号/
2026/3/15 01:11:57 update_uri() -> Fetch error: AggregateError
2026/3/15 01:12:43 update_uri() -> Fetch error: AggregateError
2026/3/15 06:59:14 update_uri() -> Fetch error: AggregateError
2026/3/15 06:59:14: getting new Url ->  null
2026/3/15 07:59:20 update_uri() -> Fetch error: AggregateError
2026/3/15 07:59:20: getting new Url ->  null
2026/3/15 08:00:36 update_uri() -> Fetch error: AggregateError
2026/3/15 08:00:36: getting new Url ->  null
2026/3/15 08:59:25 update_uri() -> Fetch error: AggregateError
2026/3/15 08:59:25: getting new Url ->  null
2026/3/15 09:00:16 update_uri() -> Fetch error: AggregateError
2026/3/15 09:00:16: getting new Url ->  null
2026/3/15 10:01:15 update_uri() -> Fetch error: AggregateError
2026/3/15 10:01:15: getting new Url ->  null
2026/3/15 10:02:16 update_uri() -> Fetch error: AggregateError
2026/3/15 10:02:16: getting new Url ->  null
2026/3/15 11:01:16 update_uri() -> Fetch error: AggregateError
2026/3/15 11:01:16: getting new Url ->  null
2026/3/15 11:02:17 update_uri() -> Fetch error: AggregateError
2026/3/15 11:02:17: getting new Url ->  null
2026/3/15 11:12:16 update_uri() -> Fetch error: AggregateError
2026/3/15 11:12:16: getting new Url ->  null
2026/3/15 11:32:16 update_uri() -> Fetch error: AggregateError
2026/3/15 11:32:16: getting new Url ->  null
2026/3/15 11:52:16 update_uri() -> Fetch error: AggregateError
2026/3/15 11:52:16: getting new Url ->  null
2026/3/15 12:01:15 update_uri() -> Fetch error: AggregateError
2026/3/15 12:01:15: getting new Url ->  null
2026/3/15 12:02:15 update_uri() -> Fetch error: AggregateError
2026/3/15 12:02:15: getting new Url ->  null
2026/3/15 12:12:21 update_uri() -> Fetch error: AggregateError
2026/3/15 12:12:21: getting new Url ->  null
2026/3/15 12:30:03 update_uri() -> Fetch error: AggregateError
2026/3/15 12:30:03: getting new Url ->  null
2026/3/15 12:52:19 update_uri() -> Fetch error: AggregateError
2026/3/15 12:52:19: getting new Url ->  null
2026/3/15 13:01:15 update_uri() -> Fetch error: AggregateError
2026/3/15 13:01:15: getting new Url ->  null
2026/3/15 13:02:16 update_uri() -> Fetch error: AggregateError
2026/3/15 13:02:16: getting new Url ->  null
2026/3/15 13:59:06 update_uri() -> Fetch error: AggregateError
2026/3/15 13:59:06: getting new Url ->  null
2026/3/15 14:00:08 update_uri() -> Fetch error: AggregateError
2026/3/15 14:00:08: getting new Url ->  null
2026/3/15 14:10:08 update_uri() -> Fetch error: AggregateError
2026/3/15 14:10:08: getting new Url ->  null
2026/3/15 14:30:02 update_uri() -> Fetch error: Error: read ECONNRESET
2026/3/15 14:30:02: getting new Url ->  null
2026/3/15 14:50:03 update_uri() -> Fetch error: AggregateError
2026/3/15 14:50:03: getting new Url ->  null
2026/3/15 14:59:04 update_uri() -> Fetch error: AggregateError
2026/3/15 14:59:04: getting new Url ->  null
2026/3/15 15:00:07 update_uri() -> Fetch error: AggregateError
2026/3/15 15:00:07: getting new Url ->  null
2026/3/15 15:52:06 update_uri() -> Fetch error: Error: read ECONNRESET
2026/3/15 15:59:08 update_uri() -> Fetch error: Error: read ECONNRESET
2026/3/15 15:59:08: getting new Url ->  null
2026/3/15 16:00:09 update_uri() -> Fetch error: Error: read ECONNRESET
2026/3/15 16:00:09: getting new Url ->  null
2026/3/15 16:59:08 update_uri() -> Fetch error: Error: read ECONNRESET
2026/3/15 16:59:08: getting new Url ->  null
2026/3/15 17:00:03 update_uri() -> Fetch error: Error: read ECONNRESET
2026/3/15 17:00:03: getting new Url ->  null
2026/3/15 18:01:18 update_uri() -> Fetch error: AggregateError
2026/3/15 18:01:18: getting new Url ->  null
2026/3/15 18:02:18 update_uri() -> Fetch error: AggregateError
2026/3/15 18:02:18: getting new Url ->  null
2026/3/15 18:12:15 update_uri() -> Fetch error: AggregateError
2026/3/15 18:12:15: getting new Url ->  null
2026/3/15 18:32:17 update_uri() -> Fetch error: AggregateError
2026/3/15 18:32:17: getting new Url ->  null
2026/3/15 18:52:20 update_uri() -> Fetch error: AggregateError
2026/3/15 18:52:20: getting new Url ->  null
2026/3/15 19:01:13 update_uri() -> Fetch error: AggregateError
2026/3/15 19:01:16 update_uri() -> Fetch error: AggregateError
2026/3/15 19:59:29 update_uri() -> Fetch error: Error: read ECONNRESET
2026/3/15 19:59:29: getting new Url ->  null
2026/3/15 20:00:34 update_uri() -> Fetch error: Error: read ECONNRESET
2026/3/15 20:00:34: getting new Url ->  null
2026/3/15 20:10:16 update_uri() -> Fetch error: AggregateError
2026/3/15 20:10:16: getting new Url ->  null
2026/3/15 20:34:25 update_uri() -> Fetch error: AxiosError: Request failed with status code 502
2026/3/15 20:34:15: C:\Users\Administrator\scoop\apps\nodejs24\current\node.exe
2026/3/15 20:34:15: nodePaths found in: [{"path":"C:\\Users\\Administrator\\scoop\\apps\\nodejs24\\current\\node.exe","osName":"Windows_NT","error":null},{"path":"C:\\msys64\\ucrt64\\bin\\node","osName":"MINGW32_NT-10.0","error":null},{"path":"C:\\msys64\\ucrt64\\bin\\node.exe","osName":"MINGW32_NT-10.0","error":null}]
2026/3/15 20:34:25: getting new Url ->  null
2026/3/15 21:35:08Extracted src: https://fan3.206102.xyz/v2ray免费账号/
2026/3/15 21:35:05: nodePaths found in: [{"path":"C:\\Users\\Administrator\\scoop\\apps\\nodejs24\\current\\node.exe","osName":"Windows_NT","error":null},{"path":"C:\\msys64\\ucrt64\\bin\\node","osName":"MINGW32_NT-10.0","error":null},{"path":"C:\\msys64\\ucrt64\\bin\\node.exe","osName":"MINGW32_NT-10.0","error":null}]
2026/3/15 21:35:05: C:\Users\Administrator\scoop\apps\nodejs24\current\node.exe
2026/3/15 21:35:08: parse_data() -> https://fan3.206102.xyz/v2ray免费账号/
2026/3/15 21:35:08: parse_data() -> https://fan3.206102.xyz/ss免费账号/
2026/3/15 21:35:08: getting new Url ->  https://fan3.206102.xyz/v2ray免费账号/
2026/3/15 22:36:09Extracted src: https://fan3.206102.xyz/v2ray免费账号/
2026/3/15 22:36:05: nodePaths found in: [{"path":"C:\\Users\\Administrator\\scoop\\apps\\nodejs24\\current\\node.exe","osName":"Windows_NT","error":null},{"path":"C:\\msys64\\ucrt64\\bin\\node","osName":"MINGW32_NT-10.0","error":null},{"path":"C:\\msys64\\ucrt64\\bin\\node.exe","osName":"MINGW32_NT-10.0","error":null}]
2026/3/15 22:36:05: C:\Users\Administrator\scoop\apps\nodejs24\current\node.exe
2026/3/15 22:36:09: getting new Url ->  https://fan3.206102.xyz/v2ray免费账号/
2026/3/15 22:36:09: parse_data() -> https://fan3.206102.xyz/v2ray免费账号/
2026/3/15 22:36:09: parse_data() -> https://fan3.206102.xyz/ss免费账号/
2026/3/15 23:37:08Extracted src: https://fan3.206102.xyz/v2ray免费账号/
2026/3/15 23:37:05: nodePaths found in: [{"path":"C:\\Users\\Administrator\\scoop\\apps\\nodejs24\\current\\node.exe","osName":"Windows_NT","error":null},{"path":"C:\\msys64\\ucrt64\\bin\\node","osName":"MINGW32_NT-10.0","error":null},{"path":"C:\\msys64\\ucrt64\\bin\\node.exe","osName":"MINGW32_NT-10.0","error":null}]
2026/3/15 23:37:05: C:\Users\Administrator\scoop\apps\nodejs24\current\node.exe
2026/3/15 23:37:09: getting new Url ->  https://fan3.206102.xyz/v2ray免费账号/
2026/3/15 23:37:09: parse_data() -> https://fan3.206102.xyz/v2ray免费账号/
2026/3/15 23:37:09: parse_data() -> https://fan3.206102.xyz/ss免费账号/
2026/3/16 00:21:02 update_uri() -> Fetch error: AggregateError
2026/3/16 00:21:02: getting new Url ->  null
2026/3/16 00:59:15 update_uri() -> Fetch error: Error: Client network socket disconnected before secure TLS connection was established
2026/3/16 00:59:15: getting new Url ->  null
2026/3/16 01:59:19 update_uri() -> Fetch error: AggregateError
2026/3/16 01:59:19: getting new Url ->  null
2026/3/16 02:00:10 update_uri() -> Fetch error: AggregateError
2026/3/16 02:00:10: getting new Url ->  null
2026/3/16 02:59:15 update_uri() -> Fetch error: AggregateError
2026/3/16 02:59:15: getting new Url ->  null
2026/3/16 03:00:22 update_uri() -> Fetch error: AggregateError
2026/3/16 03:00:22: getting new Url ->  null
2026/3/16 03:59:20 update_uri() -> Fetch error: AggregateError
2026/3/16 03:59:20: getting new Url ->  null
2026/3/16 04:00:18 update_uri() -> Fetch error: AggregateError
2026/3/16 04:00:19: getting new Url ->  null
2026/3/16 04:59:11 update_uri() -> Fetch error: AggregateError
2026/3/16 04:59:11: getting new Url ->  null
2026/3/16 05:00:18 update_uri() -> Fetch error: AggregateError
2026/3/16 05:00:18: getting new Url ->  null
2026/3/16 05:59:30 update_uri() -> Fetch error: AggregateError
2026/3/16 05:59:30: getting new Url ->  null
2026/3/16 06:00:20 update_uri() -> Fetch error: AggregateError
2026/3/16 06:00:20: getting new Url ->  null
2026/3/16 06:59:25 update_uri() -> Fetch error: AggregateError
2026/3/16 06:59:25: getting new Url ->  null
2026/3/16 07:00:19 update_uri() -> Fetch error: AggregateError
2026/3/16 07:00:19: getting new Url ->  null
2026/3/16 07:59:05 update_uri() -> Fetch error: AggregateError
2026/3/16 07:59:05: getting new Url ->  null
2026/3/16 08:00:07 update_uri() -> Fetch error: AggregateError
2026/3/16 08:00:08: getting new Url ->  null
2026/3/16 08:59:05 update_uri() -> Fetch error: AggregateError
2026/3/16 08:59:05: getting new Url ->  null
2026/3/16 09:00:06 update_uri() -> Fetch error: AggregateError
2026/3/16 09:00:06: getting new Url ->  null
2026/3/16 10:00:05 update_uri() -> Fetch error: AggregateError
2026/3/16 10:00:05: getting new Url ->  null
2026/3/16 10:59:02 update_uri() -> Fetch error: Error: read ECONNRESET
2026/3/16 10:59:02: getting new Url ->  null
2026/3/16 11:00:01 update_uri() -> Fetch error: Error: read ECONNRESET
2026/3/16 11:00:01: getting new Url ->  null
2026/3/16 11:59:02 update_uri() -> Fetch error: AggregateError
2026/3/16 11:59:02: getting new Url ->  null
2026/3/16 12:00:03 update_uri() -> Fetch error: AggregateError
2026/3/16 12:00:03: getting new Url ->  null
2026/3/16 13:16:46 update_uri() -> Fetch error: AggregateError
2026/3/16 13:17:30 update_uri() -> Fetch error: AggregateError
2026/3/16 13:17:30: getting new Url ->  null
2026/3/16 13:58:08 update_uri() -> Fetch error: AggregateError
2026/3/16 13:58:08: getting new Url ->  null
2026/3/16 13:59:02 update_uri() -> Fetch error: AggregateError
2026/3/16 13:59:02: getting new Url ->  null
2026/3/16 14:00:03 update_uri() -> Fetch error: AggregateError
2026/3/16 14:00:03: getting new Url ->  null
2026/3/16 14:59:02 update_uri() -> Fetch error: Error: read ECONNRESET
2026/3/16 14:59:02: getting new Url ->  null
2026/3/16 15:00:02 update_uri() -> Fetch error: Error: read ECONNRESET
2026/3/16 15:00:02: getting new Url ->  null
2026/3/16 15:59:11 update_uri() -> Fetch error: AggregateError
2026/3/16 15:59:11: getting new Url ->  null
2026/3/16 16:00:03 update_uri() -> Fetch error: AggregateError
2026/3/16 16:00:03: getting new Url ->  null
2026/3/16 16:34:18 update_uri() -> Fetch error: AggregateError
2026/3/16 16:34:18: getting new Url ->  null
2026/3/16 17:00:01 update_uri() -> Fetch error: AggregateError
2026/3/16 17:00:01: getting new Url ->  null
2026/3/16 17:59:03 update_uri() -> Fetch error: AggregateError
2026/3/16 17:59:03: getting new Url ->  null
2026/3/16 18:00:04 update_uri() -> Fetch error: AggregateError
2026/3/16 18:00:04: getting new Url ->  null
2026/3/16 18:59:09 update_uri() -> Fetch error: AggregateError
2026/3/16 18:59:09: getting new Url ->  null
2026/3/16 19:00:09 update_uri() -> Fetch error: AggregateError
2026/3/16 19:00:09: getting new Url ->  null
2026/3/16 20:59:22 update_uri() -> Fetch error: AggregateError
2026/3/16 20:59:22: getting new Url ->  null
2026/3/16 21:00:12 update_uri() -> Fetch error: AggregateError
2026/3/16 21:00:12: getting new Url ->  null
2026/3/16 22:05:05Extracted src: https://fan3.206102.xyz/v2ray免费账号/
2026/3/16 22:05:01: nodePaths found in: [{"path":"C:\\Users\\Administrator\\scoop\\apps\\nodejs24\\current\\node.exe","osName":"Windows_NT","error":null},{"path":"C:\\msys64\\ucrt64\\bin\\node","osName":"MINGW32_NT-10.0","error":null},{"path":"C:\\msys64\\ucrt64\\bin\\node.exe","osName":"MINGW32_NT-10.0","error":null}]
2026/3/16 22:05:01: C:\Users\Administrator\scoop\apps\nodejs24\current\node.exe
2026/3/16 22:05:05: getting new Url ->  https://fan3.206102.xyz/v2ray免费账号/
2026/3/16 22:05:05: parse_data() -> https://fan3.206102.xyz/v2ray免费账号/
2026/3/16 22:05:05: parse_data() -> https://fan3.206102.xyz/ss免费账号/
2026/3/16 23:06:04 update_uri() -> Fetch error: AxiosError: Request failed with status code 502
2026/3/16 23:05:59: nodePaths found in: [{"path":"C:\\Users\\Administrator\\scoop\\apps\\nodejs24\\current\\node.exe","osName":"Windows_NT","error":null},{"path":"C:\\msys64\\ucrt64\\bin\\node","osName":"MINGW32_NT-10.0","error":null},{"path":"C:\\msys64\\ucrt64\\bin\\node.exe","osName":"MINGW32_NT-10.0","error":null}]
2026/3/16 23:06:04: getting new Url ->  null
2026/3/16 23:05:59: C:\Users\Administrator\scoop\apps\nodejs24\current\node.exe
2026/3/17 00:07:01Extracted src: https://fan3.206102.xyz/v2ray免费账号/
2026/3/17 00:06:58: nodePaths found in: [{"path":"C:\\Users\\Administrator\\scoop\\apps\\nodejs24\\current\\node.exe","osName":"Windows_NT","error":null},{"path":"C:\\msys64\\ucrt64\\bin\\node","osName":"MINGW32_NT-10.0","error":null},{"path":"C:\\msys64\\ucrt64\\bin\\node.exe","osName":"MINGW32_NT-10.0","error":null}]
2026/3/17 00:06:58: C:\Users\Administrator\scoop\apps\nodejs24\current\node.exe
2026/3/17 00:07:01: getting new Url ->  https://fan3.206102.xyz/v2ray免费账号/
2026/3/17 00:07:01: parse_data() -> https://fan3.206102.xyz/v2ray免费账号/
2026/3/17 00:07:01: parse_data() -> https://fan3.206102.xyz/ss免费账号/
2026/3/17 01:29:58 update_uri() -> Fetch error: Error: read ECONNRESET
2026/3/17 01:29:58: getting new Url ->  null
2026/3/17 02:00:41 update_uri() -> Fetch error: Error: read ECONNRESET
2026/3/17 02:00:41: getting new Url ->  null
2026/3/17 02:38:08 update_uri() -> Fetch error: AggregateError
2026/3/17 02:38:08: getting new Url ->  null
2026/3/17 04:59:11 update_uri() -> Fetch error: AggregateError
2026/3/17 04:59:11: getting new Url ->  null
2026/3/17 05:00:15 update_uri() -> Fetch error: AggregateError
2026/3/17 05:00:15: getting new Url ->  null
2026/3/17 05:59:12 update_uri() -> Fetch error: AggregateError
2026/3/17 05:59:12: getting new Url ->  null
2026/3/17 06:00:19 update_uri() -> Fetch error: AggregateError
2026/3/17 06:00:19: getting new Url ->  null
2026/3/17 06:59:05 update_uri() -> Fetch error: AggregateError
2026/3/17 06:59:05: getting new Url ->  null
2026/3/17 07:00:14 update_uri() -> Fetch error: AggregateError
2026/3/17 07:00:14: getting new Url ->  null
2026/3/17 07:59:11 update_uri() -> Fetch error: AggregateError
2026/3/17 07:59:11: getting new Url ->  null
2026/3/17 08:00:06 update_uri() -> Fetch error: AggregateError
2026/3/17 08:00:06: getting new Url ->  null
2026/3/17 08:59:12 update_uri() -> Fetch error: Error: read ECONNRESET
2026/3/17 08:59:12: getting new Url ->  null
2026/3/17 09:00:11 update_uri() -> Fetch error: Error: read ECONNRESET
2026/3/17 09:00:11: getting new Url ->  null
2026/3/17 09:59:24 update_uri() -> Fetch error: AggregateError
2026/3/17 09:59:24: getting new Url ->  null
2026/3/17 10:00:12 update_uri() -> Fetch error: AggregateError
2026/3/17 10:00:12: getting new Url ->  null
2026/3/17 10:39:25 update_uri() -> Fetch error: Error: read ECONNRESET
2026/3/17 10:39:25: getting new Url ->  null
2026/3/17 10:59:13 update_uri() -> Fetch error: AggregateError
2026/3/17 10:59:13: getting new Url ->  null
2026/3/17 11:00:17 update_uri() -> Fetch error: AggregateError
2026/3/17 11:00:17: getting new Url ->  null
2026/3/17 11:59:13 update_uri() -> Fetch error: AggregateError
2026/3/17 11:59:13: getting new Url ->  null
2026/3/17 12:00:15 update_uri() -> Fetch error: AggregateError
2026/3/17 12:00:15: getting new Url ->  null
2026/3/17 12:59:16 update_uri() -> Fetch error: AggregateError
2026/3/17 12:59:16: getting new Url ->  null
2026/3/17 13:00:14 update_uri() -> Fetch error: AggregateError
2026/3/17 13:00:14: getting new Url ->  null
2026/3/17 13:59:21 update_uri() -> Fetch error: AggregateError
2026/3/17 13:59:21: getting new Url ->  null
2026/3/17 14:00:25 update_uri() -> Fetch error: AggregateError
2026/3/17 14:00:25: getting new Url ->  null
2026/3/17 14:59:17 update_uri() -> Fetch error: AggregateError
2026/3/17 14:59:17: getting new Url ->  null
2026/3/17 15:00:20 update_uri() -> Fetch error: AggregateError
2026/3/17 15:00:20: getting new Url ->  null
2026/3/17 15:59:26 update_uri() -> Fetch error: AggregateError
2026/3/17 15:59:26: getting new Url ->  null
2026/3/17 16:00:21 update_uri() -> Fetch error: AggregateError
2026/3/17 16:00:21: getting new Url ->  null
2026/3/17 16:59:13 update_uri() -> Fetch error: AggregateError
2026/3/17 16:59:13: getting new Url ->  null
2026/3/17 17:00:19 update_uri() -> Fetch error: AggregateError
2026/3/17 17:00:19: getting new Url ->  null
2026/3/17 17:59:12 update_uri() -> Fetch error: AggregateError
2026/3/17 17:59:12: getting new Url ->  null
2026/3/17 18:00:25 update_uri() -> Fetch error: AggregateError
2026/3/17 18:00:25: getting new Url ->  null
2026/3/17 18:59:11 update_uri() -> Fetch error: AggregateError
2026/3/17 18:59:11: getting new Url ->  null
2026/3/17 19:00:05 update_uri() -> Fetch error: AggregateError
2026/3/17 19:00:05: getting new Url ->  null
2026/3/17 19:59:06 update_uri() -> Fetch error: AggregateError
2026/3/17 19:59:06: getting new Url ->  null
2026/3/17 20:00:18 update_uri() -> Fetch error: AggregateError
2026/3/17 20:00:18: getting new Url ->  null
2026/3/17 20:59:12 update_uri() -> Fetch error: AggregateError
2026/3/17 20:59:12: getting new Url ->  null
2026/3/17 21:00:14 update_uri() -> Fetch error: AggregateError
2026/3/17 21:00:14: getting new Url ->  null
2026/3/17 21:59:26 update_uri() -> Fetch error: AggregateError
2026/3/17 21:59:26: getting new Url ->  null
2026/3/17 22:59:29 update_uri() -> Fetch error: AggregateError
2026/3/17 22:59:29: getting new Url ->  null
2026/3/17 23:00:24 update_uri() -> Fetch error: AggregateError
2026/3/17 23:00:24: getting new Url ->  null
2026/3/17 23:59:18 update_uri() -> Fetch error: AggregateError
2026/3/17 23:59:18: getting new Url ->  null
2026/3/18 00:00:30 update_uri() -> Fetch error: AggregateError
2026/3/18 00:00:30: getting new Url ->  null
2026/3/18 00:59:24 update_uri() -> Fetch error: AggregateError
2026/3/18 00:59:24: getting new Url ->  null
2026/3/18 01:00:16 update_uri() -> Fetch error: AggregateError
2026/3/18 01:00:17: getting new Url ->  null
2026/3/18 01:59:17 update_uri() -> Fetch error: Error: read ECONNRESET
2026/3/18 01:59:17: getting new Url ->  null
2026/3/18 02:00:18 update_uri() -> Fetch error: Error: read ECONNRESET
2026/3/18 02:00:18: getting new Url ->  null
2026/3/18 02:59:14 update_uri() -> Fetch error: AggregateError
2026/3/18 02:59:14: getting new Url ->  null
2026/3/18 03:00:14 update_uri() -> Fetch error: AggregateError
2026/3/18 03:00:15: getting new Url ->  null
2026/3/18 03:59:16 update_uri() -> Fetch error: AggregateError
2026/3/18 03:59:16: getting new Url ->  null
2026/3/18 11:59:15 update_uri() -> Fetch error: AggregateError
2026/3/18 11:59:15: getting new Url ->  null
2026/3/18 12:00:23 update_uri() -> Fetch error: AggregateError
2026/3/18 12:00:23: getting new Url ->  null
2026/3/18 12:59:11 update_uri() -> Fetch error: Error: read ECONNRESET
2026/3/18 12:59:11: getting new Url ->  null
2026/3/18 13:00:16 update_uri() -> Fetch error: Error: read ECONNRESET
2026/3/18 13:00:17: getting new Url ->  null
2026/3/18 13:59:17 update_uri() -> Fetch error: AggregateError
2026/3/18 13:59:17: getting new Url ->  null
2026/3/18 14:00:11 update_uri() -> Fetch error: AggregateError
2026/3/18 14:00:11: getting new Url ->  null
2026/3/18 14:59:19 update_uri() -> Fetch error: AggregateError
2026/3/18 14:59:19: getting new Url ->  null
2026/3/18 15:00:27 update_uri() -> Fetch error: AggregateError
2026/3/18 15:00:27: getting new Url ->  null
2026/3/18 15:59:16 update_uri() -> Fetch error: AggregateError
2026/3/18 15:59:16: getting new Url ->  null
2026/3/18 16:00:19 update_uri() -> Fetch error: AggregateError
2026/3/18 16:00:19: getting new Url ->  null
2026/3/18 16:59:24 update_uri() -> Fetch error: AggregateError
2026/3/18 16:59:25: getting new Url ->  null
2026/3/18 17:00:21 update_uri() -> Fetch error: AggregateError
2026/3/18 17:00:21: getting new Url ->  null
2026/3/18 17:59:12 update_uri() -> Fetch error: AggregateError
2026/3/18 17:59:12: getting new Url ->  null
2026/3/18 18:00:23 update_uri() -> Fetch error: AggregateError
2026/3/18 18:00:23: getting new Url ->  null
2026/3/18 18:59:12 update_uri() -> Fetch error: AggregateError
2026/3/18 18:59:12: getting new Url ->  null
2026/3/18 19:00:14 update_uri() -> Fetch error: AggregateError
2026/3/18 19:00:15: getting new Url ->  null
2026/3/18 19:59:24 update_uri() -> Fetch error: AggregateError
2026/3/18 19:59:24: getting new Url ->  null
2026/3/18 20:00:15 update_uri() -> Fetch error: AggregateError
2026/3/18 20:00:15: getting new Url ->  null
2026/3/18 20:59:26 update_uri() -> Fetch error: AggregateError
2026/3/18 20:59:26: getting new Url ->  null
2026/3/18 21:00:23 update_uri() -> Fetch error: AggregateError
2026/3/18 21:00:23: getting new Url ->  null
2026/3/18 21:42:04 update_uri() -> Fetch error: AxiosError: Request failed with status code 502
2026/3/18 21:41:54: nodePaths found in: [{"path":"C:\\Users\\Administrator\\scoop\\apps\\nodejs24\\current\\node.exe","osName":"Windows_NT","error":null},{"path":"C:\\msys64\\ucrt64\\bin\\node","osName":"MINGW32_NT-10.0","error":null},{"path":"C:\\msys64\\ucrt64\\bin\\node.exe","osName":"MINGW32_NT-10.0","error":null}]
2026/3/18 21:42:04: getting new Url ->  null
2026/3/18 21:41:54: C:\Users\Administrator\scoop\apps\nodejs24\current\node.exe
2026/3/18 22:42:57Extracted src: https://fan3.206102.xyz/v2ray免费账号/
2026/3/18 22:42:53: C:\Users\Administrator\scoop\apps\nodejs24\current\node.exe
2026/3/18 22:42:57: getting new Url ->  https://fan3.206102.xyz/v2ray免费账号/
2026/3/18 22:42:53: nodePaths found in: [{"path":"C:\\Users\\Administrator\\scoop\\apps\\nodejs24\\current\\node.exe","osName":"Windows_NT","error":null},{"path":"C:\\msys64\\ucrt64\\bin\\node","osName":"MINGW32_NT-10.0","error":null},{"path":"C:\\msys64\\ucrt64\\bin\\node.exe","osName":"MINGW32_NT-10.0","error":null}]
2026/3/18 22:42:57: parse_data() -> https://fan3.206102.xyz/v2ray免费账号/
2026/3/18 22:42:57: parse_data() -> https://fan3.206102.xyz/ss免费账号/
2026/3/18 23:44:03Extracted src: https://fan3.206102.xyz/v2ray免费账号/
2026/3/18 23:43:58: nodePaths found in: [{"path":"C:\\Users\\Administrator\\scoop\\apps\\nodejs24\\current\\node.exe","osName":"Windows_NT","error":null},{"path":"C:\\msys64\\ucrt64\\bin\\node","osName":"MINGW32_NT-10.0","error":null},{"path":"C:\\msys64\\ucrt64\\bin\\node.exe","osName":"MINGW32_NT-10.0","error":null}]
2026/3/18 23:43:58: C:\Users\Administrator\scoop\apps\nodejs24\current\node.exe
2026/3/18 23:44:03: getting new Url ->  https://fan3.206102.xyz/v2ray免费账号/
2026/3/18 23:44:03: parse_data() -> https://fan3.206102.xyz/ss免费账号/
2026/3/18 23:44:03: parse_data() -> https://fan3.206102.xyz/v2ray免费账号/
2026/3/19 00:44:57Extracted src: https://fan3.206102.xyz/v2ray免费账号/
2026/3/19 00:44:53: C:\Users\Administrator\scoop\apps\nodejs24\current\node.exe
2026/3/19 00:44:57: parse_data() -> https://fan3.206102.xyz/v2ray免费账号/
2026/3/19 00:44:57: getting new Url ->  https://fan3.206102.xyz/v2ray免费账号/
2026/3/19 00:44:57: parse_data() -> https://fan3.206102.xyz/ss免费账号/
2026/3/19 00:44:53: nodePaths found in: [{"path":"C:\\Users\\Administrator\\scoop\\apps\\nodejs24\\current\\node.exe","osName":"Windows_NT","error":null},{"path":"C:\\msys64\\ucrt64\\bin\\node","osName":"MINGW32_NT-10.0","error":null},{"path":"C:\\msys64\\ucrt64\\bin\\node.exe","osName":"MINGW32_NT-10.0","error":null}]
2026/3/19 08:59:33 update_uri() -> Fetch error: AggregateError
2026/3/19 08:59:34: getting new Url ->  null
2026/3/19 10:01:26 update_uri() -> Fetch error: AggregateError
2026/3/19 10:01:26: getting new Url ->  null
2026/3/19 10:02:25 update_uri() -> Fetch error: AggregateError
2026/3/19 10:02:25: getting new Url ->  null
2026/3/19 14:59:03 update_uri() -> Fetch error: AggregateError
2026/3/19 14:59:03: getting new Url ->  null
2026/3/19 15:00:03 update_uri() -> Fetch error: AggregateError
2026/3/19 15:00:03: getting new Url ->  null
2026/3/19 15:59:03 update_uri() -> Fetch error: Error: read ECONNRESET
2026/3/19 15:59:03: getting new Url ->  null
2026/3/19 16:00:03 update_uri() -> Fetch error: Error: read ECONNRESET
2026/3/19 16:00:03: getting new Url ->  null
2026/3/19 16:59:16 update_uri() -> Fetch error: AggregateError
2026/3/19 16:59:16: getting new Url ->  null
2026/3/19 17:00:07 update_uri() -> Fetch error: AggregateError
2026/3/19 17:00:07: getting new Url ->  null
2026/3/19 17:59:15 update_uri() -> Fetch error: AggregateError
2026/3/19 17:59:15: getting new Url ->  null
2026/3/19 18:00:27 update_uri() -> Fetch error: AggregateError
2026/3/19 18:00:27: getting new Url ->  null
2026/3/19 18:59:18 update_uri() -> Fetch error: Error: read ECONNRESET
2026/3/19 18:59:18: getting new Url ->  null
2026/3/19 19:00:27 update_uri() -> Fetch error: Error: read ECONNRESET
2026/3/19 19:00:27: getting new Url ->  null
2026/3/19 20:55:52 update_uri() -> Fetch error: AxiosError: Request failed with status code 502
2026/3/19 20:55:52: C:\Users\Administrator\scoop\apps\nodejs24\current\node.exe
2026/3/19 20:55:52: nodePaths found in: [{"path":"C:\\Users\\Administrator\\scoop\\apps\\nodejs24\\current\\node.exe","osName":"Windows_NT","error":null},{"path":"C:\\msys64\\ucrt64\\bin\\node","osName":"MINGW32_NT-10.0","error":null},{"path":"C:\\msys64\\ucrt64\\bin\\node.exe","osName":"MINGW32_NT-10.0","error":null}]
2026/3/19 20:55:52: getting new Url ->  null
2026/3/19 21:56:46Extracted src: https://fan3.206102.xyz/v2ray免费账号/
2026/3/19 21:56:42: nodePaths found in: [{"path":"C:\\Users\\Administrator\\scoop\\apps\\nodejs24\\current\\node.exe","osName":"Windows_NT","error":null},{"path":"C:\\msys64\\ucrt64\\bin\\node","osName":"MINGW32_NT-10.0","error":null},{"path":"C:\\msys64\\ucrt64\\bin\\node.exe","osName":"MINGW32_NT-10.0","error":null}]
2026/3/19 21:56:42: C:\Users\Administrator\scoop\apps\nodejs24\current\node.exe
2026/3/19 21:56:46: parse_data() -> https://fan3.206102.xyz/ss免费账号/
2026/3/19 21:56:46: parse_data() -> https://fan3.206102.xyz/v2ray免费账号/
2026/3/19 21:56:46: getting new Url ->  https://fan3.206102.xyz/v2ray免费账号/
2026/3/19 22:57:45 update_uri() -> Fetch error: AxiosError: Request failed with status code 502
2026/3/19 22:57:40: nodePaths found in: [{"path":"C:\\Users\\Administrator\\scoop\\apps\\nodejs24\\current\\node.exe","osName":"Windows_NT","error":null},{"path":"C:\\msys64\\ucrt64\\bin\\node","osName":"MINGW32_NT-10.0","error":null},{"path":"C:\\msys64\\ucrt64\\bin\\node.exe","osName":"MINGW32_NT-10.0","error":null}]
2026/3/19 22:57:45: getting new Url ->  null
2026/3/19 22:57:40: C:\Users\Administrator\scoop\apps\nodejs24\current\node.exe
2026/3/19 23:58:01Extracted src: https://fan3.206102.xyz/v2ray免费账号/
2026/3/19 23:57:52: C:\Users\Administrator\scoop\apps\nodejs24\current\node.exe
2026/3/19 23:58:01: getting new Url ->  https://fan3.206102.xyz/v2ray免费账号/
2026/3/19 23:57:52: nodePaths found in: [{"path":"C:\\Users\\Administrator\\scoop\\apps\\nodejs24\\current\\node.exe","osName":"Windows_NT","error":null},{"path":"C:\\msys64\\ucrt64\\bin\\node","osName":"MINGW32_NT-10.0","error":null},{"path":"C:\\msys64\\ucrt64\\bin\\node.exe","osName":"MINGW32_NT-10.0","error":null}]
2026/3/19 23:58:01: parse_data() -> https://fan3.206102.xyz/ss免费账号/
2026/3/19 23:58:01: parse_data() -> https://fan3.206102.xyz/v2ray免费账号/
2026/3/20 21:42:32Extracted src: https://fan3.206102.xyz/v2ray免费账号/
2026/3/20 21:42:27: nodePaths found in: [{"path":"C:\\Users\\Administrator\\scoop\\apps\\nodejs24\\current\\node.exe","osName":"Windows_NT","error":null},{"path":"C:\\msys64\\ucrt64\\bin\\node","osName":"MINGW32_NT-10.0","error":null},{"path":"C:\\msys64\\ucrt64\\bin\\node.exe","osName":"MINGW32_NT-10.0","error":null}]
2026/3/20 21:42:27: C:\Users\Administrator\scoop\apps\nodejs24\current\node.exe
2026/3/20 21:42:32: parse_data() -> https://fan3.206102.xyz/v2ray免费账号/
2026/3/20 21:42:32: parse_data() -> https://fan3.206102.xyz/ss免费账号/
2026/3/20 21:42:32: getting new Url ->  https://fan3.206102.xyz/v2ray免费账号/
2026/3/20 22:03:50 update_uri() -> Fetch error: AggregateError
2026/3/20 22:03:50: getting new Url ->  null
2026/3/20 23:01:17 update_uri() -> Fetch error: AggregateError
2026/3/20 23:01:17: getting new Url ->  null
2026/3/20 23:02:17 update_uri() -> Fetch error: AggregateError
2026/3/20 23:02:17: getting new Url ->  null
2026/3/21 00:00:18 update_uri() -> Fetch error: Error: read ECONNRESET
2026/3/21 00:00:18: getting new Url ->  null
2026/3/21 11:31:59Extracted src: https://fan3.206102.xyz/v2ray免费账号/
2026/3/21 11:31:52: nodePaths found in: [{"path":"C:\\Users\\Administrator\\scoop\\apps\\nodejs24\\current\\node.exe","osName":"Windows_NT","error":null},{"path":"C:\\msys64\\ucrt64\\bin\\node","osName":"MINGW32_NT-10.0","error":null},{"path":"C:\\msys64\\ucrt64\\bin\\node.exe","osName":"MINGW32_NT-10.0","error":null}]
2026/3/21 11:31:52: C:\Users\Administrator\scoop\apps\nodejs24\current\node.exe
2026/3/21 11:31:59: getting new Url ->  https://fan3.206102.xyz/v2ray免费账号/
2026/3/21 11:31:59: parse_data() -> https://fan3.206102.xyz/v2ray免费账号/
2026/3/21 11:31:59: parse_data() -> https://fan3.206102.xyz/ss免费账号/
2026/3/21 13:33:53Extracted src: https://fan3.206102.xyz/v2ray免费账号/
2026/3/21 13:33:48: nodePaths found in: [{"path":"C:\\Users\\Administrator\\scoop\\apps\\nodejs24\\current\\node.exe","osName":"Windows_NT","error":null},{"path":"C:\\msys64\\ucrt64\\bin\\node","osName":"MINGW32_NT-10.0","error":null},{"path":"C:\\msys64\\ucrt64\\bin\\node.exe","osName":"MINGW32_NT-10.0","error":null}]
2026/3/21 13:33:48: C:\Users\Administrator\scoop\apps\nodejs24\current\node.exe
2026/3/21 13:33:53: getting new Url ->  https://fan3.206102.xyz/v2ray免费账号/
2026/3/21 13:33:53: parse_data() -> https://fan3.206102.xyz/v2ray免费账号/
2026/3/21 13:33:53: parse_data() -> https://fan3.206102.xyz/ss免费账号/
2026/3/21 14:34:56Extracted src: https://fan3.206102.xyz/v2ray免费账号/
2026/3/21 14:34:48: nodePaths found in: [{"path":"C:\\Users\\Administrator\\scoop\\apps\\nodejs24\\current\\node.exe","osName":"Windows_NT","error":null},{"path":"C:\\msys64\\ucrt64\\bin\\node","osName":"MINGW32_NT-10.0","error":null},{"path":"C:\\msys64\\ucrt64\\bin\\node.exe","osName":"MINGW32_NT-10.0","error":null}]
2026/3/21 14:34:48: C:\Users\Administrator\scoop\apps\nodejs24\current\node.exe
2026/3/21 14:34:56: getting new Url ->  https://fan3.206102.xyz/v2ray免费账号/
2026/3/21 14:34:56: parse_data() -> https://fan3.206102.xyz/v2ray免费账号/
2026/3/21 14:34:56: parse_data() -> https://fan3.206102.xyz/ss免费账号/
2026/3/21 15:35:54Extracted src: https://fan3.206102.xyz/v2ray免费账号/
2026/3/21 15:35:50: C:\Users\Administrator\scoop\apps\nodejs24\current\node.exe
2026/3/21 15:35:50: nodePaths found in: [{"path":"C:\\Users\\Administrator\\scoop\\apps\\nodejs24\\current\\node.exe","osName":"Windows_NT","error":null},{"path":"C:\\msys64\\ucrt64\\bin\\node","osName":"MINGW32_NT-10.0","error":null},{"path":"C:\\msys64\\ucrt64\\bin\\node.exe","osName":"MINGW32_NT-10.0","error":null}]
2026/3/21 15:35:54: getting new Url ->  https://fan3.206102.xyz/v2ray免费账号/
2026/3/21 15:35:54: parse_data() -> https://fan3.206102.xyz/ss免费账号/
2026/3/21 15:35:54: parse_data() -> https://fan3.206102.xyz/v2ray免费账号/
2026/3/21 16:59:11 update_uri() -> Fetch error: Error: read ECONNRESET
2026/3/21 16:59:11: getting new Url ->  null
2026/3/21 17:00:18 update_uri() -> Fetch error: Error: read ECONNRESET
2026/3/21 17:00:19: getting new Url ->  null
2026/3/21 17:59:07 update_uri() -> Fetch error: AggregateError
2026/3/21 17:59:07: getting new Url ->  null
2026/3/21 18:00:06 update_uri() -> Fetch error: AggregateError
2026/3/21 18:00:06: getting new Url ->  null
2026/3/21 18:30:03 update_uri() -> Fetch error: AggregateError
2026/3/21 18:30:03: getting new Url ->  null
2026/3/21 18:50:12 update_uri() -> Fetch error: Error: read ECONNRESET
2026/3/21 18:50:12: getting new Url ->  null
2026/3/21 18:59:11 update_uri() -> Fetch error: Error: read ECONNRESET
2026/3/21 18:59:11: getting new Url ->  null
2026/3/21 19:00:10 update_uri() -> Fetch error: Error: read ECONNRESET
2026/3/21 19:00:10: getting new Url ->  null
2026/3/21 19:59:08 update_uri() -> Fetch error: Error: read ECONNRESET
2026/3/21 19:59:08: getting new Url ->  null
2026/3/21 20:00:04 update_uri() -> Fetch error: Error: read ECONNRESET
2026/3/21 20:00:04: getting new Url ->  null
2026/3/21 20:10:17 update_uri() -> Fetch error: AggregateError
2026/3/21 20:10:17: getting new Url ->  null
2026/3/21 20:50:35 update_uri() -> Fetch error: Error: read ECONNRESET
2026/3/21 20:50:35: getting new Url ->  null
2026/3/21 21:00:06 update_uri() -> Fetch error: Error: read ECONNRESET
2026/3/21 21:00:06: getting new Url ->  null
2026/3/21 21:00:14 update_uri() -> Fetch error: Error: read ECONNRESET
2026/3/21 21:00:14: getting new Url ->  null
2026/3/21 21:59:03 update_uri() -> Fetch error: Error: read ECONNRESET
2026/3/21 21:59:03: getting new Url ->  null
2026/3/21 22:00:11 update_uri() -> Fetch error: Error: read ECONNRESET
2026/3/21 22:00:11: getting new Url ->  null
2026/3/22 01:59:12 update_uri() -> Fetch error: AggregateError
2026/3/22 01:59:12: getting new Url ->  null
2026/3/22 02:00:10 update_uri() -> Fetch error: AggregateError
2026/3/22 02:00:10: getting new Url ->  null
2026/3/22 02:59:14 update_uri() -> Fetch error: AggregateError
2026/3/22 02:59:14: getting new Url ->  null
2026/3/22 03:00:05 update_uri() -> Fetch error: AggregateError
2026/3/22 03:00:05: getting new Url ->  null
2026/3/22 03:59:09 update_uri() -> Fetch error: AggregateError
2026/3/22 03:59:09: getting new Url ->  null
2026/3/22 04:00:11 update_uri() -> Fetch error: AggregateError
2026/3/22 04:00:11: getting new Url ->  null
2026/3/22 04:59:09 update_uri() -> Fetch error: AggregateError
2026/3/22 04:59:09: getting new Url ->  null
2026/3/22 05:00:05 update_uri() -> Fetch error: AggregateError
2026/3/22 05:00:05: getting new Url ->  null
2026/3/22 05:59:04 update_uri() -> Fetch error: AggregateError
2026/3/22 05:59:04: getting new Url ->  null
2026/3/22 06:00:09 update_uri() -> Fetch error: AggregateError
2026/3/22 06:00:09: getting new Url ->  null
2026/3/22 06:59:20 update_uri() -> Fetch error: AggregateError
2026/3/22 06:59:20: getting new Url ->  null
2026/3/22 07:00:04 update_uri() -> Fetch error: AggregateError
2026/3/22 07:00:04: getting new Url ->  null
2026/3/22 07:59:04 update_uri() -> Fetch error: AggregateError
2026/3/22 07:59:04: getting new Url ->  null
2026/3/22 08:00:11 update_uri() -> Fetch error: AggregateError
2026/3/22 08:00:11: getting new Url ->  null
2026/3/22 08:59:04 update_uri() -> Fetch error: AggregateError
2026/3/22 08:59:04: getting new Url ->  null
2026/3/22 09:00:07 update_uri() -> Fetch error: AggregateError
2026/3/22 09:00:07: getting new Url ->  null
2026/3/22 09:59:07 update_uri() -> Fetch error: AggregateError
2026/3/22 09:59:07: getting new Url ->  null
2026/3/22 10:00:25 update_uri() -> Fetch error: AggregateError
2026/3/22 10:00:25: getting new Url ->  null
2026/3/22 10:59:18 update_uri() -> Fetch error: AggregateError
2026/3/22 10:59:18: getting new Url ->  null
2026/3/22 11:00:11 update_uri() -> Fetch error: AggregateError
2026/3/22 11:00:11: getting new Url ->  null
2026/3/22 11:10:20 update_uri() -> Fetch error: AggregateError
2026/3/22 11:10:20: getting new Url ->  null
2026/3/22 11:30:12 update_uri() -> Fetch error: AggregateError
2026/3/22 11:30:12: getting new Url ->  null
2026/3/22 11:50:07 update_uri() -> Fetch error: Error: read ECONNRESET
2026/3/22 11:50:07: getting new Url ->  null
2026/3/22 12:00:15 update_uri() -> Fetch error: AggregateError
2026/3/22 12:00:15: getting new Url ->  null
2026/3/22 12:10:05 update_uri() -> Fetch error: AggregateError
2026/3/22 12:10:05: getting new Url ->  null
2026/3/22 12:50:02 update_uri() -> Fetch error: Error: read ECONNRESET
2026/3/22 12:50:02: getting new Url ->  null
2026/3/22 12:59:04 update_uri() -> Fetch error: Error: read ECONNRESET
2026/3/22 12:59:04: getting new Url ->  null
2026/3/22 13:59:14 update_uri() -> Fetch error: AggregateError
2026/3/22 13:59:14: getting new Url ->  null
2026/3/22 14:00:10 update_uri() -> Fetch error: AggregateError
2026/3/22 14:00:10: getting new Url ->  null
2026/3/22 14:10:13 update_uri() -> Fetch error: AggregateError
2026/3/22 14:10:13: getting new Url ->  null
2026/3/22 14:30:20 update_uri() -> Fetch error: AggregateError
2026/3/22 14:30:20: getting new Url ->  null
2026/3/22 14:50:09 update_uri() -> Fetch error: AggregateError
2026/3/22 14:50:09: getting new Url ->  null
2026/3/22 14:59:19 update_uri() -> Fetch error: AggregateError
2026/3/22 14:59:19: getting new Url ->  null
2026/3/22 15:00:39 update_uri() -> Fetch error: AggregateError
2026/3/22 15:00:39: getting new Url ->  null
2026/3/22 16:57:29Extracted src: https://fan3.206102.xyz/v2ray免费账号/
2026/3/22 16:57:26: nodePaths found in: [{"path":"C:\\Users\\Administrator\\scoop\\apps\\nodejs24\\current\\node.exe","osName":"Windows_NT","error":null},{"path":"C:\\msys64\\ucrt64\\bin\\node","osName":"MINGW32_NT-10.0","error":null},{"path":"C:\\msys64\\ucrt64\\bin\\node.exe","osName":"MINGW32_NT-10.0","error":null}]
2026/3/22 16:57:26: C:\Users\Administrator\scoop\apps\nodejs24\current\node.exe
2026/3/22 16:57:29: parse_data() -> https://fan3.206102.xyz/v2ray免费账号/
2026/3/22 16:57:29: getting new Url ->  https://fan3.206102.xyz/v2ray免费账号/
2026/3/22 16:57:29: parse_data() -> https://fan3.206102.xyz/ss免费账号/
2026/3/22 17:58:11Extracted src: https://fan3.206102.xyz/v2ray免费账号/
2026/3/22 17:58:08: nodePaths found in: [{"path":"C:\\Users\\Administrator\\scoop\\apps\\nodejs24\\current\\node.exe","osName":"Windows_NT","error":null},{"path":"C:\\msys64\\ucrt64\\bin\\node","osName":"MINGW32_NT-10.0","error":null},{"path":"C:\\msys64\\ucrt64\\bin\\node.exe","osName":"MINGW32_NT-10.0","error":null}]
2026/3/22 17:58:08: C:\Users\Administrator\scoop\apps\nodejs24\current\node.exe
2026/3/22 17:58:11: parse_data() -> https://fan3.206102.xyz/v2ray免费账号/
2026/3/22 17:58:11: getting new Url ->  https://fan3.206102.xyz/v2ray免费账号/
2026/3/22 17:58:11: parse_data() -> https://fan3.206102.xyz/ss免费账号/
2026/3/22 18:58:30Extracted src: https://fan3.206102.xyz/v2ray免费账号/
2026/3/22 18:58:25: nodePaths found in: [{"path":"C:\\Users\\Administrator\\scoop\\apps\\nodejs24\\current\\node.exe","osName":"Windows_NT","error":null},{"path":"C:\\msys64\\ucrt64\\bin\\node","osName":"MINGW32_NT-10.0","error":null},{"path":"C:\\msys64\\ucrt64\\bin\\node.exe","osName":"MINGW32_NT-10.0","error":null}]
2026/3/22 18:58:30: getting new Url ->  https://fan3.206102.xyz/v2ray免费账号/
2026/3/22 18:58:25: C:\Users\Administrator\scoop\apps\nodejs24\current\node.exe
2026/3/22 18:58:30: parse_data() -> https://fan3.206102.xyz/ss免费账号/
2026/3/22 18:58:30: parse_data() -> https://fan3.206102.xyz/v2ray免费账号/
2026/3/22 19:59:15Extracted src: https://fan3.206102.xyz/v2ray免费账号/
2026/3/22 19:59:08: nodePaths found in: [{"path":"C:\\Users\\Administrator\\scoop\\apps\\nodejs24\\current\\node.exe","osName":"Windows_NT","error":null},{"path":"C:\\msys64\\ucrt64\\bin\\node","osName":"MINGW32_NT-10.0","error":null},{"path":"C:\\msys64\\ucrt64\\bin\\node.exe","osName":"MINGW32_NT-10.0","error":null}]
2026/3/22 19:59:15: getting new Url ->  https://fan3.206102.xyz/v2ray免费账号/
2026/3/22 19:59:08: C:\Users\Administrator\scoop\apps\nodejs24\current\node.exe
2026/3/22 19:59:15: parse_data() -> https://fan3.206102.xyz/v2ray免费账号/
2026/3/22 19:59:15: parse_data() -> https://fan3.206102.xyz/ss免费账号/
2026/3/22 22:00:38Extracted src: https://fan3.206102.xyz/v2ray免费账号/
2026/3/22 22:00:28: nodePaths found in: [{"path":"C:\\Users\\Administrator\\scoop\\apps\\nodejs24\\current\\node.exe","osName":"Windows_NT","error":null},{"path":"C:\\msys64\\ucrt64\\bin\\node","osName":"MINGW32_NT-10.0","error":null},{"path":"C:\\msys64\\ucrt64\\bin\\node.exe","osName":"MINGW32_NT-10.0","error":null}]
2026/3/22 22:00:28: C:\Users\Administrator\scoop\apps\nodejs24\current\node.exe
2026/3/22 22:00:38: getting new Url ->  https://fan3.206102.xyz/v2ray免费账号/
2026/3/22 22:00:38: parse_data() -> https://fan3.206102.xyz/ss免费账号/
2026/3/22 22:00:38: parse_data() -> https://fan3.206102.xyz/v2ray免费账号/
2026/3/22 22:59:56 update_uri() -> Fetch error: Error: getaddrinfo EAI_AGAIN s3.dualstack.us-west-2.amazonaws.com
2026/3/22 22:59:56: getting new Url ->  null
2026/3/23 11:16:46 update_uri() -> Fetch error: AggregateError
2026/3/23 11:16:47: getting new Url ->  null
2026/3/23 11:59:02 update_uri() -> Fetch error: AggregateError
2026/3/23 11:59:02: getting new Url ->  null
2026/3/23 12:59:02 update_uri() -> Fetch error: Error: read ECONNRESET
2026/3/23 12:59:02: getting new Url ->  null
2026/3/23 13:59:08 update_uri() -> Fetch error: AggregateError
2026/3/23 13:59:08: getting new Url ->  null
2026/3/23 14:00:19 update_uri() -> Fetch error: AggregateError
2026/3/23 14:00:19: getting new Url ->  null
2026/3/23 14:59:01 update_uri() -> Fetch error: AggregateError
2026/3/23 14:59:01: getting new Url ->  null
2026/3/23 15:00:02 update_uri() -> Fetch error: AggregateError
2026/3/23 15:00:02: getting new Url ->  null
2026/3/23 15:59:05 update_uri() -> Fetch error: AggregateError
2026/3/23 15:59:05: getting new Url ->  null
2026/3/23 16:00:04 update_uri() -> Fetch error: AggregateError
2026/3/23 16:00:04: getting new Url ->  null
2026/3/23 18:59:14 update_uri() -> Fetch error: AggregateError
2026/3/23 18:59:14: getting new Url ->  null
2026/3/23 19:00:14 update_uri() -> Fetch error: AggregateError
2026/3/23 19:00:14: getting new Url ->  null
2026/3/23 19:59:22 update_uri() -> Fetch error: Error: read ECONNRESET
2026/3/23 19:59:22: getting new Url ->  null
2026/3/23 20:00:20 update_uri() -> Fetch error: Error: read ECONNRESET
2026/3/23 20:00:20: getting new Url ->  null
2026/3/23 21:00:13 update_uri() -> Fetch error: AggregateError
2026/3/23 21:00:13: getting new Url ->  null
2026/3/23 21:59:30 update_uri() -> Fetch error: AggregateError
2026/3/23 21:59:30: getting new Url ->  null
2026/3/23 23:00:24 update_uri() -> Fetch error: Error: read ECONNRESET
2026/3/23 23:00:24: getting new Url ->  null
2026/3/24 08:53:42 update_uri() -> Fetch error: AxiosError: Request failed with status code 502
2026/3/24 08:53:42: nodePaths found in: [{"path":"C:\\Users\\Administrator\\scoop\\apps\\nodejs24\\current\\node.exe","osName":"Windows_NT","error":null},{"path":"C:\\msys64\\ucrt64\\bin\\node","osName":"MINGW32_NT-10.0","error":null},{"path":"C:\\msys64\\ucrt64\\bin\\node.exe","osName":"MINGW32_NT-10.0","error":null}]
2026/3/24 08:53:42: C:\Users\Administrator\scoop\apps\nodejs24\current\node.exe
2026/3/24 08:53:42: getting new Url ->  null
2026/3/24 09:54:13Extracted src: https://fan3.206102.xyz/v2ray免费账号/
2026/3/24 09:54:02: nodePaths found in: [{"path":"C:\\Users\\Administrator\\scoop\\apps\\nodejs24\\current\\node.exe","osName":"Windows_NT","error":null},{"path":"C:\\msys64\\ucrt64\\bin\\node","osName":"MINGW32_NT-10.0","error":null},{"path":"C:\\msys64\\ucrt64\\bin\\node.exe","osName":"MINGW32_NT-10.0","error":null}]
2026/3/24 09:54:13: parse_data() -> https://fan3.206102.xyz/v2ray免费账号/
2026/3/24 09:54:02: C:\Users\Administrator\scoop\apps\nodejs24\current\node.exe
2026/3/24 09:54:13: getting new Url ->  https://fan3.206102.xyz/v2ray免费账号/
2026/3/24 09:54:13: parse_data() -> https://fan3.206102.xyz/ss免费账号/
2026/3/24 10:55:25 update_uri() -> Fetch error: AxiosError: Request failed with status code 502
2026/3/24 10:55:04: nodePaths found in: [{"path":"C:\\Users\\Administrator\\scoop\\apps\\nodejs24\\current\\node.exe","osName":"Windows_NT","error":null},{"path":"C:\\msys64\\ucrt64\\bin\\node","osName":"MINGW32_NT-10.0","error":null},{"path":"C:\\msys64\\ucrt64\\bin\\node.exe","osName":"MINGW32_NT-10.0","error":null}]
2026/3/24 10:55:04: C:\Users\Administrator\scoop\apps\nodejs24\current\node.exe
2026/3/24 10:55:25: getting new Url ->  null
2026/3/24 12:57:17Extracted src: https://fan3.206102.xyz/v2ray免费账号/
2026/3/24 12:57:09: nodePaths found in: [{"path":"C:\\Users\\Administrator\\scoop\\apps\\nodejs24\\current\\node.exe","osName":"Windows_NT","error":null},{"path":"C:\\msys64\\ucrt64\\bin\\node","osName":"MINGW32_NT-10.0","error":null},{"path":"C:\\msys64\\ucrt64\\bin\\node.exe","osName":"MINGW32_NT-10.0","error":null}]
2026/3/24 12:57:09: C:\Users\Administrator\scoop\apps\nodejs24\current\node.exe
2026/3/24 12:57:17: getting new Url ->  https://fan3.206102.xyz/v2ray免费账号/
2026/3/24 12:57:17: parse_data() -> https://fan3.206102.xyz/ss免费账号/
2026/3/24 12:57:17: parse_data() -> https://fan3.206102.xyz/v2ray免费账号/
2026/3/24 14:20:49Extracted src: https://fan3.206102.xyz/v2ray免费账号/
2026/3/24 14:20:46: nodePaths found in: [{"path":"C:\\Users\\Administrator\\scoop\\apps\\nodejs24\\current\\node.exe","osName":"Windows_NT","error":null},{"path":"C:\\msys64\\ucrt64\\bin\\node","osName":"MINGW32_NT-10.0","error":null},{"path":"C:\\msys64\\ucrt64\\bin\\node.exe","osName":"MINGW32_NT-10.0","error":null}]
2026/3/24 14:20:46: C:\Users\Administrator\scoop\apps\nodejs24\current\node.exe
2026/3/24 14:20:49: getting new Url ->  https://fan3.206102.xyz/v2ray免费账号/
2026/3/24 14:20:49: parse_data() -> https://fan3.206102.xyz/v2ray免费账号/
2026/3/24 14:20:49: parse_data() -> https://fan3.206102.xyz/ss免费账号/
2026/3/24 16:22:49Extracted src: https://fan3.206102.xyz/v2ray免费账号/
2026/3/24 16:22:41: nodePaths found in: [{"path":"C:\\Users\\Administrator\\scoop\\apps\\nodejs24\\current\\node.exe","osName":"Windows_NT","error":null},{"path":"C:\\msys64\\ucrt64\\bin\\node","osName":"MINGW32_NT-10.0","error":null},{"path":"C:\\msys64\\ucrt64\\bin\\node.exe","osName":"MINGW32_NT-10.0","error":null}]
2026/3/24 16:22:41: C:\Users\Administrator\scoop\apps\nodejs24\current\node.exe
2026/3/24 16:22:49: getting new Url ->  https://fan3.206102.xyz/v2ray免费账号/
2026/3/24 16:22:49: parse_data() -> https://fan3.206102.xyz/v2ray免费账号/
2026/3/24 16:22:49: parse_data() -> https://fan3.206102.xyz/ss免费账号/
2026/3/24 19:25:47Extracted src: https://fan3.206102.xyz/v2ray免费账号/
2026/3/24 19:25:42: nodePaths found in: [{"path":"C:\\Users\\Administrator\\scoop\\apps\\nodejs24\\current\\node.exe","osName":"Windows_NT","error":null},{"path":"C:\\msys64\\ucrt64\\bin\\node","osName":"MINGW32_NT-10.0","error":null},{"path":"C:\\msys64\\ucrt64\\bin\\node.exe","osName":"MINGW32_NT-10.0","error":null}]
2026/3/24 19:25:42: C:\Users\Administrator\scoop\apps\nodejs24\current\node.exe
2026/3/24 19:25:47: getting new Url ->  https://fan3.206102.xyz/v2ray免费账号/
2026/3/24 19:25:47: parse_data() -> https://fan3.206102.xyz/ss免费账号/
2026/3/24 19:25:47: parse_data() -> https://fan3.206102.xyz/v2ray免费账号/
2026/3/24 22:30:24Extracted src: https://fan3.206102.xyz/v2ray免费账号/
2026/3/24 22:30:21: nodePaths found in: [{"path":"C:\\Users\\Administrator\\scoop\\apps\\nodejs24\\current\\node.exe","osName":"Windows_NT","error":null},{"path":"C:\\msys64\\ucrt64\\bin\\node","osName":"MINGW32_NT-10.0","error":null},{"path":"C:\\msys64\\ucrt64\\bin\\node.exe","osName":"MINGW32_NT-10.0","error":null}]
2026/3/24 22:30:21: C:\Users\Administrator\scoop\apps\nodejs24\current\node.exe
2026/3/24 22:30:24: getting new Url ->  https://fan3.206102.xyz/v2ray免费账号/
2026/3/24 22:30:24: parse_data() -> https://fan3.206102.xyz/v2ray免费账号/
2026/3/24 22:30:24: parse_data() -> https://fan3.206102.xyz/ss免费账号/
2026/3/24 23:31:24Extracted src: https://fan3.206102.xyz/v2ray免费账号/
2026/3/24 23:31:21: C:\Users\Administrator\scoop\apps\nodejs24\current\node.exe
2026/3/24 23:31:21: nodePaths found in: [{"path":"C:\\Users\\Administrator\\scoop\\apps\\nodejs24\\current\\node.exe","osName":"Windows_NT","error":null},{"path":"C:\\msys64\\ucrt64\\bin\\node","osName":"MINGW32_NT-10.0","error":null},{"path":"C:\\msys64\\ucrt64\\bin\\node.exe","osName":"MINGW32_NT-10.0","error":null}]
2026/3/24 23:31:24: getting new Url ->  https://fan3.206102.xyz/v2ray免费账号/
2026/3/24 23:31:24: parse_data() -> https://fan3.206102.xyz/v2ray免费账号/
2026/3/24 23:31:24: parse_data() -> https://fan3.206102.xyz/ss免费账号/
2026/3/25 00:31:54Extracted src: https://fan3.206102.xyz/v2ray免费账号/
2026/3/25 00:31:50: C:\Users\Administrator\scoop\apps\nodejs24\current\node.exe
2026/3/25 00:31:54: getting new Url ->  https://fan3.206102.xyz/v2ray免费账号/
2026/3/25 00:31:50: nodePaths found in: [{"path":"C:\\Users\\Administrator\\scoop\\apps\\nodejs24\\current\\node.exe","osName":"Windows_NT","error":null},{"path":"C:\\msys64\\ucrt64\\bin\\node","osName":"MINGW32_NT-10.0","error":null},{"path":"C:\\msys64\\ucrt64\\bin\\node.exe","osName":"MINGW32_NT-10.0","error":null}]
2026/3/25 00:31:54: parse_data() -> https://fan3.206102.xyz/v2ray免费账号/
2026/3/25 00:31:54: parse_data() -> https://fan3.206102.xyz/ss免费账号/
2026/3/25 01:32:21Extracted src: https://fan3.206102.xyz/v2ray免费账号/
2026/3/25 01:32:19: nodePaths found in: [{"path":"C:\\Users\\Administrator\\scoop\\apps\\nodejs24\\current\\node.exe","osName":"Windows_NT","error":null},{"path":"C:\\msys64\\ucrt64\\bin\\node","osName":"MINGW32_NT-10.0","error":null},{"path":"C:\\msys64\\ucrt64\\bin\\node.exe","osName":"MINGW32_NT-10.0","error":null}]
2026/3/25 01:32:19: C:\Users\Administrator\scoop\apps\nodejs24\current\node.exe
2026/3/25 01:32:21: getting new Url ->  https://fan3.206102.xyz/v2ray免费账号/
2026/3/25 01:32:21: parse_data() -> https://fan3.206102.xyz/v2ray免费账号/
2026/3/25 01:32:21: parse_data() -> https://fan3.206102.xyz/ss免费账号/
2026/3/25 02:32:53Extracted src: https://fan3.206102.xyz/v2ray免费账号/
2026/3/25 02:32:51: nodePaths found in: [{"path":"C:\\Users\\Administrator\\scoop\\apps\\nodejs24\\current\\node.exe","osName":"Windows_NT","error":null},{"path":"C:\\msys64\\ucrt64\\bin\\node","osName":"MINGW32_NT-10.0","error":null},{"path":"C:\\msys64\\ucrt64\\bin\\node.exe","osName":"MINGW32_NT-10.0","error":null}]
2026/3/25 02:32:51: C:\Users\Administrator\scoop\apps\nodejs24\current\node.exe
2026/3/25 02:32:53: getting new Url ->  https://fan3.206102.xyz/v2ray免费账号/
2026/3/25 02:32:53: parse_data() -> https://fan3.206102.xyz/ss免费账号/
2026/3/25 02:32:53: parse_data() -> https://fan3.206102.xyz/v2ray免费账号/
2026/3/25 03:33:22Extracted src: https://fan3.206102.xyz/v2ray免费账号/
2026/3/25 03:33:20: nodePaths found in: [{"path":"C:\\Users\\Administrator\\scoop\\apps\\nodejs24\\current\\node.exe","osName":"Windows_NT","error":null},{"path":"C:\\msys64\\ucrt64\\bin\\node","osName":"MINGW32_NT-10.0","error":null},{"path":"C:\\msys64\\ucrt64\\bin\\node.exe","osName":"MINGW32_NT-10.0","error":null}]
2026/3/25 03:33:22: getting new Url ->  https://fan3.206102.xyz/v2ray免费账号/
2026/3/25 03:33:20: C:\Users\Administrator\scoop\apps\nodejs24\current\node.exe
2026/3/25 03:33:22: parse_data() -> https://fan3.206102.xyz/ss免费账号/
2026/3/25 03:33:22: parse_data() -> https://fan3.206102.xyz/v2ray免费账号/
2026/3/25 04:33:52Extracted src: https://fan3.206102.xyz/v2ray免费账号/
2026/3/25 04:33:50: nodePaths found in: [{"path":"C:\\Users\\Administrator\\scoop\\apps\\nodejs24\\current\\node.exe","osName":"Windows_NT","error":null},{"path":"C:\\msys64\\ucrt64\\bin\\node","osName":"MINGW32_NT-10.0","error":null},{"path":"C:\\msys64\\ucrt64\\bin\\node.exe","osName":"MINGW32_NT-10.0","error":null}]
2026/3/25 04:33:50: C:\Users\Administrator\scoop\apps\nodejs24\current\node.exe
2026/3/25 04:33:52: getting new Url ->  https://fan3.206102.xyz/v2ray免费账号/
2026/3/25 04:33:52: parse_data() -> https://fan3.206102.xyz/ss免费账号/
2026/3/25 04:33:52: parse_data() -> https://fan3.206102.xyz/v2ray免费账号/
2026/3/25 05:34:23Extracted src: https://fan3.206102.xyz/v2ray免费账号/
2026/3/25 05:34:24: getting new Url ->  https://fan3.206102.xyz/v2ray免费账号/
2026/3/25 05:34:21: nodePaths found in: [{"path":"C:\\Users\\Administrator\\scoop\\apps\\nodejs24\\current\\node.exe","osName":"Windows_NT","error":null},{"path":"C:\\msys64\\ucrt64\\bin\\node","osName":"MINGW32_NT-10.0","error":null},{"path":"C:\\msys64\\ucrt64\\bin\\node.exe","osName":"MINGW32_NT-10.0","error":null}]
2026/3/25 05:34:21: C:\Users\Administrator\scoop\apps\nodejs24\current\node.exe
2026/3/25 05:34:24: parse_data() -> https://fan3.206102.xyz/v2ray免费账号/
2026/3/25 05:34:24: parse_data() -> https://fan3.206102.xyz/ss免费账号/
2026/3/25 06:35:25Extracted src: https://fan3.206102.xyz/v2ray免费账号/
2026/3/25 06:35:20: nodePaths found in: [{"path":"C:\\Users\\Administrator\\scoop\\apps\\nodejs24\\current\\node.exe","osName":"Windows_NT","error":null},{"path":"C:\\msys64\\ucrt64\\bin\\node","osName":"MINGW32_NT-10.0","error":null},{"path":"C:\\msys64\\ucrt64\\bin\\node.exe","osName":"MINGW32_NT-10.0","error":null}]
2026/3/25 06:35:22: getting new Url ->  https://fan3.206102.xyz/v2ray免费账号/
2026/3/25 06:35:20: C:\Users\Administrator\scoop\apps\nodejs24\current\node.exe
2026/3/25 06:35:22: parse_data() -> https://fan3.206102.xyz/ss免费账号/
2026/3/25 06:35:22: parse_data() -> https://fan3.206102.xyz/v2ray免费账号/
2026/3/25 10:43:26Extracted src: https://fan3.206102.xyz/v2ray免费账号/
2026/3/25 10:43:23: nodePaths found in: [{"path":"C:\\Users\\Administrator\\scoop\\apps\\nodejs24\\current\\node.exe","osName":"Windows_NT","error":null},{"path":"C:\\msys64\\ucrt64\\bin\\node","osName":"MINGW32_NT-10.0","error":null},{"path":"C:\\msys64\\ucrt64\\bin\\node.exe","osName":"MINGW32_NT-10.0","error":null}]
2026/3/25 10:43:23: C:\Users\Administrator\scoop\apps\nodejs24\current\node.exe
2026/3/25 10:43:26: getting new Url ->  https://fan3.206102.xyz/v2ray免费账号/
2026/3/25 10:43:26: parse_data() -> https://fan3.206102.xyz/v2ray免费账号/
2026/3/25 10:43:26: parse_data() -> https://fan3.206102.xyz/ss免费账号/
2026/3/25 11:44:26Extracted src: https://fan3.206102.xyz/v2ray免费账号/
2026/3/25 11:44:24: nodePaths found in: [{"path":"C:\\Users\\Administrator\\scoop\\apps\\nodejs24\\current\\node.exe","osName":"Windows_NT","error":null},{"path":"C:\\msys64\\ucrt64\\bin\\node","osName":"MINGW32_NT-10.0","error":null},{"path":"C:\\msys64\\ucrt64\\bin\\node.exe","osName":"MINGW32_NT-10.0","error":null}]
2026/3/25 11:44:24: C:\Users\Administrator\scoop\apps\nodejs24\current\node.exe
2026/3/25 11:44:26: getting new Url ->  https://fan3.206102.xyz/v2ray免费账号/
2026/3/25 11:44:26: parse_data() -> https://fan3.206102.xyz/ss免费账号/
2026/3/25 11:44:26: parse_data() -> https://fan3.206102.xyz/v2ray免费账号/
2026/3/25 13:46:26Extracted src: https://fan3.206102.xyz/v2ray免费账号/
2026/3/25 13:46:23: nodePaths found in: [{"path":"C:\\Users\\Administrator\\scoop\\apps\\nodejs24\\current\\node.exe","osName":"Windows_NT","error":null},{"path":"C:\\msys64\\ucrt64\\bin\\node","osName":"MINGW32_NT-10.0","error":null},{"path":"C:\\msys64\\ucrt64\\bin\\node.exe","osName":"MINGW32_NT-10.0","error":null}]
2026/3/25 13:46:23: C:\Users\Administrator\scoop\apps\nodejs24\current\node.exe
2026/3/25 13:46:26: parse_data() -> https://fan3.206102.xyz/v2ray免费账号/
2026/3/25 13:46:26: getting new Url ->  https://fan3.206102.xyz/v2ray免费账号/
2026/3/25 13:46:26: parse_data() -> https://fan3.206102.xyz/ss免费账号/
2026/3/25 14:47:26Extracted src: https://fan3.206102.xyz/v2ray免费账号/
2026/3/25 14:47:24: nodePaths found in: [{"path":"C:\\Users\\Administrator\\scoop\\apps\\nodejs24\\current\\node.exe","osName":"Windows_NT","error":null},{"path":"C:\\msys64\\ucrt64\\bin\\node","osName":"MINGW32_NT-10.0","error":null},{"path":"C:\\msys64\\ucrt64\\bin\\node.exe","osName":"MINGW32_NT-10.0","error":null}]
2026/3/25 14:47:24: C:\Users\Administrator\scoop\apps\nodejs24\current\node.exe
2026/3/25 14:47:26: getting new Url ->  https://fan3.206102.xyz/v2ray免费账号/
2026/3/25 14:47:26: parse_data() -> https://fan3.206102.xyz/ss免费账号/
2026/3/25 14:47:26: parse_data() -> https://fan3.206102.xyz/v2ray免费账号/
2026/3/25 15:48:26Extracted src: https://fan3.206102.xyz/v2ray免费账号/
2026/3/25 15:48:24: nodePaths found in: [{"path":"C:\\Users\\Administrator\\scoop\\apps\\nodejs24\\current\\node.exe","osName":"Windows_NT","error":null},{"path":"C:\\msys64\\ucrt64\\bin\\node","osName":"MINGW32_NT-10.0","error":null},{"path":"C:\\msys64\\ucrt64\\bin\\node.exe","osName":"MINGW32_NT-10.0","error":null}]
2026/3/25 15:48:24: C:\Users\Administrator\scoop\apps\nodejs24\current\node.exe
2026/3/25 15:48:26: getting new Url ->  https://fan3.206102.xyz/v2ray免费账号/
2026/3/25 15:48:26: parse_data() -> https://fan3.206102.xyz/ss免费账号/
2026/3/25 15:48:26: parse_data() -> https://fan3.206102.xyz/v2ray免费账号/
2026/3/25 17:50:26Extracted src: https://fan3.206102.xyz/v2ray免费账号/
2026/3/25 17:50:23: nodePaths found in: [{"path":"C:\\Users\\Administrator\\scoop\\apps\\nodejs24\\current\\node.exe","osName":"Windows_NT","error":null},{"path":"C:\\msys64\\ucrt64\\bin\\node","osName":"MINGW32_NT-10.0","error":null},{"path":"C:\\msys64\\ucrt64\\bin\\node.exe","osName":"MINGW32_NT-10.0","error":null}]
2026/3/25 17:50:23: C:\Users\Administrator\scoop\apps\nodejs24\current\node.exe
2026/3/25 17:50:26: getting new Url ->  https://fan3.206102.xyz/v2ray免费账号/
2026/3/25 17:50:26: parse_data() -> https://fan3.206102.xyz/ss免费账号/
2026/3/25 17:50:26: parse_data() -> https://fan3.206102.xyz/v2ray免费账号/
2026/3/25 19:52:28Extracted src: https://fan3.206102.xyz/v2ray免费账号/
2026/3/25 19:52:25: C:\Users\Administrator\scoop\apps\nodejs24\current\node.exe
2026/3/25 19:52:28: parse_data() -> https://fan3.206102.xyz/v2ray免费账号/
2026/3/25 19:52:28: parse_data() -> https://fan3.206102.xyz/ss免费账号/
2026/3/25 19:52:25: nodePaths found in: [{"path":"C:\\Users\\Administrator\\scoop\\apps\\nodejs24\\current\\node.exe","osName":"Windows_NT","error":null},{"path":"C:\\msys64\\ucrt64\\bin\\node","osName":"MINGW32_NT-10.0","error":null},{"path":"C:\\msys64\\ucrt64\\bin\\node.exe","osName":"MINGW32_NT-10.0","error":null}]
2026/3/25 19:52:28: getting new Url ->  https://fan3.206102.xyz/v2ray免费账号/
2026/3/25 20:53:26Extracted src: https://fan3.206102.xyz/v2ray免费账号/
2026/3/25 20:53:24: nodePaths found in: [{"path":"C:\\Users\\Administrator\\scoop\\apps\\nodejs24\\current\\node.exe","osName":"Windows_NT","error":null},{"path":"C:\\msys64\\ucrt64\\bin\\node","osName":"MINGW32_NT-10.0","error":null},{"path":"C:\\msys64\\ucrt64\\bin\\node.exe","osName":"MINGW32_NT-10.0","error":null}]
2026/3/25 20:53:26: getting new Url ->  https://fan3.206102.xyz/v2ray免费账号/
2026/3/25 20:53:24: C:\Users\Administrator\scoop\apps\nodejs24\current\node.exe
2026/3/25 20:53:26: parse_data() -> https://fan3.206102.xyz/v2ray免费账号/
2026/3/25 20:53:26: parse_data() -> https://fan3.206102.xyz/ss免费账号/
2026/3/26 08:08:54Extracted src: https://fan3.206102.xyz/v2ray免费账号/
2026/3/26 08:08:52: nodePaths found in: [{"path":"C:\\Users\\Administrator\\scoop\\apps\\nodejs24\\current\\node.exe","osName":"Windows_NT","error":null},{"path":"C:\\msys64\\ucrt64\\bin\\node","osName":"MINGW32_NT-10.0","error":null},{"path":"C:\\msys64\\ucrt64\\bin\\node.exe","osName":"MINGW32_NT-10.0","error":null}]
2026/3/26 08:08:52: C:\Users\Administrator\scoop\apps\nodejs24\current\node.exe
2026/3/26 08:08:54: parse_data() -> https://fan3.206102.xyz/v2ray免费账号/
2026/3/26 08:08:54: getting new Url ->  https://fan3.206102.xyz/v2ray免费账号/
2026/3/26 08:08:54: parse_data() -> https://fan3.206102.xyz/ss免费账号/
2026/3/26 13:22:06 update_uri() -> Fetch error: AxiosError: Request failed with status code 502
2026/3/26 13:22:01: nodePaths found in: [{"path":"C:\\Users\\Administrator\\scoop\\apps\\nodejs24\\current\\node.exe","osName":"Windows_NT","error":null},{"path":"C:\\msys64\\ucrt64\\bin\\node","osName":"MINGW32_NT-10.0","error":null},{"path":"C:\\msys64\\ucrt64\\bin\\node.exe","osName":"MINGW32_NT-10.0","error":null}]
2026/3/26 13:22:01: C:\Users\Administrator\scoop\apps\nodejs24\current\node.exe
2026/3/26 13:22:06: getting new Url ->  null
2026/3/26 14:22:55Extracted src: https://fan3.206102.xyz/v2ray免费账号/
2026/3/26 14:22:53: nodePaths found in: [{"path":"C:\\Users\\Administrator\\scoop\\apps\\nodejs24\\current\\node.exe","osName":"Windows_NT","error":null},{"path":"C:\\msys64\\ucrt64\\bin\\node","osName":"MINGW32_NT-10.0","error":null},{"path":"C:\\msys64\\ucrt64\\bin\\node.exe","osName":"MINGW32_NT-10.0","error":null}]
2026/3/26 14:22:53: C:\Users\Administrator\scoop\apps\nodejs24\current\node.exe
2026/3/26 14:22:55: getting new Url ->  https://fan3.206102.xyz/v2ray免费账号/
2026/3/26 14:22:55: parse_data() -> https://fan3.206102.xyz/v2ray免费账号/
2026/3/26 14:22:55: parse_data() -> https://fan3.206102.xyz/ss免费账号/
2026/3/26 15:23:50Extracted src: https://fan3.206102.xyz/v2ray免费账号/
2026/3/26 15:23:47: C:\Users\Administrator\scoop\apps\nodejs24\current\node.exe
2026/3/26 15:23:47: nodePaths found in: [{"path":"C:\\Users\\Administrator\\scoop\\apps\\nodejs24\\current\\node.exe","osName":"Windows_NT","error":null},{"path":"C:\\msys64\\ucrt64\\bin\\node","osName":"MINGW32_NT-10.0","error":null},{"path":"C:\\msys64\\ucrt64\\bin\\node.exe","osName":"MINGW32_NT-10.0","error":null}]
2026/3/26 15:23:50: parse_data() -> https://fan3.206102.xyz/v2ray免费账号/
2026/3/26 15:23:50: getting new Url ->  https://fan3.206102.xyz/v2ray免费账号/
2026/3/26 15:23:50: parse_data() -> https://fan3.206102.xyz/ss免费账号/
2026/3/26 16:24:56Extracted src: https://fan3.206102.xyz/v2ray免费账号/
2026/3/26 16:24:53: C:\Users\Administrator\scoop\apps\nodejs24\current\node.exe
2026/3/26 16:24:53: nodePaths found in: [{"path":"C:\\Users\\Administrator\\scoop\\apps\\nodejs24\\current\\node.exe","osName":"Windows_NT","error":null},{"path":"C:\\msys64\\ucrt64\\bin\\node","osName":"MINGW32_NT-10.0","error":null},{"path":"C:\\msys64\\ucrt64\\bin\\node.exe","osName":"MINGW32_NT-10.0","error":null}]
2026/3/26 16:24:56: getting new Url ->  https://fan3.206102.xyz/v2ray免费账号/
2026/3/26 16:24:56: parse_data() -> https://fan3.206102.xyz/ss免费账号/
2026/3/26 16:24:56: parse_data() -> https://fan3.206102.xyz/v2ray免费账号/
2026/3/26 17:25:56Extracted src: https://fan3.206102.xyz/v2ray免费账号/
2026/3/26 17:25:53: nodePaths found in: [{"path":"C:\\Users\\Administrator\\scoop\\apps\\nodejs24\\current\\node.exe","osName":"Windows_NT","error":null},{"path":"C:\\msys64\\ucrt64\\bin\\node","osName":"MINGW32_NT-10.0","error":null},{"path":"C:\\msys64\\ucrt64\\bin\\node.exe","osName":"MINGW32_NT-10.0","error":null}]
2026/3/26 17:25:53: C:\Users\Administrator\scoop\apps\nodejs24\current\node.exe
2026/3/26 17:25:56: getting new Url ->  https://fan3.206102.xyz/v2ray免费账号/
2026/3/26 17:25:56: parse_data() -> https://fan3.206102.xyz/v2ray免费账号/
2026/3/26 17:25:56: parse_data() -> https://fan3.206102.xyz/ss免费账号/
2026/3/26 18:26:56Extracted src: https://fan3.206102.xyz/v2ray免费账号/
2026/3/26 18:26:53: nodePaths found in: [{"path":"C:\\Users\\Administrator\\scoop\\apps\\nodejs24\\current\\node.exe","osName":"Windows_NT","error":null},{"path":"C:\\msys64\\ucrt64\\bin\\node","osName":"MINGW32_NT-10.0","error":null},{"path":"C:\\msys64\\ucrt64\\bin\\node.exe","osName":"MINGW32_NT-10.0","error":null}]
2026/3/26 18:26:56: getting new Url ->  https://fan3.206102.xyz/v2ray免费账号/
2026/3/26 18:26:53: C:\Users\Administrator\scoop\apps\nodejs24\current\node.exe
2026/3/26 18:26:56: parse_data() -> https://fan3.206102.xyz/ss免费账号/
2026/3/26 18:26:56: parse_data() -> https://fan3.206102.xyz/v2ray免费账号/
2026/3/26 20:28:56Extracted src: https://fan3.206102.xyz/v2ray免费账号/
2026/3/26 20:28:54: C:\Users\Administrator\scoop\apps\nodejs24\current\node.exe
2026/3/26 20:28:54: nodePaths found in: [{"path":"C:\\Users\\Administrator\\scoop\\apps\\nodejs24\\current\\node.exe","osName":"Windows_NT","error":null},{"path":"C:\\msys64\\ucrt64\\bin\\node","osName":"MINGW32_NT-10.0","error":null},{"path":"C:\\msys64\\ucrt64\\bin\\node.exe","osName":"MINGW32_NT-10.0","error":null}]
2026/3/26 20:28:56: parse_data() -> https://fan3.206102.xyz/v2ray免费账号/
2026/3/26 20:28:56: getting new Url ->  https://fan3.206102.xyz/v2ray免费账号/
2026/3/26 20:28:56: parse_data() -> https://fan3.206102.xyz/ss免费账号/
2026/3/26 21:29:56Extracted src: https://fan3.206102.xyz/v2ray免费账号/
2026/3/26 21:29:54: C:\Users\Administrator\scoop\apps\nodejs24\current\node.exe
2026/3/26 21:29:56: getting new Url ->  https://fan3.206102.xyz/v2ray免费账号/
2026/3/26 21:29:54: nodePaths found in: [{"path":"C:\\Users\\Administrator\\scoop\\apps\\nodejs24\\current\\node.exe","osName":"Windows_NT","error":null},{"path":"C:\\msys64\\ucrt64\\bin\\node","osName":"MINGW32_NT-10.0","error":null},{"path":"C:\\msys64\\ucrt64\\bin\\node.exe","osName":"MINGW32_NT-10.0","error":null}]
2026/3/26 21:29:56: parse_data() -> https://fan3.206102.xyz/ss免费账号/
2026/3/26 21:29:56: parse_data() -> https://fan3.206102.xyz/v2ray免费账号/
2026/3/26 22:30:58Extracted src: https://fan3.206102.xyz/v2ray免费账号/
2026/3/26 22:30:54: nodePaths found in: [{"path":"C:\\Users\\Administrator\\scoop\\apps\\nodejs24\\current\\node.exe","osName":"Windows_NT","error":null},{"path":"C:\\msys64\\ucrt64\\bin\\node","osName":"MINGW32_NT-10.0","error":null},{"path":"C:\\msys64\\ucrt64\\bin\\node.exe","osName":"MINGW32_NT-10.0","error":null}]
2026/3/26 22:30:54: C:\Users\Administrator\scoop\apps\nodejs24\current\node.exe
2026/3/26 22:30:58: parse_data() -> https://fan3.206102.xyz/ss免费账号/
2026/3/26 22:30:58: parse_data() -> https://fan3.206102.xyz/v2ray免费账号/
2026/3/26 22:30:58: getting new Url ->  https://fan3.206102.xyz/v2ray免费账号/
2026/3/26 23:31:57Extracted src: https://fan3.206102.xyz/v2ray免费账号/
2026/3/26 23:31:54: nodePaths found in: [{"path":"C:\\Users\\Administrator\\scoop\\apps\\nodejs24\\current\\node.exe","osName":"Windows_NT","error":null},{"path":"C:\\msys64\\ucrt64\\bin\\node","osName":"MINGW32_NT-10.0","error":null},{"path":"C:\\msys64\\ucrt64\\bin\\node.exe","osName":"MINGW32_NT-10.0","error":null}]
2026/3/26 23:31:57: getting new Url ->  https://fan3.206102.xyz/v2ray免费账号/
2026/3/26 23:31:57: parse_data() -> https://fan3.206102.xyz/v2ray免费账号/
2026/3/26 23:31:54: C:\Users\Administrator\scoop\apps\nodejs24\current\node.exe
2026/3/26 23:31:57: parse_data() -> https://fan3.206102.xyz/ss免费账号/
2026/3/27 00:32:57Extracted src: https://fan3.206102.xyz/v2ray免费账号/
2026/3/27 00:32:54: nodePaths found in: [{"path":"C:\\Users\\Administrator\\scoop\\apps\\nodejs24\\current\\node.exe","osName":"Windows_NT","error":null},{"path":"C:\\msys64\\ucrt64\\bin\\node","osName":"MINGW32_NT-10.0","error":null},{"path":"C:\\msys64\\ucrt64\\bin\\node.exe","osName":"MINGW32_NT-10.0","error":null}]
2026/3/27 00:32:57: getting new Url ->  https://fan3.206102.xyz/v2ray免费账号/
2026/3/27 00:32:54: C:\Users\Administrator\scoop\apps\nodejs24\current\node.exe
2026/3/27 00:32:57: parse_data() -> https://fan3.206102.xyz/v2ray免费账号/
2026/3/27 00:32:57: parse_data() -> https://fan3.206102.xyz/ss免费账号/
2026/3/27 12:04:08Extracted src: https://fan3.206102.xyz/v2ray免费账号/
2026/3/27 12:04:05: C:\Users\Administrator\scoop\apps\nodejs24\current\node.exe
2026/3/27 12:04:05: nodePaths found in: [{"path":"C:\\Users\\Administrator\\scoop\\apps\\nodejs24\\current\\node.exe","osName":"Windows_NT","error":null},{"path":"C:\\msys64\\ucrt64\\bin\\node","osName":"MINGW32_NT-10.0","error":null},{"path":"C:\\msys64\\ucrt64\\bin\\node.exe","osName":"MINGW32_NT-10.0","error":null}]
2026/3/27 12:04:08: getting new Url ->  https://fan3.206102.xyz/v2ray免费账号/
2026/3/27 12:04:08: parse_data() -> https://fan3.206102.xyz/v2ray免费账号/
2026/3/27 12:04:08: parse_data() -> https://fan3.206102.xyz/ss免费账号/
2026/3/27 13:04:24Extracted src: https://fan3.206102.xyz/v2ray免费账号/
2026/3/27 13:04:22: nodePaths found in: [{"path":"C:\\Users\\Administrator\\scoop\\apps\\nodejs24\\current\\node.exe","osName":"Windows_NT","error":null},{"path":"C:\\msys64\\ucrt64\\bin\\node","osName":"MINGW32_NT-10.0","error":null},{"path":"C:\\msys64\\ucrt64\\bin\\node.exe","osName":"MINGW32_NT-10.0","error":null}]
2026/3/27 13:04:22: C:\Users\Administrator\scoop\apps\nodejs24\current\node.exe
2026/3/27 13:04:24: getting new Url ->  https://fan3.206102.xyz/v2ray免费账号/
2026/3/27 13:04:24: parse_data() -> https://fan3.206102.xyz/v2ray免费账号/
2026/3/27 13:04:24: parse_data() -> https://fan3.206102.xyz/ss免费账号/
2026/3/27 14:05:26Extracted src: https://fan3.206102.xyz/v2ray免费账号/
2026/3/27 14:05:23: nodePaths found in: [{"path":"C:\\Users\\Administrator\\scoop\\apps\\nodejs24\\current\\node.exe","osName":"Windows_NT","error":null},{"path":"C:\\msys64\\ucrt64\\bin\\node","osName":"MINGW32_NT-10.0","error":null},{"path":"C:\\msys64\\ucrt64\\bin\\node.exe","osName":"MINGW32_NT-10.0","error":null}]
2026/3/27 14:05:23: C:\Users\Administrator\scoop\apps\nodejs24\current\node.exe
2026/3/27 14:05:27: getting new Url ->  https://fan3.206102.xyz/v2ray免费账号/
2026/3/27 14:05:27: parse_data() -> https://fan3.206102.xyz/v2ray免费账号/
2026/3/27 14:05:27: parse_data() -> https://fan3.206102.xyz/ss免费账号/
2026/3/27 15:06:25Extracted src: https://fan3.206102.xyz/v2ray免费账号/
2026/3/27 15:06:22: nodePaths found in: [{"path":"C:\\Users\\Administrator\\scoop\\apps\\nodejs24\\current\\node.exe","osName":"Windows_NT","error":null},{"path":"C:\\msys64\\ucrt64\\bin\\node","osName":"MINGW32_NT-10.0","error":null},{"path":"C:\\msys64\\ucrt64\\bin\\node.exe","osName":"MINGW32_NT-10.0","error":null}]
2026/3/27 15:06:25: getting new Url ->  https://fan3.206102.xyz/v2ray免费账号/
2026/3/27 15:06:22: C:\Users\Administrator\scoop\apps\nodejs24\current\node.exe
2026/3/27 15:06:25: parse_data() -> https://fan3.206102.xyz/v2ray免费账号/
2026/3/27 15:06:25: parse_data() -> https://fan3.206102.xyz/ss免费账号/
2026/3/27 16:07:25Extracted src: https://fan3.206102.xyz/v2ray免费账号/
2026/3/27 16:07:22: nodePaths found in: [{"path":"C:\\Users\\Administrator\\scoop\\apps\\nodejs24\\current\\node.exe","osName":"Windows_NT","error":null},{"path":"C:\\msys64\\ucrt64\\bin\\node","osName":"MINGW32_NT-10.0","error":null},{"path":"C:\\msys64\\ucrt64\\bin\\node.exe","osName":"MINGW32_NT-10.0","error":null}]
2026/3/27 16:07:22: C:\Users\Administrator\scoop\apps\nodejs24\current\node.exe
2026/3/27 16:07:25: getting new Url ->  https://fan3.206102.xyz/v2ray免费账号/
2026/3/27 16:07:25: parse_data() -> https://fan3.206102.xyz/v2ray免费账号/
2026/3/27 16:07:25: parse_data() -> https://fan3.206102.xyz/ss免费账号/
2026/3/27 17:08:26Extracted src: https://fan3.206102.xyz/v2ray免费账号/
2026/3/27 17:08:22: nodePaths found in: [{"path":"C:\\Users\\Administrator\\scoop\\apps\\nodejs24\\current\\node.exe","osName":"Windows_NT","error":null},{"path":"C:\\msys64\\ucrt64\\bin\\node","osName":"MINGW32_NT-10.0","error":null},{"path":"C:\\msys64\\ucrt64\\bin\\node.exe","osName":"MINGW32_NT-10.0","error":null}]
2026/3/27 17:08:26: parse_data() -> https://fan3.206102.xyz/v2ray免费账号/
2026/3/27 17:08:26: getting new Url ->  https://fan3.206102.xyz/v2ray免费账号/
2026/3/27 17:08:22: C:\Users\Administrator\scoop\apps\nodejs24\current\node.exe
2026/3/27 17:08:26: parse_data() -> https://fan3.206102.xyz/ss免费账号/
2026/3/27 18:09:24Extracted src: https://fan3.206102.xyz/v2ray免费账号/
2026/3/27 18:09:22: nodePaths found in: [{"path":"C:\\Users\\Administrator\\scoop\\apps\\nodejs24\\current\\node.exe","osName":"Windows_NT","error":null},{"path":"C:\\msys64\\ucrt64\\bin\\node","osName":"MINGW32_NT-10.0","error":null},{"path":"C:\\msys64\\ucrt64\\bin\\node.exe","osName":"MINGW32_NT-10.0","error":null}]
2026/3/27 18:09:22: C:\Users\Administrator\scoop\apps\nodejs24\current\node.exe
2026/3/27 18:09:24: getting new Url ->  https://fan3.206102.xyz/v2ray免费账号/
2026/3/27 18:09:24: parse_data() -> https://fan3.206102.xyz/ss免费账号/
2026/3/27 18:09:24: parse_data() -> https://fan3.206102.xyz/v2ray免费账号/
2026/3/27 19:10:25Extracted src: https://fan3.206102.xyz/v2ray免费账号/
2026/3/27 19:10:22: nodePaths found in: [{"path":"C:\\Users\\Administrator\\scoop\\apps\\nodejs24\\current\\node.exe","osName":"Windows_NT","error":null},{"path":"C:\\msys64\\ucrt64\\bin\\node","osName":"MINGW32_NT-10.0","error":null},{"path":"C:\\msys64\\ucrt64\\bin\\node.exe","osName":"MINGW32_NT-10.0","error":null}]
2026/3/27 19:10:25: getting new Url ->  https://fan3.206102.xyz/v2ray免费账号/
2026/3/27 19:10:22: C:\Users\Administrator\scoop\apps\nodejs24\current\node.exe
2026/3/27 19:10:25: parse_data() -> https://fan3.206102.xyz/v2ray免费账号/
2026/3/27 19:10:25: parse_data() -> https://fan3.206102.xyz/ss免费账号/
2026/3/27 21:12:25Extracted src: https://fan3.206102.xyz/v2ray免费账号/
2026/3/27 21:12:23: C:\Users\Administrator\scoop\apps\nodejs24\current\node.exe
2026/3/27 21:12:23: nodePaths found in: [{"path":"C:\\Users\\Administrator\\scoop\\apps\\nodejs24\\current\\node.exe","osName":"Windows_NT","error":null},{"path":"C:\\msys64\\ucrt64\\bin\\node","osName":"MINGW32_NT-10.0","error":null},{"path":"C:\\msys64\\ucrt64\\bin\\node.exe","osName":"MINGW32_NT-10.0","error":null}]
2026/3/27 21:12:25: getting new Url ->  https://fan3.206102.xyz/v2ray免费账号/
2026/3/27 21:12:25: parse_data() -> https://fan3.206102.xyz/ss免费账号/
2026/3/27 21:12:25: parse_data() -> https://fan3.206102.xyz/v2ray免费账号/
2026/3/27 22:13:27Extracted src: https://fan3.206102.xyz/v2ray免费账号/
2026/3/27 22:13:24: nodePaths found in: [{"path":"C:\\Users\\Administrator\\scoop\\apps\\nodejs24\\current\\node.exe","osName":"Windows_NT","error":null},{"path":"C:\\msys64\\ucrt64\\bin\\node","osName":"MINGW32_NT-10.0","error":null},{"path":"C:\\msys64\\ucrt64\\bin\\node.exe","osName":"MINGW32_NT-10.0","error":null}]
2026/3/27 22:13:24: C:\Users\Administrator\scoop\apps\nodejs24\current\node.exe
2026/3/27 22:13:27: parse_data() -> https://fan3.206102.xyz/v2ray免费账号/
2026/3/27 22:13:27: getting new Url ->  https://fan3.206102.xyz/v2ray免费账号/
2026/3/27 22:13:27: parse_data() -> https://fan3.206102.xyz/ss免费账号/
2026/3/28 14:04:16Extracted src: https://fan3.206102.xyz/v2ray免费账号/
2026/3/28 14:04:13: nodePaths found in: [{"path":"C:\\Users\\Administrator\\scoop\\apps\\nodejs24\\current\\node.exe","osName":"Windows_NT","error":null},{"path":"C:\\msys64\\ucrt64\\bin\\node","osName":"MINGW32_NT-10.0","error":null},{"path":"C:\\msys64\\ucrt64\\bin\\node.exe","osName":"MINGW32_NT-10.0","error":null}]
2026/3/28 14:04:13: C:\Users\Administrator\scoop\apps\nodejs24\current\node.exe
2026/3/28 14:04:16: parse_data() -> https://fan3.206102.xyz/v2ray免费账号/
2026/3/28 14:04:16: getting new Url ->  https://fan3.206102.xyz/v2ray免费账号/
2026/3/28 14:04:16: parse_data() -> https://fan3.206102.xyz/ss免费账号/
2026/3/29 11:16:16Extracted src: https://fan3.206102.xyz/v2ray免费账号/
2026/3/29 11:16:14: nodePaths found in: [{"path":"C:\\Users\\Administrator\\scoop\\apps\\nodejs24\\current\\node.exe","osName":"Windows_NT","error":null},{"path":"C:\\msys64\\ucrt64\\bin\\node","osName":"MINGW32_NT-10.0","error":null},{"path":"C:\\msys64\\ucrt64\\bin\\node.exe","osName":"MINGW32_NT-10.0","error":null}]
2026/3/29 11:16:14: C:\Users\Administrator\scoop\apps\nodejs24\current\node.exe
2026/3/29 11:16:16: getting new Url ->  https://fan3.206102.xyz/v2ray免费账号/
2026/3/29 11:16:16: parse_data() -> https://fan3.206102.xyz/v2ray免费账号/
2026/3/29 11:16:16: parse_data() -> https://fan3.206102.xyz/ss免费账号/
2026/3/29 12:17:17Extracted src: https://fan3.206102.xyz/v2ray免费账号/
2026/3/29 12:17:14: nodePaths found in: [{"path":"C:\\Users\\Administrator\\scoop\\apps\\nodejs24\\current\\node.exe","osName":"Windows_NT","error":null},{"path":"C:\\msys64\\ucrt64\\bin\\node","osName":"MINGW32_NT-10.0","error":null},{"path":"C:\\msys64\\ucrt64\\bin\\node.exe","osName":"MINGW32_NT-10.0","error":null}]
2026/3/29 12:17:14: C:\Users\Administrator\scoop\apps\nodejs24\current\node.exe
2026/3/29 12:17:17: getting new Url ->  https://fan3.206102.xyz/v2ray免费账号/
2026/3/29 12:17:17: parse_data() -> https://fan3.206102.xyz/v2ray免费账号/
2026/3/29 12:17:17: parse_data() -> https://fan3.206102.xyz/ss免费账号/
2026/3/29 13:18:19Extracted src: https://fan3.206102.xyz/v2ray免费账号/
2026/3/29 13:18:15: nodePaths found in: [{"path":"C:\\Users\\Administrator\\scoop\\apps\\nodejs24\\current\\node.exe","osName":"Windows_NT","error":null},{"path":"C:\\msys64\\ucrt64\\bin\\node","osName":"MINGW32_NT-10.0","error":null},{"path":"C:\\msys64\\ucrt64\\bin\\node.exe","osName":"MINGW32_NT-10.0","error":null}]
2026/3/29 13:18:19: getting new Url ->  https://fan3.206102.xyz/v2ray免费账号/
2026/3/29 13:18:19: parse_data() -> https://fan3.206102.xyz/ss免费账号/
2026/3/29 13:18:15: C:\Users\Administrator\scoop\apps\nodejs24\current\node.exe
2026/3/29 13:18:19: parse_data() -> https://fan3.206102.xyz/v2ray免费账号/
2026/3/29 15:20:17Extracted src: https://fan3.206102.xyz/v2ray免费账号/
2026/3/29 15:20:14: nodePaths found in: [{"path":"C:\\Users\\Administrator\\scoop\\apps\\nodejs24\\current\\node.exe","osName":"Windows_NT","error":null},{"path":"C:\\msys64\\ucrt64\\bin\\node","osName":"MINGW32_NT-10.0","error":null},{"path":"C:\\msys64\\ucrt64\\bin\\node.exe","osName":"MINGW32_NT-10.0","error":null}]
2026/3/29 15:20:17: getting new Url ->  https://fan3.206102.xyz/v2ray免费账号/
2026/3/29 15:20:14: C:\Users\Administrator\scoop\apps\nodejs24\current\node.exe
2026/3/29 15:20:17: parse_data() -> https://fan3.206102.xyz/v2ray免费账号/
2026/3/29 15:20:17: parse_data() -> https://fan3.206102.xyz/ss免费账号/
2026/3/29 22:30:19Extracted src: https://fan3.206102.xyz/v2ray免费账号/
2026/3/29 22:30:16: nodePaths found in: [{"path":"C:\\Users\\Administrator\\scoop\\apps\\nodejs24\\current\\node.exe","osName":"Windows_NT","error":null},{"path":"C:\\msys64\\ucrt64\\bin\\node","osName":"MINGW32_NT-10.0","error":null},{"path":"C:\\msys64\\ucrt64\\bin\\node.exe","osName":"MINGW32_NT-10.0","error":null}]
2026/3/29 22:30:16: C:\Users\Administrator\scoop\apps\nodejs24\current\node.exe
2026/3/29 22:30:19: getting new Url ->  https://fan3.206102.xyz/v2ray免费账号/
2026/3/29 22:30:19: parse_data() -> https://fan3.206102.xyz/v2ray免费账号/
2026/3/29 22:30:19: parse_data() -> https://fan3.206102.xyz/ss免费账号/
2026/3/29 23:31:19Extracted src: https://fan3.206102.xyz/v2ray免费账号/
2026/3/29 23:31:15: C:\Users\Administrator\scoop\apps\nodejs24\current\node.exe
2026/3/29 23:31:19: getting new Url ->  https://fan3.206102.xyz/v2ray免费账号/
2026/3/29 23:31:15: nodePaths found in: [{"path":"C:\\Users\\Administrator\\scoop\\apps\\nodejs24\\current\\node.exe","osName":"Windows_NT","error":null},{"path":"C:\\msys64\\ucrt64\\bin\\node","osName":"MINGW32_NT-10.0","error":null},{"path":"C:\\msys64\\ucrt64\\bin\\node.exe","osName":"MINGW32_NT-10.0","error":null}]
2026/3/29 23:31:19: parse_data() -> https://fan3.206102.xyz/v2ray免费账号/
2026/3/29 23:31:19: parse_data() -> https://fan3.206102.xyz/ss免费账号/
2026/3/30 15:09:29Extracted src: https://fan3.206102.xyz/v2ray免费账号/
2026/3/30 15:09:27: nodePaths found in: [{"path":"C:\\Users\\Administrator\\scoop\\apps\\nodejs24\\current\\node.exe","osName":"Windows_NT","error":null},{"path":"C:\\msys64\\ucrt64\\bin\\node","osName":"MINGW32_NT-10.0","error":null},{"path":"C:\\msys64\\ucrt64\\bin\\node.exe","osName":"MINGW32_NT-10.0","error":null}]
2026/3/30 15:09:29: getting new Url ->  https://fan3.206102.xyz/v2ray免费账号/
2026/3/30 15:09:29: parse_data() -> https://fan3.206102.xyz/v2ray免费账号/
2026/3/30 15:09:29: parse_data() -> https://fan3.206102.xyz/ss免费账号/
2026/3/30 15:09:27: C:\Users\Administrator\scoop\apps\nodejs24\current\node.exe
2026/3/30 16:09:43Extracted src: https://fan3.206102.xyz/v2ray免费账号/
2026/3/30 16:09:40: C:\Users\Administrator\scoop\apps\nodejs24\current\node.exe
2026/3/30 16:09:40: nodePaths found in: [{"path":"C:\\Users\\Administrator\\scoop\\apps\\nodejs24\\current\\node.exe","osName":"Windows_NT","error":null},{"path":"C:\\msys64\\ucrt64\\bin\\node","osName":"MINGW32_NT-10.0","error":null},{"path":"C:\\msys64\\ucrt64\\bin\\node.exe","osName":"MINGW32_NT-10.0","error":null}]
2026/3/30 16:09:43: getting new Url ->  https://fan3.206102.xyz/v2ray免费账号/
2026/3/30 16:09:43: parse_data() -> https://fan3.206102.xyz/ss免费账号/
2026/3/30 16:09:43: parse_data() -> https://fan3.206102.xyz/v2ray免费账号/
2026/3/30 17:10:41Extracted src: https://fan3.206102.xyz/v2ray免费账号/
2026/3/30 17:10:39: nodePaths found in: [{"path":"C:\\Users\\Administrator\\scoop\\apps\\nodejs24\\current\\node.exe","osName":"Windows_NT","error":null},{"path":"C:\\msys64\\ucrt64\\bin\\node","osName":"MINGW32_NT-10.0","error":null},{"path":"C:\\msys64\\ucrt64\\bin\\node.exe","osName":"MINGW32_NT-10.0","error":null}]
2026/3/30 17:10:39: C:\Users\Administrator\scoop\apps\nodejs24\current\node.exe
2026/3/30 17:10:42: parse_data() -> https://fan3.206102.xyz/v2ray免费账号/
2026/3/30 17:10:42: getting new Url ->  https://fan3.206102.xyz/v2ray免费账号/
2026/3/30 17:10:42: parse_data() -> https://fan3.206102.xyz/ss免费账号/
2026/3/30 18:11:43Extracted src: https://fan3.206102.xyz/v2ray免费账号/
2026/3/30 18:11:39: nodePaths found in: [{"path":"C:\\Users\\Administrator\\scoop\\apps\\nodejs24\\current\\node.exe","osName":"Windows_NT","error":null},{"path":"C:\\msys64\\ucrt64\\bin\\node","osName":"MINGW32_NT-10.0","error":null},{"path":"C:\\msys64\\ucrt64\\bin\\node.exe","osName":"MINGW32_NT-10.0","error":null}]
2026/3/30 18:11:39: C:\Users\Administrator\scoop\apps\nodejs24\current\node.exe
2026/3/30 18:11:43: parse_data() -> https://fan3.206102.xyz/v2ray免费账号/
2026/3/30 18:11:43: parse_data() -> https://fan3.206102.xyz/ss免费账号/
2026/3/30 18:11:43: getting new Url ->  https://fan3.206102.xyz/v2ray免费账号/
2026/3/30 20:13:43Extracted src: https://fan3.206102.xyz/v2ray免费账号/
2026/3/30 20:13:39: nodePaths found in: [{"path":"C:\\Users\\Administrator\\scoop\\apps\\nodejs24\\current\\node.exe","osName":"Windows_NT","error":null},{"path":"C:\\msys64\\ucrt64\\bin\\node","osName":"MINGW32_NT-10.0","error":null},{"path":"C:\\msys64\\ucrt64\\bin\\node.exe","osName":"MINGW32_NT-10.0","error":null}]
2026/3/30 20:13:39: C:\Users\Administrator\scoop\apps\nodejs24\current\node.exe
2026/3/30 20:13:43: parse_data() -> https://fan3.206102.xyz/v2ray免费账号/
2026/3/30 20:13:43: parse_data() -> https://fan3.206102.xyz/ss免费账号/
2026/3/30 20:13:43: getting new Url ->  https://fan3.206102.xyz/v2ray免费账号/
2026/3/30 21:14:43Extracted src: https://fan3.206102.xyz/v2ray免费账号/
2026/3/30 21:14:39: nodePaths found in: [{"path":"C:\\Users\\Administrator\\scoop\\apps\\nodejs24\\current\\node.exe","osName":"Windows_NT","error":null},{"path":"C:\\msys64\\ucrt64\\bin\\node","osName":"MINGW32_NT-10.0","error":null},{"path":"C:\\msys64\\ucrt64\\bin\\node.exe","osName":"MINGW32_NT-10.0","error":null}]
2026/3/30 21:14:39: C:\Users\Administrator\scoop\apps\nodejs24\current\node.exe
2026/3/30 21:14:43: getting new Url ->  https://fan3.206102.xyz/v2ray免费账号/
2026/3/30 21:14:43: parse_data() -> https://fan3.206102.xyz/ss免费账号/
2026/3/30 21:14:43: parse_data() -> https://fan3.206102.xyz/v2ray免费账号/
2026/3/30 22:16:00Extracted src: https://fan3.206102.xyz/v2ray免费账号/
2026/3/30 22:15:51: nodePaths found in: [{"path":"C:\\Users\\Administrator\\scoop\\apps\\nodejs24\\current\\node.exe","osName":"Windows_NT","error":null},{"path":"C:\\msys64\\ucrt64\\bin\\node","osName":"MINGW32_NT-10.0","error":null},{"path":"C:\\msys64\\ucrt64\\bin\\node.exe","osName":"MINGW32_NT-10.0","error":null}]
2026/3/30 22:16:00: getting new Url ->  https://fan3.206102.xyz/v2ray免费账号/
2026/3/30 22:16:00: parse_data() -> https://fan3.206102.xyz/v2ray免费账号/
2026/3/30 22:15:51: C:\Users\Administrator\scoop\apps\nodejs24\current\node.exe
2026/3/30 22:16:00: parse_data() -> https://fan3.206102.xyz/ss免费账号/
2026/3/30 23:16:30Extracted src: https://fan3.206102.xyz/v2ray免费账号/
2026/3/30 23:16:27: nodePaths found in: [{"path":"C:\\Users\\Administrator\\scoop\\apps\\nodejs24\\current\\node.exe","osName":"Windows_NT","error":null},{"path":"C:\\msys64\\ucrt64\\bin\\node","osName":"MINGW32_NT-10.0","error":null},{"path":"C:\\msys64\\ucrt64\\bin\\node.exe","osName":"MINGW32_NT-10.0","error":null}]
2026/3/30 23:16:30: getting new Url ->  https://fan3.206102.xyz/v2ray免费账号/
2026/3/30 23:16:27: C:\Users\Administrator\scoop\apps\nodejs24\current\node.exe
2026/3/30 23:16:30: parse_data() -> https://fan3.206102.xyz/v2ray免费账号/
2026/3/30 23:16:30: parse_data() -> https://fan3.206102.xyz/ss免费账号/
2026/3/31 09:31:02Extracted src: https://fan3.206102.xyz/v2ray免费账号/
2026/3/31 09:31:00: C:\Users\Administrator\scoop\apps\nodejs24\current\node.exe
2026/3/31 09:31:00: nodePaths found in: [{"path":"C:\\Users\\Administrator\\scoop\\apps\\nodejs24\\current\\node.exe","osName":"Windows_NT","error":null},{"path":"C:\\msys64\\ucrt64\\bin\\node","osName":"MINGW32_NT-10.0","error":null},{"path":"C:\\msys64\\ucrt64\\bin\\node.exe","osName":"MINGW32_NT-10.0","error":null}]
2026/3/31 09:31:02: getting new Url ->  https://fan3.206102.xyz/v2ray免费账号/
2026/3/31 09:31:02: parse_data() -> https://fan3.206102.xyz/v2ray免费账号/
2026/3/31 09:31:02: parse_data() -> https://fan3.206102.xyz/ss免费账号/
2026/3/31 09:31:03: parse.js -> Fetch error: AxiosError: Network Error
2026/3/31 09:33:13Extracted src: https://fan3.206102.xyz/v2ray免费账号/
2026/3/31 09:33:07: nodePaths found in: [{"path":"C:\\Users\\Administrator\\scoop\\apps\\nodejs24\\current\\node.exe","osName":"Windows_NT","error":null},{"path":"C:\\msys64\\ucrt64\\bin\\node","osName":"MINGW32_NT-10.0","error":null},{"path":"C:\\msys64\\ucrt64\\bin\\node.exe","osName":"MINGW32_NT-10.0","error":null}]
2026/3/31 09:33:07: C:\Users\Administrator\scoop\apps\nodejs24\current\node.exe
2026/3/31 09:33:13: getting new Url ->  https://fan3.206102.xyz/v2ray免费账号/
2026/3/31 09:33:13: parse_data() -> https://fan3.206102.xyz/ss免费账号/
2026/3/31 09:33:13: parse_data() -> https://fan3.206102.xyz/v2ray免费账号/
2026/3/31 09:33:44 update_uri() -> Fetch error: AxiosError: Request failed with status code 502
2026/3/31 09:33:39: nodePaths found in: [{"path":"C:\\Users\\Administrator\\scoop\\apps\\nodejs24\\current\\node.exe","osName":"Windows_NT","error":null},{"path":"C:\\msys64\\ucrt64\\bin\\node","osName":"MINGW32_NT-10.0","error":null},{"path":"C:\\msys64\\ucrt64\\bin\\node.exe","osName":"MINGW32_NT-10.0","error":null}]
2026/3/31 09:33:39: C:\Users\Administrator\scoop\apps\nodejs24\current\node.exe
2026/3/31 09:33:44: getting new Url ->  null
2026/3/31 09:34:10: parse.js -> Fetch error: AxiosError: timeout exceeded
2026/3/31 10:34:43Extracted src: https://fan3.206102.xyz/v2ray免费账号/
2026/3/31 10:34:39: C:\Users\Administrator\scoop\apps\nodejs24\current\node.exe
2026/3/31 10:34:39: nodePaths found in: [{"path":"C:\\Users\\Administrator\\scoop\\apps\\nodejs24\\current\\node.exe","osName":"Windows_NT","error":null},{"path":"C:\\msys64\\ucrt64\\bin\\node","osName":"MINGW32_NT-10.0","error":null},{"path":"C:\\msys64\\ucrt64\\bin\\node.exe","osName":"MINGW32_NT-10.0","error":null}]
2026/3/31 10:34:43: parse_data() -> https://fan3.206102.xyz/ss免费账号/
2026/3/31 10:34:43: parse_data() -> https://fan3.206102.xyz/v2ray免费账号/
2026/3/31 10:34:43: getting new Url ->  https://fan3.206102.xyz/v2ray免费账号/
2026/3/31 11:35:44Extracted src: https://fan3.206102.xyz/v2ray免费账号/
2026/3/31 11:35:40: C:\Users\Administrator\scoop\apps\nodejs24\current\node.exe
2026/3/31 11:35:40: nodePaths found in: [{"path":"C:\\Users\\Administrator\\scoop\\apps\\nodejs24\\current\\node.exe","osName":"Windows_NT","error":null},{"path":"C:\\msys64\\ucrt64\\bin\\node","osName":"MINGW32_NT-10.0","error":null},{"path":"C:\\msys64\\ucrt64\\bin\\node.exe","osName":"MINGW32_NT-10.0","error":null}]
2026/3/31 11:35:44: parse_data() -> https://fan3.206102.xyz/v2ray免费账号/
2026/3/31 11:35:44: getting new Url ->  https://fan3.206102.xyz/v2ray免费账号/
2026/3/31 11:35:44: parse_data() -> https://fan3.206102.xyz/ss免费账号/
2026/3/31 12:36:43Extracted src: https://fan3.206102.xyz/v2ray免费账号/
2026/3/31 12:36:39: nodePaths found in: [{"path":"C:\\Users\\Administrator\\scoop\\apps\\nodejs24\\current\\node.exe","osName":"Windows_NT","error":null},{"path":"C:\\msys64\\ucrt64\\bin\\node","osName":"MINGW32_NT-10.0","error":null},{"path":"C:\\msys64\\ucrt64\\bin\\node.exe","osName":"MINGW32_NT-10.0","error":null}]
2026/3/31 12:36:43: getting new Url ->  https://fan3.206102.xyz/v2ray免费账号/
2026/3/31 12:36:39: C:\Users\Administrator\scoop\apps\nodejs24\current\node.exe
2026/3/31 12:36:43: parse_data() -> https://fan3.206102.xyz/v2ray免费账号/
2026/3/31 12:36:43: parse_data() -> https://fan3.206102.xyz/ss免费账号/
2026/3/31 13:37:34Extracted src: https://fan3.206102.xyz/v2ray免费账号/
2026/3/31 13:37:30: nodePaths found in: [{"path":"C:\\Users\\Administrator\\scoop\\apps\\nodejs24\\current\\node.exe","osName":"Windows_NT","error":null},{"path":"C:\\msys64\\ucrt64\\bin\\node","osName":"MINGW32_NT-10.0","error":null},{"path":"C:\\msys64\\ucrt64\\bin\\node.exe","osName":"MINGW32_NT-10.0","error":null}]
2026/3/31 13:37:34: getting new Url ->  https://fan3.206102.xyz/v2ray免费账号/
2026/3/31 13:37:30: C:\Users\Administrator\scoop\apps\nodejs24\current\node.exe
2026/3/31 13:37:34: parse_data() -> https://fan3.206102.xyz/ss免费账号/
2026/3/31 13:37:34: parse_data() -> https://fan3.206102.xyz/v2ray免费账号/
2026/3/31 18:29:58Extracted src: https://fan3.206102.xyz/v2ray免费账号/
2026/3/31 18:29:52: nodePaths found in: [{"path":"C:\\Users\\Administrator\\scoop\\apps\\nodejs24\\current\\node.exe","osName":"Windows_NT","error":null},{"path":"C:\\msys64\\ucrt64\\bin\\node","osName":"MINGW32_NT-10.0","error":null},{"path":"C:\\msys64\\ucrt64\\bin\\node.exe","osName":"MINGW32_NT-10.0","error":null}]
2026/3/31 18:29:52: C:\Users\Administrator\scoop\apps\nodejs24\current\node.exe
2026/3/31 18:29:58: getting new Url ->  https://fan3.206102.xyz/v2ray免费账号/
2026/3/31 18:29:58: parse_data() -> https://fan3.206102.xyz/v2ray免费账号/
2026/3/31 18:29:58: parse_data() -> https://fan3.206102.xyz/ss免费账号/
2026/3/31 19:30:31Extracted src: https://fan3.206102.xyz/v2ray免费账号/
2026/3/31 19:30:27: nodePaths found in: [{"path":"C:\\Users\\Administrator\\scoop\\apps\\nodejs24\\current\\node.exe","osName":"Windows_NT","error":null},{"path":"C:\\msys64\\ucrt64\\bin\\node","osName":"MINGW32_NT-10.0","error":null},{"path":"C:\\msys64\\ucrt64\\bin\\node.exe","osName":"MINGW32_NT-10.0","error":null}]
2026/3/31 19:30:31: getting new Url ->  https://fan3.206102.xyz/v2ray免费账号/
2026/3/31 19:30:27: C:\Users\Administrator\scoop\apps\nodejs24\current\node.exe
2026/3/31 19:30:31: parse_data() -> https://fan3.206102.xyz/ss免费账号/
2026/3/31 19:30:31: parse_data() -> https://fan3.206102.xyz/v2ray免费账号/
2026/3/31 20:30:47Extracted src: https://fan3.206102.xyz/v2ray免费账号/
2026/3/31 20:30:42: C:\Users\Administrator\scoop\apps\nodejs24\current\node.exe
2026/3/31 20:30:42: nodePaths found in: [{"path":"C:\\Users\\Administrator\\scoop\\apps\\nodejs24\\current\\node.exe","osName":"Windows_NT","error":null},{"path":"C:\\msys64\\ucrt64\\bin\\node","osName":"MINGW32_NT-10.0","error":null},{"path":"C:\\msys64\\ucrt64\\bin\\node.exe","osName":"MINGW32_NT-10.0","error":null}]
2026/3/31 20:30:47: getting new Url ->  https://fan3.206102.xyz/v2ray免费账号/
2026/3/31 20:30:47: parse_data() -> https://fan3.206102.xyz/ss免费账号/
2026/3/31 20:30:47: parse_data() -> https://fan3.206102.xyz/v2ray免费账号/
2026/3/31 21:31:48Extracted src: https://fan3.206102.xyz/v2ray免费账号/
2026/3/31 21:31:42: C:\Users\Administrator\scoop\apps\nodejs24\current\node.exe
2026/3/31 21:31:48: getting new Url ->  https://fan3.206102.xyz/v2ray免费账号/
2026/3/31 21:31:42: nodePaths found in: [{"path":"C:\\Users\\Administrator\\scoop\\apps\\nodejs24\\current\\node.exe","osName":"Windows_NT","error":null},{"path":"C:\\msys64\\ucrt64\\bin\\node","osName":"MINGW32_NT-10.0","error":null},{"path":"C:\\msys64\\ucrt64\\bin\\node.exe","osName":"MINGW32_NT-10.0","error":null}]
2026/3/31 21:31:48: parse_data() -> https://fan3.206102.xyz/v2ray免费账号/
2026/3/31 21:31:48: parse_data() -> https://fan3.206102.xyz/ss免费账号/
2026/4/1 08:32:44Extracted src: https://fan3.206102.xyz/v2ray免费账号/
2026/4/1 08:32:40: nodePaths found in: [{"path":"C:\\Users\\Administrator\\scoop\\apps\\nodejs24\\current\\node.exe","osName":"Windows_NT","error":null},{"path":"C:\\msys64\\ucrt64\\bin\\node","osName":"MINGW32_NT-10.0","error":null},{"path":"C:\\msys64\\ucrt64\\bin\\node.exe","osName":"MINGW32_NT-10.0","error":null}]
2026/4/1 08:32:44: getting new Url ->  https://fan3.206102.xyz/v2ray免费账号/
2026/4/1 08:32:44: parse_data() -> https://fan3.206102.xyz/v2ray免费账号/
2026/4/1 08:32:40: C:\Users\Administrator\scoop\apps\nodejs24\current\node.exe
2026/4/1 08:32:44: parse_data() -> https://fan3.206102.xyz/ss免费账号/
2026/4/1 09:34:11Extracted src: https://fan3.206102.xyz/v2ray免费账号/
2026/4/1 09:34:07: nodePaths found in: [{"path":"C:\\Users\\Administrator\\scoop\\apps\\nodejs24\\current\\node.exe","osName":"Windows_NT","error":null},{"path":"C:\\msys64\\ucrt64\\bin\\node","osName":"MINGW32_NT-10.0","error":null},{"path":"C:\\msys64\\ucrt64\\bin\\node.exe","osName":"MINGW32_NT-10.0","error":null}]
2026/4/1 09:34:07: C:\Users\Administrator\scoop\apps\nodejs24\current\node.exe
2026/4/1 09:34:11: parse_data() -> https://fan3.206102.xyz/v2ray免费账号/
2026/4/1 09:34:11: getting new Url ->  https://fan3.206102.xyz/v2ray免费账号/
2026/4/1 09:34:11: parse_data() -> https://fan3.206102.xyz/ss免费账号/
2026/4/1 11:35:44Extracted src: https://fan3.206102.xyz/v2ray免费账号/
2026/4/1 11:35:42: nodePaths found in: [{"path":"C:\\Users\\Administrator\\scoop\\apps\\nodejs24\\current\\node.exe","osName":"Windows_NT","error":null},{"path":"C:\\msys64\\ucrt64\\bin\\node","osName":"MINGW32_NT-10.0","error":null},{"path":"C:\\msys64\\ucrt64\\bin\\node.exe","osName":"MINGW32_NT-10.0","error":null}]
2026/4/1 11:35:44: getting new Url ->  https://fan3.206102.xyz/v2ray免费账号/
2026/4/1 11:35:42: C:\Users\Administrator\scoop\apps\nodejs24\current\node.exe
2026/4/1 11:35:44: parse_data() -> https://fan3.206102.xyz/v2ray免费账号/
2026/4/1 11:35:44: parse_data() -> https://fan3.206102.xyz/ss免费账号/
2026/4/1 12:35:56Extracted src: https://fan3.206102.xyz/v2ray免费账号/
2026/4/1 12:35:50: nodePaths found in: [{"path":"C:\\Users\\Administrator\\scoop\\apps\\nodejs24\\current\\node.exe","osName":"Windows_NT","error":null},{"path":"C:\\msys64\\ucrt64\\bin\\node","osName":"MINGW32_NT-10.0","error":null},{"path":"C:\\msys64\\ucrt64\\bin\\node.exe","osName":"MINGW32_NT-10.0","error":null}]
2026/4/1 12:35:56: parse_data() -> https://fan3.206102.xyz/v2ray免费账号/
2026/4/1 12:35:56: getting new Url ->  https://fan3.206102.xyz/v2ray免费账号/
2026/4/1 12:35:50: C:\Users\Administrator\scoop\apps\nodejs24\current\node.exe
2026/4/1 12:35:56: parse_data() -> https://fan3.206102.xyz/ss免费账号/
2026/4/1 14:36:53Extracted src: https://fan3.206102.xyz/v2ray免费账号/
2026/4/1 14:36:50: nodePaths found in: [{"path":"C:\\Users\\Administrator\\scoop\\apps\\nodejs24\\current\\node.exe","osName":"Windows_NT","error":null},{"path":"C:\\msys64\\ucrt64\\bin\\node","osName":"MINGW32_NT-10.0","error":null},{"path":"C:\\msys64\\ucrt64\\bin\\node.exe","osName":"MINGW32_NT-10.0","error":null}]
2026/4/1 14:36:50: C:\Users\Administrator\scoop\apps\nodejs24\current\node.exe
2026/4/1 14:36:53: getting new Url ->  https://fan3.206102.xyz/v2ray免费账号/
2026/4/1 14:36:53: parse_data() -> https://fan3.206102.xyz/ss免费账号/
2026/4/1 14:36:53: parse_data() -> https://fan3.206102.xyz/v2ray免费账号/
2026/4/1 15:37:43Extracted src: https://fan3.206102.xyz/v2ray免费账号/
2026/4/1 15:37:41: nodePaths found in: [{"path":"C:\\Users\\Administrator\\scoop\\apps\\nodejs24\\current\\node.exe","osName":"Windows_NT","error":null},{"path":"C:\\msys64\\ucrt64\\bin\\node","osName":"MINGW32_NT-10.0","error":null},{"path":"C:\\msys64\\ucrt64\\bin\\node.exe","osName":"MINGW32_NT-10.0","error":null}]
2026/4/1 15:37:41: C:\Users\Administrator\scoop\apps\nodejs24\current\node.exe
2026/4/1 15:37:43: getting new Url ->  https://fan3.206102.xyz/v2ray免费账号/
2026/4/1 15:37:43: parse_data() -> https://fan3.206102.xyz/ss免费账号/
2026/4/1 15:37:43: parse_data() -> https://fan3.206102.xyz/v2ray免费账号/
2026/4/1 16:38:44Extracted src: https://fan3.206102.xyz/v2ray免费账号/
2026/4/1 16:38:41: nodePaths found in: [{"path":"C:\\Users\\Administrator\\scoop\\apps\\nodejs24\\current\\node.exe","osName":"Windows_NT","error":null},{"path":"C:\\msys64\\ucrt64\\bin\\node","osName":"MINGW32_NT-10.0","error":null},{"path":"C:\\msys64\\ucrt64\\bin\\node.exe","osName":"MINGW32_NT-10.0","error":null}]
2026/4/1 16:38:44: getting new Url ->  https://fan3.206102.xyz/v2ray免费账号/
2026/4/1 16:38:44: parse_data() -> https://fan3.206102.xyz/ss免费账号/
2026/4/1 16:38:44: parse_data() -> https://fan3.206102.xyz/v2ray免费账号/
2026/4/1 16:38:41: C:\Users\Administrator\scoop\apps\nodejs24\current\node.exe
2026/4/1 17:39:03Extracted src: https://fan3.206102.xyz/v2ray免费账号/
2026/4/1 17:39:00: nodePaths found in: [{"path":"C:\\Users\\Administrator\\scoop\\apps\\nodejs24\\current\\node.exe","osName":"Windows_NT","error":null},{"path":"C:\\msys64\\ucrt64\\bin\\node","osName":"MINGW32_NT-10.0","error":null},{"path":"C:\\msys64\\ucrt64\\bin\\node.exe","osName":"MINGW32_NT-10.0","error":null}]
2026/4/1 17:39:00: C:\Users\Administrator\scoop\apps\nodejs24\current\node.exe
2026/4/1 17:39:03: getting new Url ->  https://fan3.206102.xyz/v2ray免费账号/
2026/4/1 17:39:03: parse_data() -> https://fan3.206102.xyz/v2ray免费账号/
2026/4/1 17:39:03: parse_data() -> https://fan3.206102.xyz/ss免费账号/
2026/4/1 18:40:06Extracted src: https://fan3.206102.xyz/v2ray免费账号/
2026/4/1 18:40:03: C:\Users\Administrator\scoop\apps\nodejs24\current\node.exe
2026/4/1 18:40:03: nodePaths found in: [{"path":"C:\\Users\\Administrator\\scoop\\apps\\nodejs24\\current\\node.exe","osName":"Windows_NT","error":null},{"path":"C:\\msys64\\ucrt64\\bin\\node","osName":"MINGW32_NT-10.0","error":null},{"path":"C:\\msys64\\ucrt64\\bin\\node.exe","osName":"MINGW32_NT-10.0","error":null}]
2026/4/1 18:40:06: getting new Url ->  https://fan3.206102.xyz/v2ray免费账号/
2026/4/1 18:40:06: parse_data() -> https://fan3.206102.xyz/v2ray免费账号/
2026/4/1 18:40:06: parse_data() -> https://fan3.206102.xyz/ss免费账号/
2026/4/1 19:40:46Extracted src: https://fan3.206102.xyz/v2ray免费账号/
2026/4/1 19:40:43: nodePaths found in: [{"path":"C:\\Users\\Administrator\\scoop\\apps\\nodejs24\\current\\node.exe","osName":"Windows_NT","error":null},{"path":"C:\\msys64\\ucrt64\\bin\\node","osName":"MINGW32_NT-10.0","error":null},{"path":"C:\\msys64\\ucrt64\\bin\\node.exe","osName":"MINGW32_NT-10.0","error":null}]
2026/4/1 19:40:43: C:\Users\Administrator\scoop\apps\nodejs24\current\node.exe
2026/4/1 19:40:46: getting new Url ->  https://fan3.206102.xyz/v2ray免费账号/
2026/4/1 19:40:46: parse_data() -> https://fan3.206102.xyz/v2ray免费账号/
2026/4/1 19:40:46: parse_data() -> https://fan3.206102.xyz/ss免费账号/
2026/4/1 21:42:45Extracted src: https://fan3.206102.xyz/v2ray免费账号/
2026/4/1 21:42:42: C:\Users\Administrator\scoop\apps\nodejs24\current\node.exe
2026/4/1 21:42:42: nodePaths found in: [{"path":"C:\\Users\\Administrator\\scoop\\apps\\nodejs24\\current\\node.exe","osName":"Windows_NT","error":null},{"path":"C:\\msys64\\ucrt64\\bin\\node","osName":"MINGW32_NT-10.0","error":null},{"path":"C:\\msys64\\ucrt64\\bin\\node.exe","osName":"MINGW32_NT-10.0","error":null}]
2026/4/1 21:42:45: getting new Url ->  https://fan3.206102.xyz/v2ray免费账号/
2026/4/1 21:42:45: parse_data() -> https://fan3.206102.xyz/v2ray免费账号/
2026/4/1 21:42:45: parse_data() -> https://fan3.206102.xyz/ss免费账号/
2026/4/1 22:43:46Extracted src: https://fan3.206102.xyz/v2ray免费账号/
2026/4/1 22:43:43: nodePaths found in: [{"path":"C:\\Users\\Administrator\\scoop\\apps\\nodejs24\\current\\node.exe","osName":"Windows_NT","error":null},{"path":"C:\\msys64\\ucrt64\\bin\\node","osName":"MINGW32_NT-10.0","error":null},{"path":"C:\\msys64\\ucrt64\\bin\\node.exe","osName":"MINGW32_NT-10.0","error":null}]
2026/4/1 22:43:43: C:\Users\Administrator\scoop\apps\nodejs24\current\node.exe
2026/4/1 22:43:46: parse_data() -> https://fan3.206102.xyz/v2ray免费账号/
2026/4/1 22:43:46: parse_data() -> https://fan3.206102.xyz/ss免费账号/
2026/4/1 22:43:46: getting new Url ->  https://fan3.206102.xyz/v2ray免费账号/
2026/4/2 11:37:36 update_uri() -> Fetch error: AxiosError: Request failed with status code 502
2026/4/2 11:37:36: nodePaths found in: [{"path":"C:\\Users\\Administrator\\scoop\\apps\\nodejs24\\current\\node.exe","osName":"Windows_NT","error":null},{"path":"C:\\msys64\\ucrt64\\bin\\node","osName":"MINGW32_NT-10.0","error":null},{"path":"C:\\msys64\\ucrt64\\bin\\node.exe","osName":"MINGW32_NT-10.0","error":null}]
2026/4/2 11:37:36: C:\Users\Administrator\scoop\apps\nodejs24\current\node.exe
2026/4/2 11:37:36: getting new Url ->  null
2026/4/4 15:30:07Extracted src: https://fan3.206102.xyz/v2ray免费账号/
2026/4/4 15:29:59: C:\Users\Administrator\scoop\apps\nodejs24\current\node.exe
2026/4/4 15:30:07: parse_data() -> https://fan3.206102.xyz/v2ray免费账号/
2026/4/4 15:29:59: nodePaths found in: [{"path":"C:\\Users\\Administrator\\scoop\\apps\\nodejs24\\current\\node.exe","osName":"Windows_NT","error":null},{"path":"C:\\msys64\\ucrt64\\bin\\node","osName":"MINGW32_NT-10.0","error":null},{"path":"C:\\msys64\\ucrt64\\bin\\node.exe","osName":"MINGW32_NT-10.0","error":null}]
2026/4/4 15:30:07: getting new Url ->  https://fan3.206102.xyz/v2ray免费账号/
2026/4/4 15:30:07: parse_data() -> https://fan3.206102.xyz/ss免费账号/
2026/4/4 16:30:24Extracted src: https://fan3.206102.xyz/v2ray免费账号/
2026/4/4 16:30:21: nodePaths found in: [{"path":"C:\\Users\\Administrator\\scoop\\apps\\nodejs24\\current\\node.exe","osName":"Windows_NT","error":null},{"path":"C:\\msys64\\ucrt64\\bin\\node","osName":"MINGW32_NT-10.0","error":null},{"path":"C:\\msys64\\ucrt64\\bin\\node.exe","osName":"MINGW32_NT-10.0","error":null}]
2026/4/4 16:30:21: C:\Users\Administrator\scoop\apps\nodejs24\current\node.exe
2026/4/4 16:30:24: getting new Url ->  https://fan3.206102.xyz/v2ray免费账号/
2026/4/4 16:30:24: parse_data() -> https://fan3.206102.xyz/v2ray免费账号/
2026/4/4 16:30:24: parse_data() -> https://fan3.206102.xyz/ss免费账号/
2026/4/4 17:31:22Extracted src: https://fan3.206102.xyz/v2ray免费账号/
2026/4/4 17:31:19: nodePaths found in: [{"path":"C:\\Users\\Administrator\\scoop\\apps\\nodejs24\\current\\node.exe","osName":"Windows_NT","error":null},{"path":"C:\\msys64\\ucrt64\\bin\\node","osName":"MINGW32_NT-10.0","error":null},{"path":"C:\\msys64\\ucrt64\\bin\\node.exe","osName":"MINGW32_NT-10.0","error":null}]
2026/4/4 17:31:19: C:\Users\Administrator\scoop\apps\nodejs24\current\node.exe
2026/4/4 17:31:22: getting new Url ->  https://fan3.206102.xyz/v2ray免费账号/
2026/4/4 17:31:22: parse_data() -> https://fan3.206102.xyz/ss免费账号/
2026/4/4 17:31:22: parse_data() -> https://fan3.206102.xyz/v2ray免费账号/
2026/4/4 18:32:23Extracted src: https://fan3.206102.xyz/v2ray免费账号/
2026/4/4 18:32:19: C:\Users\Administrator\scoop\apps\nodejs24\current\node.exe
2026/4/4 18:32:19: nodePaths found in: [{"path":"C:\\Users\\Administrator\\scoop\\apps\\nodejs24\\current\\node.exe","osName":"Windows_NT","error":null},{"path":"C:\\msys64\\ucrt64\\bin\\node","osName":"MINGW32_NT-10.0","error":null},{"path":"C:\\msys64\\ucrt64\\bin\\node.exe","osName":"MINGW32_NT-10.0","error":null}]
2026/4/4 18:32:23: getting new Url ->  https://fan3.206102.xyz/v2ray免费账号/
2026/4/4 18:32:23: parse_data() -> https://fan3.206102.xyz/v2ray免费账号/
2026/4/4 18:32:23: parse_data() -> https://fan3.206102.xyz/ss免费账号/
2026/4/4 19:33:22Extracted src: https://fan3.206102.xyz/v2ray免费账号/
2026/4/4 19:33:22: parse_data() -> https://fan3.206102.xyz/v2ray免费账号/
2026/4/4 19:33:19: nodePaths found in: [{"path":"C:\\Users\\Administrator\\scoop\\apps\\nodejs24\\current\\node.exe","osName":"Windows_NT","error":null},{"path":"C:\\msys64\\ucrt64\\bin\\node","osName":"MINGW32_NT-10.0","error":null},{"path":"C:\\msys64\\ucrt64\\bin\\node.exe","osName":"MINGW32_NT-10.0","error":null}]
2026/4/4 19:33:22: getting new Url ->  https://fan3.206102.xyz/v2ray免费账号/
2026/4/4 19:33:22: parse_data() -> https://fan3.206102.xyz/ss免费账号/
2026/4/4 19:33:19: C:\Users\Administrator\scoop\apps\nodejs24\current\node.exe
2026/4/4 20:34:22Extracted src: https://fan3.206102.xyz/v2ray免费账号/
2026/4/4 20:34:19: nodePaths found in: [{"path":"C:\\Users\\Administrator\\scoop\\apps\\nodejs24\\current\\node.exe","osName":"Windows_NT","error":null},{"path":"C:\\msys64\\ucrt64\\bin\\node","osName":"MINGW32_NT-10.0","error":null},{"path":"C:\\msys64\\ucrt64\\bin\\node.exe","osName":"MINGW32_NT-10.0","error":null}]
2026/4/4 20:34:19: C:\Users\Administrator\scoop\apps\nodejs24\current\node.exe
2026/4/4 20:34:22: getting new Url ->  https://fan3.206102.xyz/v2ray免费账号/
2026/4/4 20:34:22: parse_data() -> https://fan3.206102.xyz/ss免费账号/
2026/4/4 20:34:22: parse_data() -> https://fan3.206102.xyz/v2ray免费账号/
2026/4/4 21:35:24 update_uri() -> Fetch error: AxiosError: Request failed with status code 502
2026/4/4 21:35:19: nodePaths found in: [{"path":"C:\\Users\\Administrator\\scoop\\apps\\nodejs24\\current\\node.exe","osName":"Windows_NT","error":null},{"path":"C:\\msys64\\ucrt64\\bin\\node","osName":"MINGW32_NT-10.0","error":null},{"path":"C:\\msys64\\ucrt64\\bin\\node.exe","osName":"MINGW32_NT-10.0","error":null}]
2026/4/4 21:35:24: getting new Url ->  null
2026/4/4 21:35:19: C:\Users\Administrator\scoop\apps\nodejs24\current\node.exe
2026/4/4 22:37:26Extracted src: https://fan3.206102.xyz/v2ray免费账号/
2026/4/4 22:37:20: nodePaths found in: [{"path":"C:\\Users\\Administrator\\scoop\\apps\\nodejs24\\current\\node.exe","osName":"Windows_NT","error":null},{"path":"C:\\msys64\\ucrt64\\bin\\node","osName":"MINGW32_NT-10.0","error":null},{"path":"C:\\msys64\\ucrt64\\bin\\node.exe","osName":"MINGW32_NT-10.0","error":null}]
2026/4/4 22:37:26: getting new Url ->  https://fan3.206102.xyz/v2ray免费账号/
2026/4/4 22:37:20: C:\Users\Administrator\scoop\apps\nodejs24\current\node.exe
2026/4/4 22:37:26: parse_data() -> https://fan3.206102.xyz/ss免费账号/
2026/4/4 22:37:26: parse_data() -> https://fan3.206102.xyz/v2ray免费账号/
2026/4/4 23:38:24Extracted src: https://fan3.206102.xyz/v2ray免费账号/
2026/4/4 23:38:19: nodePaths found in: [{"path":"C:\\Users\\Administrator\\scoop\\apps\\nodejs24\\current\\node.exe","osName":"Windows_NT","error":null},{"path":"C:\\msys64\\ucrt64\\bin\\node","osName":"MINGW32_NT-10.0","error":null},{"path":"C:\\msys64\\ucrt64\\bin\\node.exe","osName":"MINGW32_NT-10.0","error":null}]
2026/4/4 23:38:24: getting new Url ->  https://fan3.206102.xyz/v2ray免费账号/
2026/4/4 23:38:19: C:\Users\Administrator\scoop\apps\nodejs24\current\node.exe
2026/4/4 23:38:24: parse_data() -> https://fan3.206102.xyz/v2ray免费账号/
2026/4/4 23:38:24: parse_data() -> https://fan3.206102.xyz/ss免费账号/
2026/4/5 00:39:22Extracted src: https://fan3.206102.xyz/v2ray免费账号/
2026/4/5 00:39:19: nodePaths found in: [{"path":"C:\\Users\\Administrator\\scoop\\apps\\nodejs24\\current\\node.exe","osName":"Windows_NT","error":null},{"path":"C:\\msys64\\ucrt64\\bin\\node","osName":"MINGW32_NT-10.0","error":null},{"path":"C:\\msys64\\ucrt64\\bin\\node.exe","osName":"MINGW32_NT-10.0","error":null}]
2026/4/5 00:39:19: C:\Users\Administrator\scoop\apps\nodejs24\current\node.exe
2026/4/5 00:39:23: parse_data() -> https://fan3.206102.xyz/v2ray免费账号/
2026/4/5 00:39:23: getting new Url ->  https://fan3.206102.xyz/v2ray免费账号/
2026/4/5 00:39:23: parse_data() -> https://fan3.206102.xyz/ss免费账号/
2026/4/5 01:40:22Extracted src: https://fan3.206102.xyz/v2ray免费账号/
2026/4/5 01:40:19: C:\Users\Administrator\scoop\apps\nodejs24\current\node.exe
2026/4/5 01:40:19: nodePaths found in: [{"path":"C:\\Users\\Administrator\\scoop\\apps\\nodejs24\\current\\node.exe","osName":"Windows_NT","error":null},{"path":"C:\\msys64\\ucrt64\\bin\\node","osName":"MINGW32_NT-10.0","error":null},{"path":"C:\\msys64\\ucrt64\\bin\\node.exe","osName":"MINGW32_NT-10.0","error":null}]
2026/4/5 01:40:22: getting new Url ->  https://fan3.206102.xyz/v2ray免费账号/
2026/4/5 01:40:22: parse_data() -> https://fan3.206102.xyz/ss免费账号/
2026/4/5 01:40:22: parse_data() -> https://fan3.206102.xyz/v2ray免费账号/
2026/4/5 02:41:31Extracted src: https://fan3.206102.xyz/v2ray免费账号/
2026/4/5 02:41:21: nodePaths found in: [{"path":"C:\\Users\\Administrator\\scoop\\apps\\nodejs24\\current\\node.exe","osName":"Windows_NT","error":null},{"path":"C:\\msys64\\ucrt64\\bin\\node","osName":"MINGW32_NT-10.0","error":null},{"path":"C:\\msys64\\ucrt64\\bin\\node.exe","osName":"MINGW32_NT-10.0","error":null}]
2026/4/5 02:41:31: getting new Url ->  https://fan3.206102.xyz/v2ray免费账号/
2026/4/5 02:41:31: parse_data() -> https://fan3.206102.xyz/v2ray免费账号/
2026/4/5 02:41:21: C:\Users\Administrator\scoop\apps\nodejs24\current\node.exe
2026/4/5 02:41:31: parse_data() -> https://fan3.206102.xyz/ss免费账号/
2026/4/5 03:42:28Extracted src: https://fan3.206102.xyz/v2ray免费账号/
2026/4/5 03:42:27: nodePaths found in: [{"path":"C:\\Users\\Administrator\\scoop\\apps\\nodejs24\\current\\node.exe","osName":"Windows_NT","error":null},{"path":"C:\\msys64\\ucrt64\\bin\\node","osName":"MINGW32_NT-10.0","error":null},{"path":"C:\\msys64\\ucrt64\\bin\\node.exe","osName":"MINGW32_NT-10.0","error":null}]
2026/4/5 03:42:29: getting new Url ->  https://fan3.206102.xyz/v2ray免费账号/
2026/4/5 03:42:29: parse_data() -> https://fan3.206102.xyz/ss免费账号/
2026/4/5 03:42:27: C:\Users\Administrator\scoop\apps\nodejs24\current\node.exe
2026/4/5 03:42:29: parse_data() -> https://fan3.206102.xyz/v2ray免费账号/
2026/4/5 04:43:25Extracted src: https://fan3.206102.xyz/v2ray免费账号/
2026/4/5 04:43:20: C:\Users\Administrator\scoop\apps\nodejs24\current\node.exe
2026/4/5 04:43:20: nodePaths found in: [{"path":"C:\\Users\\Administrator\\scoop\\apps\\nodejs24\\current\\node.exe","osName":"Windows_NT","error":null},{"path":"C:\\msys64\\ucrt64\\bin\\node","osName":"MINGW32_NT-10.0","error":null},{"path":"C:\\msys64\\ucrt64\\bin\\node.exe","osName":"MINGW32_NT-10.0","error":null}]
2026/4/5 04:43:26: getting new Url ->  https://fan3.206102.xyz/v2ray免费账号/
2026/4/5 04:43:26: parse_data() -> https://fan3.206102.xyz/v2ray免费账号/
2026/4/5 04:43:26: parse_data() -> https://fan3.206102.xyz/ss免费账号/
2026/4/5 05:44:22Extracted src: https://fan3.206102.xyz/v2ray免费账号/
2026/4/5 05:44:20: nodePaths found in: [{"path":"C:\\Users\\Administrator\\scoop\\apps\\nodejs24\\current\\node.exe","osName":"Windows_NT","error":null},{"path":"C:\\msys64\\ucrt64\\bin\\node","osName":"MINGW32_NT-10.0","error":null},{"path":"C:\\msys64\\ucrt64\\bin\\node.exe","osName":"MINGW32_NT-10.0","error":null}]
2026/4/5 05:44:22: getting new Url ->  https://fan3.206102.xyz/v2ray免费账号/
2026/4/5 05:44:20: C:\Users\Administrator\scoop\apps\nodejs24\current\node.exe
2026/4/5 05:44:22: parse_data() -> https://fan3.206102.xyz/ss免费账号/
2026/4/5 05:44:22: parse_data() -> https://fan3.206102.xyz/v2ray免费账号/
2026/4/5 06:26:28Extracted src: https://fan3.206102.xyz/v2ray免费账号/
2026/4/5 06:26:26: nodePaths found in: [{"path":"C:\\Users\\Administrator\\scoop\\apps\\nodejs24\\current\\node.exe","osName":"Windows_NT","error":null},{"path":"C:\\msys64\\ucrt64\\bin\\node","osName":"MINGW32_NT-10.0","error":null},{"path":"C:\\msys64\\ucrt64\\bin\\node.exe","osName":"MINGW32_NT-10.0","error":null}]
2026/4/5 06:26:26: C:\Users\Administrator\scoop\apps\nodejs24\current\node.exe
2026/4/5 06:26:28: getting new Url ->  https://fan3.206102.xyz/v2ray免费账号/
2026/4/5 06:26:28: parse_data() -> https://fan3.206102.xyz/v2ray免费账号/
2026/4/5 06:26:28: parse_data() -> https://fan3.206102.xyz/ss免费账号/
2026/4/5 06:44:28Extracted src: https://fan3.206102.xyz/v2ray免费账号/
2026/4/5 06:44:25: C:\Users\Administrator\scoop\apps\nodejs24\current\node.exe
2026/4/5 06:44:25: nodePaths found in: [{"path":"C:\\Users\\Administrator\\scoop\\apps\\nodejs24\\current\\node.exe","osName":"Windows_NT","error":null},{"path":"C:\\msys64\\ucrt64\\bin\\node","osName":"MINGW32_NT-10.0","error":null},{"path":"C:\\msys64\\ucrt64\\bin\\node.exe","osName":"MINGW32_NT-10.0","error":null}]
2026/4/5 06:44:28: parse_data() -> https://fan3.206102.xyz/v2ray免费账号/
2026/4/5 06:44:28: getting new Url ->  https://fan3.206102.xyz/v2ray免费账号/
2026/4/5 06:44:28: parse_data() -> https://fan3.206102.xyz/ss免费账号/
2026/4/5 07:45:22Extracted src: https://fan3.206102.xyz/v2ray免费账号/
2026/4/5 07:45:20: nodePaths found in: [{"path":"C:\\Users\\Administrator\\scoop\\apps\\nodejs24\\current\\node.exe","osName":"Windows_NT","error":null},{"path":"C:\\msys64\\ucrt64\\bin\\node","osName":"MINGW32_NT-10.0","error":null},{"path":"C:\\msys64\\ucrt64\\bin\\node.exe","osName":"MINGW32_NT-10.0","error":null}]
2026/4/5 07:45:22: parse_data() -> https://fan3.206102.xyz/ss免费账号/
2026/4/5 07:45:22: getting new Url ->  https://fan3.206102.xyz/v2ray免费账号/
2026/4/5 07:45:20: C:\Users\Administrator\scoop\apps\nodejs24\current\node.exe
2026/4/5 07:45:22: parse_data() -> https://fan3.206102.xyz/v2ray免费账号/
2026/4/5 08:46:21Extracted src: https://fan3.206102.xyz/v2ray免费账号/
2026/4/5 08:46:19: nodePaths found in: [{"path":"C:\\Users\\Administrator\\scoop\\apps\\nodejs24\\current\\node.exe","osName":"Windows_NT","error":null},{"path":"C:\\msys64\\ucrt64\\bin\\node","osName":"MINGW32_NT-10.0","error":null},{"path":"C:\\msys64\\ucrt64\\bin\\node.exe","osName":"MINGW32_NT-10.0","error":null}]
2026/4/5 08:46:22: getting new Url ->  https://fan3.206102.xyz/v2ray免费账号/
2026/4/5 08:46:19: C:\Users\Administrator\scoop\apps\nodejs24\current\node.exe
2026/4/5 08:46:22: parse_data() -> https://fan3.206102.xyz/v2ray免费账号/
2026/4/5 08:46:22: parse_data() -> https://fan3.206102.xyz/ss免费账号/
2026/4/5 09:47:22Extracted src: https://fan3.206102.xyz/v2ray免费账号/
2026/4/5 09:47:20: nodePaths found in: [{"path":"C:\\Users\\Administrator\\scoop\\apps\\nodejs24\\current\\node.exe","osName":"Windows_NT","error":null},{"path":"C:\\msys64\\ucrt64\\bin\\node","osName":"MINGW32_NT-10.0","error":null},{"path":"C:\\msys64\\ucrt64\\bin\\node.exe","osName":"MINGW32_NT-10.0","error":null}]
2026/4/5 09:47:22: getting new Url ->  https://fan3.206102.xyz/v2ray免费账号/
2026/4/5 09:47:22: parse_data() -> https://fan3.206102.xyz/ss免费账号/
2026/4/5 09:47:20: C:\Users\Administrator\scoop\apps\nodejs24\current\node.exe
2026/4/5 09:47:22: parse_data() -> https://fan3.206102.xyz/v2ray免费账号/
2026/4/5 10:48:23Extracted src: https://fan3.206102.xyz/v2ray免费账号/
2026/4/5 10:48:21: C:\Users\Administrator\scoop\apps\nodejs24\current\node.exe
2026/4/5 10:48:23: getting new Url ->  https://fan3.206102.xyz/v2ray免费账号/
2026/4/5 10:48:21: nodePaths found in: [{"path":"C:\\Users\\Administrator\\scoop\\apps\\nodejs24\\current\\node.exe","osName":"Windows_NT","error":null},{"path":"C:\\msys64\\ucrt64\\bin\\node","osName":"MINGW32_NT-10.0","error":null},{"path":"C:\\msys64\\ucrt64\\bin\\node.exe","osName":"MINGW32_NT-10.0","error":null}]
2026/4/5 10:48:23: parse_data() -> https://fan3.206102.xyz/ss免费账号/
2026/4/5 10:48:23: parse_data() -> https://fan3.206102.xyz/v2ray免费账号/
2026/4/5 11:49:22Extracted src: https://fan3.206102.xyz/v2ray免费账号/
2026/4/5 11:49:19: nodePaths found in: [{"path":"C:\\Users\\Administrator\\scoop\\apps\\nodejs24\\current\\node.exe","osName":"Windows_NT","error":null},{"path":"C:\\msys64\\ucrt64\\bin\\node","osName":"MINGW32_NT-10.0","error":null},{"path":"C:\\msys64\\ucrt64\\bin\\node.exe","osName":"MINGW32_NT-10.0","error":null}]
2026/4/5 11:49:19: C:\Users\Administrator\scoop\apps\nodejs24\current\node.exe
2026/4/5 11:49:22: parse_data() -> https://fan3.206102.xyz/ss免费账号/
2026/4/5 11:49:22: getting new Url ->  https://fan3.206102.xyz/v2ray免费账号/
2026/4/5 11:49:22: parse_data() -> https://fan3.206102.xyz/v2ray免费账号/
2026/4/5 12:50:21Extracted src: https://fan3.206102.xyz/v2ray免费账号/
2026/4/5 12:50:19: nodePaths found in: [{"path":"C:\\Users\\Administrator\\scoop\\apps\\nodejs24\\current\\node.exe","osName":"Windows_NT","error":null},{"path":"C:\\msys64\\ucrt64\\bin\\node","osName":"MINGW32_NT-10.0","error":null},{"path":"C:\\msys64\\ucrt64\\bin\\node.exe","osName":"MINGW32_NT-10.0","error":null}]
2026/4/5 12:50:19: C:\Users\Administrator\scoop\apps\nodejs24\current\node.exe
2026/4/5 12:50:21: getting new Url ->  https://fan3.206102.xyz/v2ray免费账号/
2026/4/5 12:50:21: parse_data() -> https://fan3.206102.xyz/ss免费账号/
2026/4/5 12:50:21: parse_data() -> https://fan3.206102.xyz/v2ray免费账号/
2026/4/5 13:51:21Extracted src: https://fan3.206102.xyz/v2ray免费账号/
2026/4/5 13:51:19: nodePaths found in: [{"path":"C:\\Users\\Administrator\\scoop\\apps\\nodejs24\\current\\node.exe","osName":"Windows_NT","error":null},{"path":"C:\\msys64\\ucrt64\\bin\\node","osName":"MINGW32_NT-10.0","error":null},{"path":"C:\\msys64\\ucrt64\\bin\\node.exe","osName":"MINGW32_NT-10.0","error":null}]
2026/4/5 13:51:19: C:\Users\Administrator\scoop\apps\nodejs24\current\node.exe
2026/4/5 13:51:21: getting new Url ->  https://fan3.206102.xyz/v2ray免费账号/
2026/4/5 13:51:21: parse_data() -> https://fan3.206102.xyz/v2ray免费账号/
2026/4/5 13:51:21: parse_data() -> https://fan3.206102.xyz/ss免费账号/
2026/4/5 14:52:21Extracted src: https://fan3.206102.xyz/v2ray免费账号/
2026/4/5 14:52:19: nodePaths found in: [{"path":"C:\\Users\\Administrator\\scoop\\apps\\nodejs24\\current\\node.exe","osName":"Windows_NT","error":null},{"path":"C:\\msys64\\ucrt64\\bin\\node","osName":"MINGW32_NT-10.0","error":null},{"path":"C:\\msys64\\ucrt64\\bin\\node.exe","osName":"MINGW32_NT-10.0","error":null}]
2026/4/5 14:52:21: getting new Url ->  https://fan3.206102.xyz/v2ray免费账号/
2026/4/5 14:52:21: parse_data() -> https://fan3.206102.xyz/v2ray免费账号/
2026/4/5 14:52:21: parse_data() -> https://fan3.206102.xyz/ss免费账号/
2026/4/5 14:52:19: C:\Users\Administrator\scoop\apps\nodejs24\current\node.exe
2026/4/5 15:53:22Extracted src: https://fan3.206102.xyz/v2ray免费账号/
2026/4/5 15:53:19: nodePaths found in: [{"path":"C:\\Users\\Administrator\\scoop\\apps\\nodejs24\\current\\node.exe","osName":"Windows_NT","error":null},{"path":"C:\\msys64\\ucrt64\\bin\\node","osName":"MINGW32_NT-10.0","error":null},{"path":"C:\\msys64\\ucrt64\\bin\\node.exe","osName":"MINGW32_NT-10.0","error":null}]
2026/4/5 15:53:19: C:\Users\Administrator\scoop\apps\nodejs24\current\node.exe
2026/4/5 15:53:22: getting new Url ->  https://fan3.206102.xyz/v2ray免费账号/
2026/4/5 15:53:22: parse_data() -> https://fan3.206102.xyz/v2ray免费账号/
2026/4/5 15:53:22: parse_data() -> https://fan3.206102.xyz/ss免费账号/
2026/4/5 16:54:24Extracted src: https://fan3.206102.xyz/v2ray免费账号/
2026/4/5 16:54:22: nodePaths found in: [{"path":"C:\\Users\\Administrator\\scoop\\apps\\nodejs24\\current\\node.exe","osName":"Windows_NT","error":null},{"path":"C:\\msys64\\ucrt64\\bin\\node","osName":"MINGW32_NT-10.0","error":null},{"path":"C:\\msys64\\ucrt64\\bin\\node.exe","osName":"MINGW32_NT-10.0","error":null}]
2026/4/5 16:54:24: getting new Url ->  https://fan3.206102.xyz/v2ray免费账号/
2026/4/5 16:54:22: C:\Users\Administrator\scoop\apps\nodejs24\current\node.exe
2026/4/5 16:54:24: parse_data() -> https://fan3.206102.xyz/v2ray免费账号/
2026/4/5 16:54:24: parse_data() -> https://fan3.206102.xyz/ss免费账号/
2026/4/5 17:55:24Extracted src: https://fan3.206102.xyz/v2ray免费账号/
2026/4/5 17:55:22: nodePaths found in: [{"path":"C:\\Users\\Administrator\\scoop\\apps\\nodejs24\\current\\node.exe","osName":"Windows_NT","error":null},{"path":"C:\\msys64\\ucrt64\\bin\\node","osName":"MINGW32_NT-10.0","error":null},{"path":"C:\\msys64\\ucrt64\\bin\\node.exe","osName":"MINGW32_NT-10.0","error":null}]
2026/4/5 17:55:22: C:\Users\Administrator\scoop\apps\nodejs24\current\node.exe
2026/4/5 17:55:24: getting new Url ->  https://fan3.206102.xyz/v2ray免费账号/
2026/4/5 17:55:24: parse_data() -> https://fan3.206102.xyz/v2ray免费账号/
2026/4/5 17:55:24: parse_data() -> https://fan3.206102.xyz/ss免费账号/
2026/4/5 18:56:36Extracted src: https://fan3.206102.xyz/v2ray免费账号/
2026/4/5 18:56:25: nodePaths found in: [{"path":"C:\\Users\\Administrator\\scoop\\apps\\nodejs24\\current\\node.exe","osName":"Windows_NT","error":null},{"path":"C:\\msys64\\ucrt64\\bin\\node","osName":"MINGW32_NT-10.0","error":null},{"path":"C:\\msys64\\ucrt64\\bin\\node.exe","osName":"MINGW32_NT-10.0","error":null}]
2026/4/5 18:56:36: getting new Url ->  https://fan3.206102.xyz/v2ray免费账号/
2026/4/5 18:56:36: parse_data() -> https://fan3.206102.xyz/v2ray免费账号/
2026/4/5 18:56:25: C:\Users\Administrator\scoop\apps\nodejs24\current\node.exe
2026/4/5 18:56:36: parse_data() -> https://fan3.206102.xyz/ss免费账号/
2026/4/5 19:57:25Extracted src: https://fan3.206102.xyz/v2ray免费账号/
2026/4/5 19:57:22: nodePaths found in: [{"path":"C:\\Users\\Administrator\\scoop\\apps\\nodejs24\\current\\node.exe","osName":"Windows_NT","error":null},{"path":"C:\\msys64\\ucrt64\\bin\\node","osName":"MINGW32_NT-10.0","error":null},{"path":"C:\\msys64\\ucrt64\\bin\\node.exe","osName":"MINGW32_NT-10.0","error":null}]
2026/4/5 19:57:22: C:\Users\Administrator\scoop\apps\nodejs24\current\node.exe
2026/4/5 19:57:25: getting new Url ->  https://fan3.206102.xyz/v2ray免费账号/
2026/4/5 19:57:25: parse_data() -> https://fan3.206102.xyz/ss免费账号/
2026/4/5 19:57:25: parse_data() -> https://fan3.206102.xyz/v2ray免费账号/
2026/4/5 20:58:25Extracted src: https://fan3.206102.xyz/v2ray免费账号/
2026/4/5 20:58:25: getting new Url ->  https://fan3.206102.xyz/v2ray免费账号/
2026/4/5 20:58:22: nodePaths found in: [{"path":"C:\\Users\\Administrator\\scoop\\apps\\nodejs24\\current\\node.exe","osName":"Windows_NT","error":null},{"path":"C:\\msys64\\ucrt64\\bin\\node","osName":"MINGW32_NT-10.0","error":null},{"path":"C:\\msys64\\ucrt64\\bin\\node.exe","osName":"MINGW32_NT-10.0","error":null}]
2026/4/5 20:58:25: parse_data() -> https://fan3.206102.xyz/v2ray免费账号/
2026/4/5 20:58:22: C:\Users\Administrator\scoop\apps\nodejs24\current\node.exe
2026/4/5 20:58:25: parse_data() -> https://fan3.206102.xyz/ss免费账号/
2026/4/6 08:51:26Extracted src: https://fan3.206102.xyz/v2ray免费账号/
2026/4/6 08:51:24: C:\Users\Administrator\scoop\apps\nodejs24\current\node.exe
2026/4/6 08:51:24: nodePaths found in: [{"path":"C:\\Users\\Administrator\\scoop\\apps\\nodejs24\\current\\node.exe","osName":"Windows_NT","error":null},{"path":"C:\\msys64\\ucrt64\\bin\\node","osName":"MINGW32_NT-10.0","error":null},{"path":"C:\\msys64\\ucrt64\\bin\\node.exe","osName":"MINGW32_NT-10.0","error":null}]
2026/4/6 08:51:26: getting new Url ->  https://fan3.206102.xyz/v2ray免费账号/
2026/4/6 08:51:26: parse_data() -> https://fan3.206102.xyz/v2ray免费账号/
2026/4/6 08:51:26: parse_data() -> https://fan3.206102.xyz/ss免费账号/
2026/4/6 09:52:29Extracted src: https://fan3.206102.xyz/v2ray免费账号/
2026/4/6 09:52:24: nodePaths found in: [{"path":"C:\\Users\\Administrator\\scoop\\apps\\nodejs24\\current\\node.exe","osName":"Windows_NT","error":null},{"path":"C:\\msys64\\ucrt64\\bin\\node","osName":"MINGW32_NT-10.0","error":null},{"path":"C:\\msys64\\ucrt64\\bin\\node.exe","osName":"MINGW32_NT-10.0","error":null}]
2026/4/6 09:52:29: getting new Url ->  https://fan3.206102.xyz/v2ray免费账号/
2026/4/6 09:52:29: parse_data() -> https://fan3.206102.xyz/v2ray免费账号/
2026/4/6 09:52:24: C:\Users\Administrator\scoop\apps\nodejs24\current\node.exe
2026/4/6 09:52:29: parse_data() -> https://fan3.206102.xyz/ss免费账号/
2026/4/6 10:53:26Extracted src: https://fan3.206102.xyz/v2ray免费账号/
2026/4/6 10:53:23: C:\Users\Administrator\scoop\apps\nodejs24\current\node.exe
2026/4/6 10:53:23: nodePaths found in: [{"path":"C:\\Users\\Administrator\\scoop\\apps\\nodejs24\\current\\node.exe","osName":"Windows_NT","error":null},{"path":"C:\\msys64\\ucrt64\\bin\\node","osName":"MINGW32_NT-10.0","error":null},{"path":"C:\\msys64\\ucrt64\\bin\\node.exe","osName":"MINGW32_NT-10.0","error":null}]
2026/4/6 10:53:26: getting new Url ->  https://fan3.206102.xyz/v2ray免费账号/
2026/4/6 10:53:26: parse_data() -> https://fan3.206102.xyz/ss免费账号/
2026/4/6 10:53:26: parse_data() -> https://fan3.206102.xyz/v2ray免费账号/
2026/4/6 11:54:27Extracted src: https://fan3.206102.xyz/v2ray免费账号/
2026/4/6 11:54:23: nodePaths found in: [{"path":"C:\\Users\\Administrator\\scoop\\apps\\nodejs24\\current\\node.exe","osName":"Windows_NT","error":null},{"path":"C:\\msys64\\ucrt64\\bin\\node","osName":"MINGW32_NT-10.0","error":null},{"path":"C:\\msys64\\ucrt64\\bin\\node.exe","osName":"MINGW32_NT-10.0","error":null}]
2026/4/6 11:54:23: C:\Users\Administrator\scoop\apps\nodejs24\current\node.exe
2026/4/6 11:54:27: parse_data() -> https://fan3.206102.xyz/v2ray免费账号/
2026/4/6 11:54:27: getting new Url ->  https://fan3.206102.xyz/v2ray免费账号/
2026/4/6 11:54:27: parse_data() -> https://fan3.206102.xyz/ss免费账号/
2026/4/6 12:55:28Extracted src: https://fan3.206102.xyz/v2ray免费账号/
2026/4/6 12:55:24: C:\Users\Administrator\scoop\apps\nodejs24\current\node.exe
2026/4/6 12:55:24: nodePaths found in: [{"path":"C:\\Users\\Administrator\\scoop\\apps\\nodejs24\\current\\node.exe","osName":"Windows_NT","error":null},{"path":"C:\\msys64\\ucrt64\\bin\\node","osName":"MINGW32_NT-10.0","error":null},{"path":"C:\\msys64\\ucrt64\\bin\\node.exe","osName":"MINGW32_NT-10.0","error":null}]
2026/4/6 12:55:28: getting new Url ->  https://fan3.206102.xyz/v2ray免费账号/
2026/4/6 12:55:28: parse_data() -> https://fan3.206102.xyz/v2ray免费账号/
2026/4/6 12:55:28: parse_data() -> https://fan3.206102.xyz/ss免费账号/
2026/4/6 14:57:27Extracted src: https://fan3.206102.xyz/v2ray免费账号/
2026/4/6 14:57:23: nodePaths found in: [{"path":"C:\\Users\\Administrator\\scoop\\apps\\nodejs24\\current\\node.exe","osName":"Windows_NT","error":null},{"path":"C:\\msys64\\ucrt64\\bin\\node","osName":"MINGW32_NT-10.0","error":null},{"path":"C:\\msys64\\ucrt64\\bin\\node.exe","osName":"MINGW32_NT-10.0","error":null}]
2026/4/6 14:57:27: parse_data() -> https://fan3.206102.xyz/ss免费账号/
2026/4/6 14:57:23: C:\Users\Administrator\scoop\apps\nodejs24\current\node.exe
2026/4/6 14:57:27: getting new Url ->  https://fan3.206102.xyz/v2ray免费账号/
2026/4/6 14:57:27: parse_data() -> https://fan3.206102.xyz/v2ray免费账号/
2026/4/6 15:57:33Extracted src: https://fan3.206102.xyz/v2ray免费账号/
2026/4/6 15:57:30: C:\Users\Administrator\scoop\apps\nodejs24\current\node.exe
2026/4/6 15:57:33: getting new Url ->  https://fan3.206102.xyz/v2ray免费账号/
2026/4/6 15:57:33: parse_data() -> https://fan3.206102.xyz/ss免费账号/
2026/4/6 15:57:30: nodePaths found in: [{"path":"C:\\Users\\Administrator\\scoop\\apps\\nodejs24\\current\\node.exe","osName":"Windows_NT","error":null},{"path":"C:\\msys64\\ucrt64\\bin\\node","osName":"MINGW32_NT-10.0","error":null},{"path":"C:\\msys64\\ucrt64\\bin\\node.exe","osName":"MINGW32_NT-10.0","error":null}]
2026/4/6 15:57:33: parse_data() -> https://fan3.206102.xyz/v2ray免费账号/
2026/4/6 16:58:26Extracted src: https://fan3.206102.xyz/v2ray免费账号/
2026/4/6 16:58:24: nodePaths found in: [{"path":"C:\\Users\\Administrator\\scoop\\apps\\nodejs24\\current\\node.exe","osName":"Windows_NT","error":null},{"path":"C:\\msys64\\ucrt64\\bin\\node","osName":"MINGW32_NT-10.0","error":null},{"path":"C:\\msys64\\ucrt64\\bin\\node.exe","osName":"MINGW32_NT-10.0","error":null}]
2026/4/6 16:58:24: C:\Users\Administrator\scoop\apps\nodejs24\current\node.exe
2026/4/6 16:58:26: getting new Url ->  https://fan3.206102.xyz/v2ray免费账号/
2026/4/6 16:58:26: parse_data() -> https://fan3.206102.xyz/v2ray免费账号/
2026/4/6 16:58:26: parse_data() -> https://fan3.206102.xyz/ss免费账号/
2026/4/6 17:59:26Extracted src: https://fan3.206102.xyz/v2ray免费账号/
2026/4/6 17:59:23: nodePaths found in: [{"path":"C:\\Users\\Administrator\\scoop\\apps\\nodejs24\\current\\node.exe","osName":"Windows_NT","error":null},{"path":"C:\\msys64\\ucrt64\\bin\\node","osName":"MINGW32_NT-10.0","error":null},{"path":"C:\\msys64\\ucrt64\\bin\\node.exe","osName":"MINGW32_NT-10.0","error":null}]
2026/4/6 17:59:26: getting new Url ->  https://fan3.206102.xyz/v2ray免费账号/
2026/4/6 17:59:23: C:\Users\Administrator\scoop\apps\nodejs24\current\node.exe
2026/4/6 17:59:26: parse_data() -> https://fan3.206102.xyz/v2ray免费账号/
2026/4/6 17:59:26: parse_data() -> https://fan3.206102.xyz/ss免费账号/
2026/4/6 19:00:26Extracted src: https://fan3.206102.xyz/v2ray免费账号/
2026/4/6 19:00:24: nodePaths found in: [{"path":"C:\\Users\\Administrator\\scoop\\apps\\nodejs24\\current\\node.exe","osName":"Windows_NT","error":null},{"path":"C:\\msys64\\ucrt64\\bin\\node","osName":"MINGW32_NT-10.0","error":null},{"path":"C:\\msys64\\ucrt64\\bin\\node.exe","osName":"MINGW32_NT-10.0","error":null}]
2026/4/6 19:00:24: C:\Users\Administrator\scoop\apps\nodejs24\current\node.exe
2026/4/6 19:00:26: getting new Url ->  https://fan3.206102.xyz/v2ray免费账号/
2026/4/6 19:00:26: parse_data() -> https://fan3.206102.xyz/v2ray免费账号/
2026/4/6 19:00:26: parse_data() -> https://fan3.206102.xyz/ss免费账号/
2026/4/6 20:01:27Extracted src: https://fan3.206102.xyz/v2ray免费账号/
2026/4/6 20:01:24: nodePaths found in: [{"path":"C:\\Users\\Administrator\\scoop\\apps\\nodejs24\\current\\node.exe","osName":"Windows_NT","error":null},{"path":"C:\\msys64\\ucrt64\\bin\\node","osName":"MINGW32_NT-10.0","error":null},{"path":"C:\\msys64\\ucrt64\\bin\\node.exe","osName":"MINGW32_NT-10.0","error":null}]
2026/4/6 20:01:27: parse_data() -> https://fan3.206102.xyz/v2ray免费账号/
2026/4/6 20:01:24: C:\Users\Administrator\scoop\apps\nodejs24\current\node.exe
2026/4/6 20:01:27: getting new Url ->  https://fan3.206102.xyz/v2ray免费账号/
2026/4/6 20:01:27: parse_data() -> https://fan3.206102.xyz/ss免费账号/
2026/4/6 21:02:27Extracted src: https://fan3.206102.xyz/v2ray免费账号/
2026/4/6 21:02:24: nodePaths found in: [{"path":"C:\\Users\\Administrator\\scoop\\apps\\nodejs24\\current\\node.exe","osName":"Windows_NT","error":null},{"path":"C:\\msys64\\ucrt64\\bin\\node","osName":"MINGW32_NT-10.0","error":null},{"path":"C:\\msys64\\ucrt64\\bin\\node.exe","osName":"MINGW32_NT-10.0","error":null}]
2026/4/6 21:02:24: C:\Users\Administrator\scoop\apps\nodejs24\current\node.exe
2026/4/6 21:02:27: getting new Url ->  https://fan3.206102.xyz/v2ray免费账号/
2026/4/6 21:02:27: parse_data() -> https://fan3.206102.xyz/v2ray免费账号/
2026/4/6 21:02:27: parse_data() -> https://fan3.206102.xyz/ss免费账号/
2026/4/6 22:03:27Extracted src: https://fan3.206102.xyz/v2ray免费账号/
2026/4/6 22:03:24: C:\Users\Administrator\scoop\apps\nodejs24\current\node.exe
2026/4/6 22:03:24: nodePaths found in: [{"path":"C:\\Users\\Administrator\\scoop\\apps\\nodejs24\\current\\node.exe","osName":"Windows_NT","error":null},{"path":"C:\\msys64\\ucrt64\\bin\\node","osName":"MINGW32_NT-10.0","error":null},{"path":"C:\\msys64\\ucrt64\\bin\\node.exe","osName":"MINGW32_NT-10.0","error":null}]
2026/4/6 22:03:27: getting new Url ->  https://fan3.206102.xyz/v2ray免费账号/
2026/4/6 22:03:27: parse_data() -> https://fan3.206102.xyz/v2ray免费账号/
2026/4/6 22:03:27: parse_data() -> https://fan3.206102.xyz/ss免费账号/
2026/4/6 22:12:33Extracted src: https://fan3.206102.xyz/v2ray免费账号/
2026/4/6 22:12:36Extracted src: https://fan3.206102.xyz/v2ray免费账号/
2026/4/7 11:01:32Extracted src: https://fan3.206102.xyz/v2ray免费账号/
2026/4/7 11:01:25: nodePaths found in: [{"path":"C:\\Users\\Administrator\\scoop\\apps\\nodejs24\\current\\node.exe","osName":"Windows_NT","error":null},{"path":"C:\\msys64\\ucrt64\\bin\\node","osName":"MINGW32_NT-10.0","error":null},{"path":"C:\\msys64\\ucrt64\\bin\\node.exe","osName":"MINGW32_NT-10.0","error":null}]
2026/4/7 11:01:25: C:\Users\Administrator\scoop\apps\nodejs24\current\node.exe
2026/4/7 11:01:32: getting new Url ->  https://fan3.206102.xyz/v2ray免费账号/
2026/4/7 11:01:32: parse_data() -> https://fan3.206102.xyz/ss免费账号/
2026/4/7 11:01:32: parse_data() -> https://fan3.206102.xyz/v2ray免费账号/
2026/4/7 12:02:26Extracted src: https://fan3.206102.xyz/v2ray免费账号/
2026/4/7 12:02:23: nodePaths found in: [{"path":"C:\\Users\\Administrator\\scoop\\apps\\nodejs24\\current\\node.exe","osName":"Windows_NT","error":null},{"path":"C:\\msys64\\ucrt64\\bin\\node","osName":"MINGW32_NT-10.0","error":null},{"path":"C:\\msys64\\ucrt64\\bin\\node.exe","osName":"MINGW32_NT-10.0","error":null}]
2026/4/7 12:02:26: getting new Url ->  https://fan3.206102.xyz/v2ray免费账号/
2026/4/7 12:02:26: parse_data() -> https://fan3.206102.xyz/ss免费账号/
2026/4/7 12:02:23: C:\Users\Administrator\scoop\apps\nodejs24\current\node.exe
2026/4/7 12:02:26: parse_data() -> https://fan3.206102.xyz/v2ray免费账号/
2026/4/7 13:03:28Extracted src: https://fan3.206102.xyz/v2ray免费账号/
2026/4/7 13:03:25: C:\Users\Administrator\scoop\apps\nodejs24\current\node.exe
2026/4/7 13:03:28: getting new Url ->  https://fan3.206102.xyz/v2ray免费账号/
2026/4/7 13:03:25: nodePaths found in: [{"path":"C:\\Users\\Administrator\\scoop\\apps\\nodejs24\\current\\node.exe","osName":"Windows_NT","error":null},{"path":"C:\\msys64\\ucrt64\\bin\\node","osName":"MINGW32_NT-10.0","error":null},{"path":"C:\\msys64\\ucrt64\\bin\\node.exe","osName":"MINGW32_NT-10.0","error":null}]
2026/4/7 13:03:28: parse_data() -> https://fan3.206102.xyz/v2ray免费账号/
2026/4/7 13:03:28: parse_data() -> https://fan3.206102.xyz/ss免费账号/
2026/4/7 14:04:28Extracted src: https://fan3.206102.xyz/v2ray免费账号/
2026/4/7 14:04:25: C:\Users\Administrator\scoop\apps\nodejs24\current\node.exe
2026/4/7 14:04:25: nodePaths found in: [{"path":"C:\\Users\\Administrator\\scoop\\apps\\nodejs24\\current\\node.exe","osName":"Windows_NT","error":null},{"path":"C:\\msys64\\ucrt64\\bin\\node","osName":"MINGW32_NT-10.0","error":null},{"path":"C:\\msys64\\ucrt64\\bin\\node.exe","osName":"MINGW32_NT-10.0","error":null}]
2026/4/7 14:04:28: getting new Url ->  https://fan3.206102.xyz/v2ray免费账号/
2026/4/7 14:04:28: parse_data() -> https://fan3.206102.xyz/ss免费账号/
2026/4/7 14:04:28: parse_data() -> https://fan3.206102.xyz/v2ray免费账号/
2026/4/7 15:05:29Extracted src: https://fan3.206102.xyz/v2ray免费账号/
2026/4/7 15:05:29: getting new Url ->  https://fan3.206102.xyz/v2ray免费账号/
2026/4/7 15:05:25: nodePaths found in: [{"path":"C:\\Users\\Administrator\\scoop\\apps\\nodejs24\\current\\node.exe","osName":"Windows_NT","error":null},{"path":"C:\\msys64\\ucrt64\\bin\\node","osName":"MINGW32_NT-10.0","error":null},{"path":"C:\\msys64\\ucrt64\\bin\\node.exe","osName":"MINGW32_NT-10.0","error":null}]
2026/4/7 15:05:25: C:\Users\Administrator\scoop\apps\nodejs24\current\node.exe
2026/4/7 15:05:29: parse_data() -> https://fan3.206102.xyz/ss免费账号/
2026/4/7 15:05:29: parse_data() -> https://fan3.206102.xyz/v2ray免费账号/
2026/4/7 16:06:28Extracted src: https://fan3.206102.xyz/v2ray免费账号/
2026/4/7 16:06:25: C:\Users\Administrator\scoop\apps\nodejs24\current\node.exe
2026/4/7 16:06:28: getting new Url ->  https://fan3.206102.xyz/v2ray免费账号/
2026/4/7 16:06:25: nodePaths found in: [{"path":"C:\\Users\\Administrator\\scoop\\apps\\nodejs24\\current\\node.exe","osName":"Windows_NT","error":null},{"path":"C:\\msys64\\ucrt64\\bin\\node","osName":"MINGW32_NT-10.0","error":null},{"path":"C:\\msys64\\ucrt64\\bin\\node.exe","osName":"MINGW32_NT-10.0","error":null}]
2026/4/7 16:06:28: parse_data() -> https://fan3.206102.xyz/v2ray免费账号/
2026/4/7 16:06:28: parse_data() -> https://fan3.206102.xyz/ss免费账号/
2026/4/7 16:30:59Extracted src: https://fan3.206102.xyz/v2ray免费账号/
2026/4/7 16:31:02Extracted src: https://fan3.206102.xyz/v2ray免费账号/
2026/4/7 17:07:28Extracted src: https://fan3.206102.xyz/v2ray免费账号/
2026/4/7 17:07:25: nodePaths found in: [{"path":"C:\\Users\\Administrator\\scoop\\apps\\nodejs24\\current\\node.exe","osName":"Windows_NT","error":null},{"path":"C:\\msys64\\ucrt64\\bin\\node","osName":"MINGW32_NT-10.0","error":null},{"path":"C:\\msys64\\ucrt64\\bin\\node.exe","osName":"MINGW32_NT-10.0","error":null}]
2026/4/7 17:07:28: getting new Url ->  https://fan3.206102.xyz/v2ray免费账号/
2026/4/7 17:07:25: C:\Users\Administrator\scoop\apps\nodejs24\current\node.exe
2026/4/7 17:07:28: parse_data() -> https://fan3.206102.xyz/ss免费账号/
2026/4/7 17:07:28: parse_data() -> https://fan3.206102.xyz/v2ray免费账号/
2026/4/7 18:08:28Extracted src: https://fan3.206102.xyz/v2ray免费账号/
2026/4/7 18:08:25: C:\Users\Administrator\scoop\apps\nodejs24\current\node.exe
2026/4/7 18:08:28: getting new Url ->  https://fan3.206102.xyz/v2ray免费账号/
2026/4/7 18:08:25: nodePaths found in: [{"path":"C:\\Users\\Administrator\\scoop\\apps\\nodejs24\\current\\node.exe","osName":"Windows_NT","error":null},{"path":"C:\\msys64\\ucrt64\\bin\\node","osName":"MINGW32_NT-10.0","error":null},{"path":"C:\\msys64\\ucrt64\\bin\\node.exe","osName":"MINGW32_NT-10.0","error":null}]
2026/4/7 18:08:28: parse_data() -> https://fan3.206102.xyz/ss免费账号/
2026/4/7 18:08:28: parse_data() -> https://fan3.206102.xyz/v2ray免费账号/
2026/4/7 19:09:35Extracted src: https://fan3.206102.xyz/v2ray免费账号/
2026/4/7 19:09:25: C:\Users\Administrator\scoop\apps\nodejs24\current\node.exe
2026/4/7 19:09:35: getting new Url ->  https://fan3.206102.xyz/v2ray免费账号/
2026/4/7 19:09:25: nodePaths found in: [{"path":"C:\\Users\\Administrator\\scoop\\apps\\nodejs24\\current\\node.exe","osName":"Windows_NT","error":null},{"path":"C:\\msys64\\ucrt64\\bin\\node","osName":"MINGW32_NT-10.0","error":null},{"path":"C:\\msys64\\ucrt64\\bin\\node.exe","osName":"MINGW32_NT-10.0","error":null}]
2026/4/7 19:09:35: parse_data() -> https://fan3.206102.xyz/ss免费账号/
2026/4/7 19:09:35: parse_data() -> https://fan3.206102.xyz/v2ray免费账号/
2026/4/7 20:10:29Extracted src: https://fan3.206102.xyz/v2ray免费账号/
2026/4/7 20:10:26: nodePaths found in: [{"path":"C:\\Users\\Administrator\\scoop\\apps\\nodejs24\\current\\node.exe","osName":"Windows_NT","error":null},{"path":"C:\\msys64\\ucrt64\\bin\\node","osName":"MINGW32_NT-10.0","error":null},{"path":"C:\\msys64\\ucrt64\\bin\\node.exe","osName":"MINGW32_NT-10.0","error":null}]
2026/4/7 20:10:26: C:\Users\Administrator\scoop\apps\nodejs24\current\node.exe
2026/4/7 20:10:29: getting new Url ->  https://fan3.206102.xyz/v2ray免费账号/
2026/4/7 20:10:29: parse_data() -> https://fan3.206102.xyz/v2ray免费账号/
2026/4/7 20:10:29: parse_data() -> https://fan3.206102.xyz/ss免费账号/
2026/4/7 21:11:30Extracted src: https://fan3.206102.xyz/v2ray免费账号/
2026/4/7 21:11:26: nodePaths found in: [{"path":"C:\\Users\\Administrator\\scoop\\apps\\nodejs24\\current\\node.exe","osName":"Windows_NT","error":null},{"path":"C:\\msys64\\ucrt64\\bin\\node","osName":"MINGW32_NT-10.0","error":null},{"path":"C:\\msys64\\ucrt64\\bin\\node.exe","osName":"MINGW32_NT-10.0","error":null}]
2026/4/7 21:11:26: C:\Users\Administrator\scoop\apps\nodejs24\current\node.exe
2026/4/7 21:11:31: getting new Url ->  https://fan3.206102.xyz/v2ray免费账号/
2026/4/7 21:11:31: parse_data() -> https://fan3.206102.xyz/v2ray免费账号/
2026/4/7 21:11:31: parse_data() -> https://fan3.206102.xyz/ss免费账号/
2026/4/7 22:12:30Extracted src: https://fan3.206102.xyz/v2ray免费账号/
2026/4/7 22:12:25: C:\Users\Administrator\scoop\apps\nodejs24\current\node.exe
2026/4/7 22:12:25: nodePaths found in: [{"path":"C:\\Users\\Administrator\\scoop\\apps\\nodejs24\\current\\node.exe","osName":"Windows_NT","error":null},{"path":"C:\\msys64\\ucrt64\\bin\\node","osName":"MINGW32_NT-10.0","error":null},{"path":"C:\\msys64\\ucrt64\\bin\\node.exe","osName":"MINGW32_NT-10.0","error":null}]
2026/4/7 22:12:30: getting new Url ->  https://fan3.206102.xyz/v2ray免费账号/
2026/4/7 22:12:30: parse_data() -> https://fan3.206102.xyz/v2ray免费账号/
2026/4/7 22:12:30: parse_data() -> https://fan3.206102.xyz/ss免费账号/
2026/4/7 23:13:30Extracted src: https://fan3.206102.xyz/v2ray免费账号/
2026/4/7 23:13:25: nodePaths found in: [{"path":"C:\\Users\\Administrator\\scoop\\apps\\nodejs24\\current\\node.exe","osName":"Windows_NT","error":null},{"path":"C:\\msys64\\ucrt64\\bin\\node","osName":"MINGW32_NT-10.0","error":null},{"path":"C:\\msys64\\ucrt64\\bin\\node.exe","osName":"MINGW32_NT-10.0","error":null}]
2026/4/7 23:13:30: parse_data() -> https://fan3.206102.xyz/v2ray免费账号/
2026/4/7 23:13:25: C:\Users\Administrator\scoop\apps\nodejs24\current\node.exe
2026/4/7 23:13:30: getting new Url ->  https://fan3.206102.xyz/v2ray免费账号/
2026/4/7 23:13:30: parse_data() -> https://fan3.206102.xyz/ss免费账号/
2026/4/8 00:14:30Extracted src: https://fan3.206102.xyz/v2ray免费账号/
2026/4/8 00:14:25: C:\Users\Administrator\scoop\apps\nodejs24\current\node.exe
2026/4/8 00:14:25: nodePaths found in: [{"path":"C:\\Users\\Administrator\\scoop\\apps\\nodejs24\\current\\node.exe","osName":"Windows_NT","error":null},{"path":"C:\\msys64\\ucrt64\\bin\\node","osName":"MINGW32_NT-10.0","error":null},{"path":"C:\\msys64\\ucrt64\\bin\\node.exe","osName":"MINGW32_NT-10.0","error":null}]
2026/4/8 00:14:30: getting new Url ->  https://fan3.206102.xyz/v2ray免费账号/
2026/4/8 00:14:30: parse_data() -> https://fan3.206102.xyz/ss免费账号/
2026/4/8 00:14:30: parse_data() -> https://fan3.206102.xyz/v2ray免费账号/
2026/4/8 01:15:28Extracted src: https://fan3.206102.xyz/v2ray免费账号/
2026/4/8 01:15:25: nodePaths found in: [{"path":"C:\\Users\\Administrator\\scoop\\apps\\nodejs24\\current\\node.exe","osName":"Windows_NT","error":null},{"path":"C:\\msys64\\ucrt64\\bin\\node","osName":"MINGW32_NT-10.0","error":null},{"path":"C:\\msys64\\ucrt64\\bin\\node.exe","osName":"MINGW32_NT-10.0","error":null}]
2026/4/8 01:15:25: C:\Users\Administrator\scoop\apps\nodejs24\current\node.exe
2026/4/8 01:15:28: getting new Url ->  https://fan3.206102.xyz/v2ray免费账号/
2026/4/8 01:15:28: parse_data() -> https://fan3.206102.xyz/ss免费账号/
2026/4/8 01:15:28: parse_data() -> https://fan3.206102.xyz/v2ray免费账号/
2026/4/8 11:26:07 update_uri() -> Fetch error: AxiosError: Request failed with status code 502
2026/4/8 11:26:07: nodePaths found in: [{"path":"C:\\Users\\Administrator\\scoop\\apps\\nodejs24\\current\\node.exe","osName":"Windows_NT","error":null},{"path":"C:\\msys64\\ucrt64\\bin\\node","osName":"MINGW32_NT-10.0","error":null},{"path":"C:\\msys64\\ucrt64\\bin\\node.exe","osName":"MINGW32_NT-10.0","error":null}]
2026/4/8 11:26:07: getting new Url ->  null
2026/4/8 11:26:07: C:\Users\Administrator\scoop\apps\nodejs24\current\node.exe
2026/4/8 12:26:26Extracted src: https://fan3.206102.xyz/v2ray免费账号/
2026/4/8 12:26:20: nodePaths found in: [{"path":"C:\\Users\\Administrator\\scoop\\apps\\nodejs24\\current\\node.exe","osName":"Windows_NT","error":null},{"path":"C:\\msys64\\ucrt64\\bin\\node","osName":"MINGW32_NT-10.0","error":null},{"path":"C:\\msys64\\ucrt64\\bin\\node.exe","osName":"MINGW32_NT-10.0","error":null}]
2026/4/8 12:26:26: parse_data() -> https://fan3.206102.xyz/v2ray免费账号/
2026/4/8 12:26:20: C:\Users\Administrator\scoop\apps\nodejs24\current\node.exe
2026/4/8 12:26:26: parse_data() -> https://fan3.206102.xyz/ss免费账号/
2026/4/8 12:26:26: getting new Url ->  https://fan3.206102.xyz/v2ray免费账号/
2026/4/8 13:27:24Extracted src: https://fan3.206102.xyz/v2ray免费账号/
2026/4/8 13:27:21: nodePaths found in: [{"path":"C:\\Users\\Administrator\\scoop\\apps\\nodejs24\\current\\node.exe","osName":"Windows_NT","error":null},{"path":"C:\\msys64\\ucrt64\\bin\\node","osName":"MINGW32_NT-10.0","error":null},{"path":"C:\\msys64\\ucrt64\\bin\\node.exe","osName":"MINGW32_NT-10.0","error":null}]
2026/4/8 13:27:21: C:\Users\Administrator\scoop\apps\nodejs24\current\node.exe
2026/4/8 13:27:24: getting new Url ->  https://fan3.206102.xyz/v2ray免费账号/
2026/4/8 13:27:24: parse_data() -> https://fan3.206102.xyz/v2ray免费账号/
2026/4/8 13:27:24: parse_data() -> https://fan3.206102.xyz/ss免费账号/
2026/4/8 14:28:24Extracted src: https://fan3.206102.xyz/v2ray免费账号/
2026/4/8 14:28:21: nodePaths found in: [{"path":"C:\\Users\\Administrator\\scoop\\apps\\nodejs24\\current\\node.exe","osName":"Windows_NT","error":null},{"path":"C:\\msys64\\ucrt64\\bin\\node","osName":"MINGW32_NT-10.0","error":null},{"path":"C:\\msys64\\ucrt64\\bin\\node.exe","osName":"MINGW32_NT-10.0","error":null}]
2026/4/8 14:28:21: C:\Users\Administrator\scoop\apps\nodejs24\current\node.exe
2026/4/8 14:28:24: parse_data() -> https://fan3.206102.xyz/ss免费账号/
2026/4/8 14:28:24: parse_data() -> https://fan3.206102.xyz/v2ray免费账号/
2026/4/8 14:28:24: getting new Url ->  https://fan3.206102.xyz/v2ray免费账号/
2026/4/8 15:29:23Extracted src: https://fan3.206102.xyz/v2ray免费账号/
2026/4/8 15:29:21: nodePaths found in: [{"path":"C:\\Users\\Administrator\\scoop\\apps\\nodejs24\\current\\node.exe","osName":"Windows_NT","error":null},{"path":"C:\\msys64\\ucrt64\\bin\\node","osName":"MINGW32_NT-10.0","error":null},{"path":"C:\\msys64\\ucrt64\\bin\\node.exe","osName":"MINGW32_NT-10.0","error":null}]
2026/4/8 15:29:21: C:\Users\Administrator\scoop\apps\nodejs24\current\node.exe
2026/4/8 15:29:23: getting new Url ->  https://fan3.206102.xyz/v2ray免费账号/
2026/4/8 15:29:23: parse_data() -> https://fan3.206102.xyz/ss免费账号/
2026/4/8 15:29:23: parse_data() -> https://fan3.206102.xyz/v2ray免费账号/
2026/4/8 16:30:24Extracted src: https://fan3.206102.xyz/v2ray免费账号/
2026/4/8 16:30:20: nodePaths found in: [{"path":"C:\\Users\\Administrator\\scoop\\apps\\nodejs24\\current\\node.exe","osName":"Windows_NT","error":null},{"path":"C:\\msys64\\ucrt64\\bin\\node","osName":"MINGW32_NT-10.0","error":null},{"path":"C:\\msys64\\ucrt64\\bin\\node.exe","osName":"MINGW32_NT-10.0","error":null}]
2026/4/8 16:30:20: C:\Users\Administrator\scoop\apps\nodejs24\current\node.exe
2026/4/8 16:30:24: getting new Url ->  https://fan3.206102.xyz/v2ray免费账号/
2026/4/8 16:30:24: parse_data() -> https://fan3.206102.xyz/ss免费账号/
2026/4/8 16:30:24: parse_data() -> https://fan3.206102.xyz/v2ray免费账号/
2026/4/8 17:31:12Extracted src: https://fan3.206102.xyz/v2ray免费账号/
2026/4/8 17:31:09: nodePaths found in: [{"path":"C:\\Users\\Administrator\\scoop\\apps\\nodejs24\\current\\node.exe","osName":"Windows_NT","error":null},{"path":"C:\\msys64\\ucrt64\\bin\\node","osName":"MINGW32_NT-10.0","error":null},{"path":"C:\\msys64\\ucrt64\\bin\\node.exe","osName":"MINGW32_NT-10.0","error":null}]
2026/4/8 17:31:09: C:\Users\Administrator\scoop\apps\nodejs24\current\node.exe
2026/4/8 17:31:12: parse_data() -> https://fan3.206102.xyz/v2ray免费账号/
2026/4/8 17:31:12: getting new Url ->  https://fan3.206102.xyz/v2ray免费账号/
2026/4/8 17:31:12: parse_data() -> https://fan3.206102.xyz/ss免费账号/
2026/4/8 18:31:23Extracted src: https://fan3.206102.xyz/v2ray免费账号/
2026/4/8 18:31:21: nodePaths found in: [{"path":"C:\\Users\\Administrator\\scoop\\apps\\nodejs24\\current\\node.exe","osName":"Windows_NT","error":null},{"path":"C:\\msys64\\ucrt64\\bin\\node","osName":"MINGW32_NT-10.0","error":null},{"path":"C:\\msys64\\ucrt64\\bin\\node.exe","osName":"MINGW32_NT-10.0","error":null}]
2026/4/8 18:31:23: getting new Url ->  https://fan3.206102.xyz/v2ray免费账号/
2026/4/8 18:31:21: C:\Users\Administrator\scoop\apps\nodejs24\current\node.exe
2026/4/8 18:31:23: parse_data() -> https://fan3.206102.xyz/ss免费账号/
2026/4/8 18:31:23: parse_data() -> https://fan3.206102.xyz/v2ray免费账号/
2026/4/8 19:32:24Extracted src: https://fan3.206102.xyz/v2ray免费账号/
2026/4/8 19:32:21: nodePaths found in: [{"path":"C:\\Users\\Administrator\\scoop\\apps\\nodejs24\\current\\node.exe","osName":"Windows_NT","error":null},{"path":"C:\\msys64\\ucrt64\\bin\\node","osName":"MINGW32_NT-10.0","error":null},{"path":"C:\\msys64\\ucrt64\\bin\\node.exe","osName":"MINGW32_NT-10.0","error":null}]
2026/4/8 19:32:21: C:\Users\Administrator\scoop\apps\nodejs24\current\node.exe
2026/4/8 19:32:25: getting new Url ->  https://fan3.206102.xyz/v2ray免费账号/
2026/4/8 19:32:25: parse_data() -> https://fan3.206102.xyz/ss免费账号/
2026/4/8 19:32:25: parse_data() -> https://fan3.206102.xyz/v2ray免费账号/
2026/4/8 19:32:26: parse.js -> Fetch error: AxiosError: Request failed with status code 500
2026/4/8 20:33:11Extracted src: https://fan3.206102.xyz/v2ray免费账号/
2026/4/8 20:33:08: nodePaths found in: [{"path":"C:\\Users\\Administrator\\scoop\\apps\\nodejs24\\current\\node.exe","osName":"Windows_NT","error":null},{"path":"C:\\msys64\\ucrt64\\bin\\node","osName":"MINGW32_NT-10.0","error":null},{"path":"C:\\msys64\\ucrt64\\bin\\node.exe","osName":"MINGW32_NT-10.0","error":null}]
2026/4/8 20:33:08: C:\Users\Administrator\scoop\apps\nodejs24\current\node.exe
2026/4/8 20:33:11: getting new Url ->  https://fan3.206102.xyz/v2ray免费账号/
2026/4/8 20:33:11: parse_data() -> https://fan3.206102.xyz/v2ray免费账号/
2026/4/8 20:33:11: parse_data() -> https://fan3.206102.xyz/ss免费账号/
2026/4/8 21:34:24Extracted src: https://fan3.206102.xyz/v2ray免费账号/
2026/4/8 21:34:21: C:\Users\Administrator\scoop\apps\nodejs24\current\node.exe
2026/4/8 21:34:21: nodePaths found in: [{"path":"C:\\Users\\Administrator\\scoop\\apps\\nodejs24\\current\\node.exe","osName":"Windows_NT","error":null},{"path":"C:\\msys64\\ucrt64\\bin\\node","osName":"MINGW32_NT-10.0","error":null},{"path":"C:\\msys64\\ucrt64\\bin\\node.exe","osName":"MINGW32_NT-10.0","error":null}]
2026/4/8 21:34:24: getting new Url ->  https://fan3.206102.xyz/v2ray免费账号/
2026/4/8 21:34:24: parse_data() -> https://fan3.206102.xyz/ss免费账号/
2026/4/8 21:34:24: parse_data() -> https://fan3.206102.xyz/v2ray免费账号/
2026/4/8 22:35:25Extracted src: https://fan3.206102.xyz/v2ray免费账号/
2026/4/8 22:35:22: nodePaths found in: [{"path":"C:\\Users\\Administrator\\scoop\\apps\\nodejs24\\current\\node.exe","osName":"Windows_NT","error":null},{"path":"C:\\msys64\\ucrt64\\bin\\node","osName":"MINGW32_NT-10.0","error":null},{"path":"C:\\msys64\\ucrt64\\bin\\node.exe","osName":"MINGW32_NT-10.0","error":null}]
2026/4/8 22:35:22: C:\Users\Administrator\scoop\apps\nodejs24\current\node.exe
2026/4/8 22:35:25: parse_data() -> https://fan3.206102.xyz/v2ray免费账号/
2026/4/8 22:35:25: getting new Url ->  https://fan3.206102.xyz/v2ray免费账号/
2026/4/8 22:35:25: parse_data() -> https://fan3.206102.xyz/ss免费账号/
2026/4/8 23:36:26Extracted src: https://fan3.206102.xyz/v2ray免费账号/
2026/4/8 23:36:21: nodePaths found in: [{"path":"C:\\Users\\Administrator\\scoop\\apps\\nodejs24\\current\\node.exe","osName":"Windows_NT","error":null},{"path":"C:\\msys64\\ucrt64\\bin\\node","osName":"MINGW32_NT-10.0","error":null},{"path":"C:\\msys64\\ucrt64\\bin\\node.exe","osName":"MINGW32_NT-10.0","error":null}]
2026/4/8 23:36:21: C:\Users\Administrator\scoop\apps\nodejs24\current\node.exe
2026/4/8 23:36:27: getting new Url ->  https://fan3.206102.xyz/v2ray免费账号/
2026/4/8 23:36:27: parse_data() -> https://fan3.206102.xyz/v2ray免费账号/
2026/4/8 23:36:27: parse_data() -> https://fan3.206102.xyz/ss免费账号/
2026/4/9 00:37:24Extracted src: https://fan3.206102.xyz/v2ray免费账号/
2026/4/9 00:37:21: nodePaths found in: [{"path":"C:\\Users\\Administrator\\scoop\\apps\\nodejs24\\current\\node.exe","osName":"Windows_NT","error":null},{"path":"C:\\msys64\\ucrt64\\bin\\node","osName":"MINGW32_NT-10.0","error":null},{"path":"C:\\msys64\\ucrt64\\bin\\node.exe","osName":"MINGW32_NT-10.0","error":null}]
2026/4/9 00:37:21: C:\Users\Administrator\scoop\apps\nodejs24\current\node.exe
2026/4/9 00:37:24: parse_data() -> https://fan3.206102.xyz/ss免费账号/
2026/4/9 00:37:24: getting new Url ->  https://fan3.206102.xyz/v2ray免费账号/
2026/4/9 00:37:24: parse_data() -> https://fan3.206102.xyz/v2ray免费账号/
2026/4/9 01:38:24Extracted src: https://fan3.206102.xyz/v2ray免费账号/
2026/4/9 01:38:21: nodePaths found in: [{"path":"C:\\Users\\Administrator\\scoop\\apps\\nodejs24\\current\\node.exe","osName":"Windows_NT","error":null},{"path":"C:\\msys64\\ucrt64\\bin\\node","osName":"MINGW32_NT-10.0","error":null},{"path":"C:\\msys64\\ucrt64\\bin\\node.exe","osName":"MINGW32_NT-10.0","error":null}]
2026/4/9 01:38:21: C:\Users\Administrator\scoop\apps\nodejs24\current\node.exe
2026/4/9 01:38:24: getting new Url ->  https://fan3.206102.xyz/v2ray免费账号/
2026/4/9 01:38:24: parse_data() -> https://fan3.206102.xyz/ss免费账号/
2026/4/9 01:38:24: parse_data() -> https://fan3.206102.xyz/v2ray免费账号/
2026/4/9 02:39:23Extracted src: https://fan3.206102.xyz/v2ray免费账号/
2026/4/9 02:39:21: nodePaths found in: [{"path":"C:\\Users\\Administrator\\scoop\\apps\\nodejs24\\current\\node.exe","osName":"Windows_NT","error":null},{"path":"C:\\msys64\\ucrt64\\bin\\node","osName":"MINGW32_NT-10.0","error":null},{"path":"C:\\msys64\\ucrt64\\bin\\node.exe","osName":"MINGW32_NT-10.0","error":null}]
2026/4/9 02:39:23: parse_data() -> https://fan3.206102.xyz/v2ray免费账号/
2026/4/9 02:39:23: parse_data() -> https://fan3.206102.xyz/ss免费账号/
2026/4/9 02:39:23: getting new Url ->  https://fan3.206102.xyz/v2ray免费账号/
2026/4/9 02:39:21: C:\Users\Administrator\scoop\apps\nodejs24\current\node.exe
2026/4/9 11:11:23Extracted src: https://fan3.206102.xyz/v2ray免费账号/
2026/4/9 11:11:20: nodePaths found in: [{"path":"C:\\Users\\Administrator\\scoop\\apps\\nodejs24\\current\\node.exe","osName":"Windows_NT","error":null},{"path":"C:\\msys64\\ucrt64\\bin\\node","osName":"MINGW32_NT-10.0","error":null},{"path":"C:\\msys64\\ucrt64\\bin\\node.exe","osName":"MINGW32_NT-10.0","error":null}]
2026/4/9 11:11:20: C:\Users\Administrator\scoop\apps\nodejs24\current\node.exe
2026/4/9 11:11:23: parse_data() -> https://fan3.206102.xyz/v2ray免费账号/
2026/4/9 11:11:23: getting new Url ->  https://fan3.206102.xyz/v2ray免费账号/
2026/4/9 11:11:23: parse_data() -> https://fan3.206102.xyz/ss免费账号/
2026/4/9 12:12:25Extracted src: https://fan3.206102.xyz/v2ray免费账号/
2026/4/9 12:12:20: nodePaths found in: [{"path":"C:\\Users\\Administrator\\scoop\\apps\\nodejs24\\current\\node.exe","osName":"Windows_NT","error":null},{"path":"C:\\msys64\\ucrt64\\bin\\node","osName":"MINGW32_NT-10.0","error":null},{"path":"C:\\msys64\\ucrt64\\bin\\node.exe","osName":"MINGW32_NT-10.0","error":null}]
2026/4/9 12:12:25: getting new Url ->  https://fan3.206102.xyz/v2ray免费账号/
2026/4/9 12:12:20: C:\Users\Administrator\scoop\apps\nodejs24\current\node.exe
2026/4/9 12:12:25: parse_data() -> https://fan3.206102.xyz/ss免费账号/
2026/4/9 12:12:25: parse_data() -> https://fan3.206102.xyz/v2ray免费账号/
2026/4/9 13:13:30Extracted src: https://fan3.206102.xyz/v2ray免费账号/
2026/4/9 13:13:22: nodePaths found in: [{"path":"C:\\Users\\Administrator\\scoop\\apps\\nodejs24\\current\\node.exe","osName":"Windows_NT","error":null},{"path":"C:\\msys64\\ucrt64\\bin\\node","osName":"MINGW32_NT-10.0","error":null},{"path":"C:\\msys64\\ucrt64\\bin\\node.exe","osName":"MINGW32_NT-10.0","error":null}]
2026/4/9 13:13:22: C:\Users\Administrator\scoop\apps\nodejs24\current\node.exe
2026/4/9 13:13:30: getting new Url ->  https://fan3.206102.xyz/v2ray免费账号/
2026/4/9 13:13:30: parse_data() -> https://fan3.206102.xyz/v2ray免费账号/
2026/4/9 13:13:30: parse_data() -> https://fan3.206102.xyz/ss免费账号/
2026/4/9 14:14:26Extracted src: https://fan3.206102.xyz/v2ray免费账号/
2026/4/9 14:14:24: nodePaths found in: [{"path":"C:\\Users\\Administrator\\scoop\\apps\\nodejs24\\current\\node.exe","osName":"Windows_NT","error":null},{"path":"C:\\msys64\\ucrt64\\bin\\node","osName":"MINGW32_NT-10.0","error":null},{"path":"C:\\msys64\\ucrt64\\bin\\node.exe","osName":"MINGW32_NT-10.0","error":null}]
2026/4/9 14:14:24: C:\Users\Administrator\scoop\apps\nodejs24\current\node.exe
2026/4/9 14:14:26: getting new Url ->  https://fan3.206102.xyz/v2ray免费账号/
2026/4/9 14:14:26: parse_data() -> https://fan3.206102.xyz/ss免费账号/
2026/4/9 14:14:26: parse_data() -> https://fan3.206102.xyz/v2ray免费账号/
2026/4/9 15:15:27Extracted src: https://fan3.206102.xyz/v2ray免费账号/
2026/4/9 15:15:23: C:\Users\Administrator\scoop\apps\nodejs24\current\node.exe
2026/4/9 15:15:23: nodePaths found in: [{"path":"C:\\Users\\Administrator\\scoop\\apps\\nodejs24\\current\\node.exe","osName":"Windows_NT","error":null},{"path":"C:\\msys64\\ucrt64\\bin\\node","osName":"MINGW32_NT-10.0","error":null},{"path":"C:\\msys64\\ucrt64\\bin\\node.exe","osName":"MINGW32_NT-10.0","error":null}]
2026/4/9 15:15:27: getting new Url ->  https://fan3.206102.xyz/v2ray免费账号/
2026/4/9 15:15:27: parse_data() -> https://fan3.206102.xyz/v2ray免费账号/
2026/4/9 15:15:27: parse_data() -> https://fan3.206102.xyz/ss免费账号/
2026/4/9 16:16:27Extracted src: https://fan3.206102.xyz/v2ray免费账号/
2026/4/9 16:16:23: nodePaths found in: [{"path":"C:\\Users\\Administrator\\scoop\\apps\\nodejs24\\current\\node.exe","osName":"Windows_NT","error":null},{"path":"C:\\msys64\\ucrt64\\bin\\node","osName":"MINGW32_NT-10.0","error":null},{"path":"C:\\msys64\\ucrt64\\bin\\node.exe","osName":"MINGW32_NT-10.0","error":null}]
2026/4/9 16:16:27: parse_data() -> https://fan3.206102.xyz/v2ray免费账号/
2026/4/9 16:16:23: C:\Users\Administrator\scoop\apps\nodejs24\current\node.exe
2026/4/9 16:16:27: getting new Url ->  https://fan3.206102.xyz/v2ray免费账号/
2026/4/9 16:16:27: parse_data() -> https://fan3.206102.xyz/ss免费账号/
2026/4/9 17:17:26Extracted src: https://fan3.206102.xyz/v2ray免费账号/
2026/4/9 17:17:23: nodePaths found in: [{"path":"C:\\Users\\Administrator\\scoop\\apps\\nodejs24\\current\\node.exe","osName":"Windows_NT","error":null},{"path":"C:\\msys64\\ucrt64\\bin\\node","osName":"MINGW32_NT-10.0","error":null},{"path":"C:\\msys64\\ucrt64\\bin\\node.exe","osName":"MINGW32_NT-10.0","error":null}]
2026/4/9 17:17:23: C:\Users\Administrator\scoop\apps\nodejs24\current\node.exe
2026/4/9 17:17:26: getting new Url ->  https://fan3.206102.xyz/v2ray免费账号/
2026/4/9 17:17:26: parse_data() -> https://fan3.206102.xyz/v2ray免费账号/
2026/4/9 17:17:26: parse_data() -> https://fan3.206102.xyz/ss免费账号/
2026/4/9 18:18:26 update_uri() -> Fetch error: AxiosError: Request failed with status code 502
2026/4/9 18:18:23: C:\Users\Administrator\scoop\apps\nodejs24\current\node.exe
2026/4/9 18:18:23: nodePaths found in: [{"path":"C:\\Users\\Administrator\\scoop\\apps\\nodejs24\\current\\node.exe","osName":"Windows_NT","error":null},{"path":"C:\\msys64\\ucrt64\\bin\\node","osName":"MINGW32_NT-10.0","error":null},{"path":"C:\\msys64\\ucrt64\\bin\\node.exe","osName":"MINGW32_NT-10.0","error":null}]
2026/4/9 18:18:26: getting new Url ->  null
2026/4/9 19:19:16 update_uri() -> Fetch error: AxiosError: Request failed with status code 502
2026/4/9 19:19:13: nodePaths found in: [{"path":"C:\\Users\\Administrator\\scoop\\apps\\nodejs24\\current\\node.exe","osName":"Windows_NT","error":null},{"path":"C:\\msys64\\ucrt64\\bin\\node","osName":"MINGW32_NT-10.0","error":null},{"path":"C:\\msys64\\ucrt64\\bin\\node.exe","osName":"MINGW32_NT-10.0","error":null}]
2026/4/9 19:19:16: getting new Url ->  null
2026/4/9 19:19:13: C:\Users\Administrator\scoop\apps\nodejs24\current\node.exe
2026/4/9 20:19:42Extracted src: https://fan3.206102.xyz/v2ray免费账号/
2026/4/9 20:19:32: nodePaths found in: [{"path":"C:\\Users\\Administrator\\scoop\\apps\\nodejs24\\current\\node.exe","osName":"Windows_NT","error":null},{"path":"C:\\msys64\\ucrt64\\bin\\node","osName":"MINGW32_NT-10.0","error":null},{"path":"C:\\msys64\\ucrt64\\bin\\node.exe","osName":"MINGW32_NT-10.0","error":null}]
2026/4/9 20:19:32: C:\Users\Administrator\scoop\apps\nodejs24\current\node.exe
2026/4/9 20:19:43: getting new Url ->  https://fan3.206102.xyz/v2ray免费账号/
2026/4/9 20:19:43: parse_data() -> https://fan3.206102.xyz/ss免费账号/
2026/4/9 20:19:43: parse_data() -> https://fan3.206102.xyz/v2ray免费账号/
2026/4/9 22:21:42Extracted src: https://fan3.206102.xyz/v2ray免费账号/
2026/4/9 22:21:38: nodePaths found in: [{"path":"C:\\Users\\Administrator\\scoop\\apps\\nodejs24\\current\\node.exe","osName":"Windows_NT","error":null},{"path":"C:\\msys64\\ucrt64\\bin\\node","osName":"MINGW32_NT-10.0","error":null},{"path":"C:\\msys64\\ucrt64\\bin\\node.exe","osName":"MINGW32_NT-10.0","error":null}]
2026/4/9 22:21:42: getting new Url ->  https://fan3.206102.xyz/v2ray免费账号/
2026/4/9 22:21:38: C:\Users\Administrator\scoop\apps\nodejs24\current\node.exe
2026/4/9 22:21:42: parse_data() -> https://fan3.206102.xyz/v2ray免费账号/
2026/4/9 22:21:42: parse_data() -> https://fan3.206102.xyz/ss免费账号/
2026/4/9 23:22:34 update_uri() -> Fetch error: AxiosError: Request failed with status code 502
2026/4/9 23:22:29: nodePaths found in: [{"path":"C:\\Users\\Administrator\\scoop\\apps\\nodejs24\\current\\node.exe","osName":"Windows_NT","error":null},{"path":"C:\\msys64\\ucrt64\\bin\\node","osName":"MINGW32_NT-10.0","error":null},{"path":"C:\\msys64\\ucrt64\\bin\\node.exe","osName":"MINGW32_NT-10.0","error":null}]
2026/4/9 23:22:29: C:\Users\Administrator\scoop\apps\nodejs24\current\node.exe
2026/4/9 23:22:34: getting new Url ->  null
2026/4/10 00:23:33 update_uri() -> Fetch error: AxiosError: Request failed with status code 502
2026/4/10 00:23:28: nodePaths found in: [{"path":"C:\\Users\\Administrator\\scoop\\apps\\nodejs24\\current\\node.exe","osName":"Windows_NT","error":null},{"path":"C:\\msys64\\ucrt64\\bin\\node","osName":"MINGW32_NT-10.0","error":null},{"path":"C:\\msys64\\ucrt64\\bin\\node.exe","osName":"MINGW32_NT-10.0","error":null}]
2026/4/10 00:23:28: C:\Users\Administrator\scoop\apps\nodejs24\current\node.exe
2026/4/10 00:23:33: getting new Url ->  null
2026/4/10 09:49:54 update_uri() -> Fetch error: AxiosError: Request failed with status code 502
2026/4/10 09:49:44: C:\Users\Administrator\scoop\apps\nodejs24\current\node.exe
2026/4/10 09:49:44: nodePaths found in: [{"path":"C:\\Users\\Administrator\\scoop\\apps\\nodejs24\\current\\node.exe","osName":"Windows_NT","error":null},{"path":"C:\\msys64\\ucrt64\\bin\\node","osName":"MINGW32_NT-10.0","error":null},{"path":"C:\\msys64\\ucrt64\\bin\\node.exe","osName":"MINGW32_NT-10.0","error":null}]
2026/4/10 09:49:54: getting new Url ->  null
2026/4/10 10:38:37 update_uri() -> Fetch error: AxiosError: Request failed with status code 502
2026/4/10 10:38:36: nodePaths found in: [{"path":"C:\\Users\\Administrator\\scoop\\apps\\nodejs24\\current\\node.exe","osName":"Windows_NT","error":null},{"path":"C:\\msys64\\ucrt64\\bin\\node","osName":"MINGW32_NT-10.0","error":null},{"path":"C:\\msys64\\ucrt64\\bin\\node.exe","osName":"MINGW32_NT-10.0","error":null}]
2026/4/10 10:38:37: getting new Url ->  null
2026/4/10 10:38:36: C:\Users\Administrator\scoop\apps\nodejs24\current\node.exe
2026/4/10 11:39:02Extracted src: https://fan3.206102.xyz/v2ray免费账号/
2026/4/10 11:38:59: nodePaths found in: [{"path":"C:\\Users\\Administrator\\scoop\\apps\\nodejs24\\current\\node.exe","osName":"Windows_NT","error":null},{"path":"C:\\msys64\\ucrt64\\bin\\node","osName":"MINGW32_NT-10.0","error":null},{"path":"C:\\msys64\\ucrt64\\bin\\node.exe","osName":"MINGW32_NT-10.0","error":null}]
2026/4/10 11:39:02: getting new Url ->  https://fan3.206102.xyz/v2ray免费账号/
2026/4/10 11:39:02: parse_data() -> https://fan3.206102.xyz/v2ray免费账号/
2026/4/10 11:38:59: C:\Users\Administrator\scoop\apps\nodejs24\current\node.exe
2026/4/10 11:39:02: parse_data() -> https://fan3.206102.xyz/ss免费账号/
2026/4/10 12:40:02Extracted src: https://fan3.206102.xyz/v2ray免费账号/
2026/4/10 12:40:00: nodePaths found in: [{"path":"C:\\Users\\Administrator\\scoop\\apps\\nodejs24\\current\\node.exe","osName":"Windows_NT","error":null},{"path":"C:\\msys64\\ucrt64\\bin\\node","osName":"MINGW32_NT-10.0","error":null},{"path":"C:\\msys64\\ucrt64\\bin\\node.exe","osName":"MINGW32_NT-10.0","error":null}]
2026/4/10 12:40:00: C:\Users\Administrator\scoop\apps\nodejs24\current\node.exe
2026/4/10 12:40:02: getting new Url ->  https://fan3.206102.xyz/v2ray免费账号/
2026/4/10 12:40:02: parse_data() -> https://fan3.206102.xyz/ss免费账号/
2026/4/10 12:40:02: parse_data() -> https://fan3.206102.xyz/v2ray免费账号/
2026/4/10 15:42:39Extracted src: https://fan3.206102.xyz/v2ray免费账号/
2026/4/10 15:42:37: C:\Users\Administrator\scoop\apps\nodejs24\current\node.exe
2026/4/10 15:42:37: nodePaths found in: [{"path":"C:\\Users\\Administrator\\scoop\\apps\\nodejs24\\current\\node.exe","osName":"Windows_NT","error":null},{"path":"C:\\msys64\\ucrt64\\bin\\node","osName":"MINGW32_NT-10.0","error":null},{"path":"C:\\msys64\\ucrt64\\bin\\node.exe","osName":"MINGW32_NT-10.0","error":null}]
2026/4/10 15:42:39: parse_data() -> https://fan3.206102.xyz/v2ray免费账号/
2026/4/10 15:42:39: getting new Url ->  https://fan3.206102.xyz/v2ray免费账号/
2026/4/10 15:42:39: parse_data() -> https://fan3.206102.xyz/ss免费账号/
2026/4/10 16:43:02Extracted src: https://fan3.206102.xyz/v2ray免费账号/
2026/4/10 16:42:59: nodePaths found in: [{"path":"C:\\Users\\Administrator\\scoop\\apps\\nodejs24\\current\\node.exe","osName":"Windows_NT","error":null},{"path":"C:\\msys64\\ucrt64\\bin\\node","osName":"MINGW32_NT-10.0","error":null},{"path":"C:\\msys64\\ucrt64\\bin\\node.exe","osName":"MINGW32_NT-10.0","error":null}]
2026/4/10 16:42:59: C:\Users\Administrator\scoop\apps\nodejs24\current\node.exe
2026/4/10 16:43:02: getting new Url ->  https://fan3.206102.xyz/v2ray免费账号/
2026/4/10 16:43:02: parse_data() -> https://fan3.206102.xyz/ss免费账号/
2026/4/10 16:43:02: parse_data() -> https://fan3.206102.xyz/v2ray免费账号/
2026/4/10 17:44:09Extracted src: https://fan3.206102.xyz/v2ray免费账号/
2026/4/10 17:44:05: nodePaths found in: [{"path":"C:\\Users\\Administrator\\scoop\\apps\\nodejs24\\current\\node.exe","osName":"Windows_NT","error":null},{"path":"C:\\msys64\\ucrt64\\bin\\node","osName":"MINGW32_NT-10.0","error":null},{"path":"C:\\msys64\\ucrt64\\bin\\node.exe","osName":"MINGW32_NT-10.0","error":null}]
2026/4/10 17:44:09: getting new Url ->  https://fan3.206102.xyz/v2ray免费账号/
2026/4/10 17:44:05: C:\Users\Administrator\scoop\apps\nodejs24\current\node.exe
2026/4/10 17:44:09: parse_data() -> https://fan3.206102.xyz/ss免费账号/
2026/4/10 17:44:09: parse_data() -> https://fan3.206102.xyz/v2ray免费账号/
2026/4/10 18:45:01Extracted src: https://fan3.206102.xyz/v2ray免费账号/
2026/4/10 18:45:01: getting new Url ->  https://fan3.206102.xyz/v2ray免费账号/
2026/4/10 18:44:59: nodePaths found in: [{"path":"C:\\Users\\Administrator\\scoop\\apps\\nodejs24\\current\\node.exe","osName":"Windows_NT","error":null},{"path":"C:\\msys64\\ucrt64\\bin\\node","osName":"MINGW32_NT-10.0","error":null},{"path":"C:\\msys64\\ucrt64\\bin\\node.exe","osName":"MINGW32_NT-10.0","error":null}]
2026/4/10 18:45:01: parse_data() -> https://fan3.206102.xyz/v2ray免费账号/
2026/4/10 18:44:59: C:\Users\Administrator\scoop\apps\nodejs24\current\node.exe
2026/4/10 18:45:01: parse_data() -> https://fan3.206102.xyz/ss免费账号/
2026/4/10 19:45:39Extracted src: https://fan3.206102.xyz/v2ray免费账号/
2026/4/10 19:45:37: nodePaths found in: [{"path":"C:\\Users\\Administrator\\scoop\\apps\\nodejs24\\current\\node.exe","osName":"Windows_NT","error":null},{"path":"C:\\msys64\\ucrt64\\bin\\node","osName":"MINGW32_NT-10.0","error":null},{"path":"C:\\msys64\\ucrt64\\bin\\node.exe","osName":"MINGW32_NT-10.0","error":null}]
2026/4/10 19:45:39: parse_data() -> https://fan3.206102.xyz/v2ray免费账号/
2026/4/10 19:45:39: getting new Url ->  https://fan3.206102.xyz/v2ray免费账号/
2026/4/10 19:45:37: C:\Users\Administrator\scoop\apps\nodejs24\current\node.exe
2026/4/10 19:45:39: parse_data() -> https://fan3.206102.xyz/ss免费账号/
2026/4/10 20:46:02Extracted src: https://fan3.206102.xyz/v2ray免费账号/
2026/4/10 20:46:00: nodePaths found in: [{"path":"C:\\Users\\Administrator\\scoop\\apps\\nodejs24\\current\\node.exe","osName":"Windows_NT","error":null},{"path":"C:\\msys64\\ucrt64\\bin\\node","osName":"MINGW32_NT-10.0","error":null},{"path":"C:\\msys64\\ucrt64\\bin\\node.exe","osName":"MINGW32_NT-10.0","error":null}]
2026/4/10 20:46:00: C:\Users\Administrator\scoop\apps\nodejs24\current\node.exe
2026/4/10 20:46:02: getting new Url ->  https://fan3.206102.xyz/v2ray免费账号/
2026/4/10 20:46:02: parse_data() -> https://fan3.206102.xyz/ss免费账号/
2026/4/10 20:46:02: parse_data() -> https://fan3.206102.xyz/v2ray免费账号/
2026/4/10 21:47:00Extracted src: https://fan3.206102.xyz/v2ray免费账号/
2026/4/10 21:46:58: C:\Users\Administrator\scoop\apps\nodejs24\current\node.exe
2026/4/10 21:46:58: nodePaths found in: [{"path":"C:\\Users\\Administrator\\scoop\\apps\\nodejs24\\current\\node.exe","osName":"Windows_NT","error":null},{"path":"C:\\msys64\\ucrt64\\bin\\node","osName":"MINGW32_NT-10.0","error":null},{"path":"C:\\msys64\\ucrt64\\bin\\node.exe","osName":"MINGW32_NT-10.0","error":null}]
2026/4/10 21:47:00: getting new Url ->  https://fan3.206102.xyz/v2ray免费账号/
2026/4/10 21:47:00: parse_data() -> https://fan3.206102.xyz/ss免费账号/
2026/4/10 21:47:00: parse_data() -> https://fan3.206102.xyz/v2ray免费账号/
2026/4/10 22:47:47Extracted src: https://fan3.206102.xyz/v2ray免费账号/
2026/4/10 22:47:38: C:\Users\Administrator\scoop\apps\nodejs24\current\node.exe
2026/4/10 22:47:38: nodePaths found in: [{"path":"C:\\Users\\Administrator\\scoop\\apps\\nodejs24\\current\\node.exe","osName":"Windows_NT","error":null},{"path":"C:\\msys64\\ucrt64\\bin\\node","osName":"MINGW32_NT-10.0","error":null},{"path":"C:\\msys64\\ucrt64\\bin\\node.exe","osName":"MINGW32_NT-10.0","error":null}]
2026/4/10 22:47:47: getting new Url ->  https://fan3.206102.xyz/v2ray免费账号/
2026/4/10 22:47:47: parse_data() -> https://fan3.206102.xyz/v2ray免费账号/
2026/4/10 22:47:47: parse_data() -> https://fan3.206102.xyz/ss免费账号/
2026/4/10 23:49:01Extracted src: https://fan3.206102.xyz/v2ray免费账号/
2026/4/10 23:48:59: C:\Users\Administrator\scoop\apps\nodejs24\current\node.exe
2026/4/10 23:49:01: getting new Url ->  https://fan3.206102.xyz/v2ray免费账号/
2026/4/10 23:48:59: nodePaths found in: [{"path":"C:\\Users\\Administrator\\scoop\\apps\\nodejs24\\current\\node.exe","osName":"Windows_NT","error":null},{"path":"C:\\msys64\\ucrt64\\bin\\node","osName":"MINGW32_NT-10.0","error":null},{"path":"C:\\msys64\\ucrt64\\bin\\node.exe","osName":"MINGW32_NT-10.0","error":null}]
2026/4/10 23:49:01: parse_data() -> https://fan3.206102.xyz/v2ray免费账号/
2026/4/10 23:49:01: parse_data() -> https://fan3.206102.xyz/ss免费账号/
2026/4/10 23:49:38Extracted src: https://fan3.206102.xyz/v2ray免费账号/
2026/4/10 23:49:36: C:\Users\Administrator\scoop\apps\nodejs24\current\node.exe
2026/4/10 23:49:36: nodePaths found in: [{"path":"C:\\Users\\Administrator\\scoop\\apps\\nodejs24\\current\\node.exe","osName":"Windows_NT","error":null},{"path":"C:\\msys64\\ucrt64\\bin\\node","osName":"MINGW32_NT-10.0","error":null},{"path":"C:\\msys64\\ucrt64\\bin\\node.exe","osName":"MINGW32_NT-10.0","error":null}]
2026/4/10 23:49:38: getting new Url ->  https://fan3.206102.xyz/v2ray免费账号/
2026/4/10 23:49:38: parse_data() -> https://fan3.206102.xyz/ss免费账号/
2026/4/10 23:49:38: parse_data() -> https://fan3.206102.xyz/v2ray免费账号/
2026/4/10 23:49:48: parse.js -> Fetch error: AxiosError: Network Error
2026/4/10 23:51:21: parse.js -> Fetch error: AxiosError: Network Error
2026/4/11 09:59:02 update_uri() -> Fetch error: AggregateError
2026/4/11 09:59:02: getting new Url ->  null
2026/4/11 10:00:01 update_uri() -> Fetch error: AggregateError
2026/4/11 10:00:01: getting new Url ->  null
2026/4/11 10:59:02 update_uri() -> Fetch error: AggregateError
2026/4/11 10:59:02: getting new Url ->  null
2026/4/11 11:00:01 update_uri() -> Fetch error: AggregateError
2026/4/11 11:00:01: getting new Url ->  null
2026/4/11 11:10:02 update_uri() -> Fetch error: AggregateError
2026/4/11 11:10:02: getting new Url ->  null
2026/4/11 11:30:02 update_uri() -> Fetch error: AggregateError
2026/4/11 11:30:02: getting new Url ->  null
2026/4/11 11:50:02 update_uri() -> Fetch error: AggregateError
2026/4/11 11:50:02: getting new Url ->  null
2026/4/11 11:59:02 update_uri() -> Fetch error: AggregateError
2026/4/11 11:59:02: getting new Url ->  null
2026/4/11 12:00:02 update_uri() -> Fetch error: AggregateError
2026/4/11 12:00:02: getting new Url ->  null
2026/4/11 12:10:02 update_uri() -> Fetch error: AggregateError
2026/4/11 12:10:02: getting new Url ->  null
2026/4/11 12:30:02 update_uri() -> Fetch error: AggregateError
2026/4/11 12:30:02: getting new Url ->  null
2026/4/11 12:50:02 update_uri() -> Fetch error: AggregateError
2026/4/11 12:50:02: getting new Url ->  null
2026/4/11 12:59:03 update_uri() -> Fetch error: AggregateError
2026/4/11 12:59:03: getting new Url ->  null
2026/4/11 13:00:02 update_uri() -> Fetch error: AggregateError
2026/4/11 13:00:02: getting new Url ->  null
2026/4/11 13:59:02 update_uri() -> Fetch error: AggregateError
2026/4/11 13:59:02: getting new Url ->  null
2026/4/11 14:00:02 update_uri() -> Fetch error: AggregateError
2026/4/11 14:00:02: getting new Url ->  null
2026/4/11 14:10:02 update_uri() -> Fetch error: AggregateError
2026/4/11 14:10:02: getting new Url ->  null
2026/4/11 14:30:02 update_uri() -> Fetch error: AggregateError
2026/4/11 14:30:02: getting new Url ->  null
2026/4/11 15:10:05 update_uri() -> Fetch error: AggregateError
2026/4/11 15:10:05 update_uri() -> Fetch error: AggregateError
2026/4/11 15:10:05: getting new Url ->  null
2026/4/11 15:10:05: getting new Url ->  null
2026/4/11 15:59:02 update_uri() -> Fetch error: AggregateError
2026/4/11 15:59:02: getting new Url ->  null
2026/4/11 16:00:02 update_uri() -> Fetch error: AggregateError
2026/4/11 16:00:02: getting new Url ->  null
2026/4/11 16:59:01 update_uri() -> Fetch error: AggregateError
2026/4/11 16:59:01: getting new Url ->  null
2026/4/11 17:00:02 update_uri() -> Fetch error: AggregateError
2026/4/11 17:00:02: getting new Url ->  null
2026/4/11 17:59:02 update_uri() -> Fetch error: AggregateError
2026/4/11 17:59:02: getting new Url ->  null
2026/4/11 18:00:01 update_uri() -> Fetch error: AggregateError
2026/4/11 18:00:01: getting new Url ->  null
2026/4/11 18:10:02 update_uri() -> Fetch error: AggregateError
2026/4/11 18:10:02: getting new Url ->  null
2026/4/11 18:50:02 update_uri() -> Fetch error: AggregateError
2026/4/11 18:50:02: getting new Url ->  null
2026/4/11 18:59:02 update_uri() -> Fetch error: AggregateError
2026/4/11 18:59:02: getting new Url ->  null
2026/4/11 19:59:02 update_uri() -> Fetch error: AggregateError
2026/4/11 19:59:02: getting new Url ->  null
2026/4/11 20:00:02 update_uri() -> Fetch error: AggregateError
2026/4/11 20:00:02: getting new Url ->  null
2026/4/11 20:10:02 update_uri() -> Fetch error: AggregateError
2026/4/11 20:10:02: getting new Url ->  null
2026/4/11 20:30:02 update_uri() -> Fetch error: AggregateError
2026/4/11 20:30:02: getting new Url ->  null
2026/4/11 20:50:02 update_uri() -> Fetch error: AggregateError
2026/4/11 20:50:02: getting new Url ->  null
2026/4/11 21:00:03 update_uri() -> Fetch error: AggregateError
2026/4/11 21:00:03: getting new Url ->  null
2026/4/11 21:59:03 update_uri() -> Fetch error: AggregateError
2026/4/11 21:59:03: getting new Url ->  null
2026/4/11 22:00:03 update_uri() -> Fetch error: AggregateError
2026/4/11 22:00:03: getting new Url ->  null
2026/4/11 22:59:02 update_uri() -> Fetch error: AggregateError
2026/4/11 22:59:02: getting new Url ->  null
2026/4/11 23:59:02 update_uri() -> Fetch error: AggregateError
2026/4/11 23:59:02: getting new Url ->  null
2026/4/12 00:00:04 update_uri() -> Fetch error: AggregateError
2026/4/12 00:00:04: getting new Url ->  null
2026/4/12 08:40:51 update_uri() -> Fetch error: AggregateError
2026/4/12 08:40:51: getting new Url ->  null
2026/4/12 08:59:01 update_uri() -> Fetch error: AggregateError
2026/4/12 08:59:02: getting new Url ->  null
2026/4/12 09:00:02 update_uri() -> Fetch error: AggregateError
2026/4/12 09:00:02: getting new Url ->  null
2026/4/12 09:59:01 update_uri() -> Fetch error: AggregateError
2026/4/12 09:59:01: getting new Url ->  null
2026/4/12 10:00:02 update_uri() -> Fetch error: AggregateError
2026/4/12 10:00:02: getting new Url ->  null
2026/4/12 10:59:01 update_uri() -> Fetch error: AggregateError
2026/4/12 10:59:01: getting new Url ->  null
2026/4/12 11:00:02 update_uri() -> Fetch error: AggregateError
2026/4/12 11:00:02: getting new Url ->  null
2026/4/12 11:10:02 update_uri() -> Fetch error: AggregateError
2026/4/12 11:10:02: getting new Url ->  null
2026/4/12 11:30:02 update_uri() -> Fetch error: AggregateError
2026/4/12 11:30:02: getting new Url ->  null
2026/4/12 11:50:02 update_uri() -> Fetch error: AggregateError
2026/4/12 11:50:02: getting new Url ->  null
2026/4/12 11:59:01 update_uri() -> Fetch error: AggregateError
2026/4/12 11:59:01: getting new Url ->  null
2026/4/12 12:00:01 update_uri() -> Fetch error: AggregateError
2026/4/12 12:00:01: getting new Url ->  null
2026/4/12 12:10:01 update_uri() -> Fetch error: AggregateError
2026/4/12 12:10:02: getting new Url ->  null
2026/4/12 12:30:01 update_uri() -> Fetch error: AggregateError
2026/4/12 12:30:01: getting new Url ->  null
2026/4/12 12:50:02 update_uri() -> Fetch error: AggregateError
2026/4/12 12:50:02: getting new Url ->  null
2026/4/12 12:59:02 update_uri() -> Fetch error: AggregateError
2026/4/12 12:59:02: getting new Url ->  null
2026/4/12 13:00:01 update_uri() -> Fetch error: AggregateError
2026/4/12 13:00:01: getting new Url ->  null
2026/4/12 13:59:02 update_uri() -> Fetch error: AggregateError
2026/4/12 13:59:02: getting new Url ->  null
2026/4/12 14:00:02 update_uri() -> Fetch error: AggregateError
2026/4/12 14:00:02: getting new Url ->  null
2026/4/12 14:10:02 update_uri() -> Fetch error: AggregateError
2026/4/12 14:10:02: getting new Url ->  null
2026/4/12 14:30:02 update_uri() -> Fetch error: AggregateError
2026/4/12 14:30:02: getting new Url ->  null
2026/4/12 14:50:02 update_uri() -> Fetch error: AggregateError
2026/4/12 14:50:02: getting new Url ->  null
2026/4/12 14:59:01 update_uri() -> Fetch error: AggregateError
2026/4/12 14:59:01: getting new Url ->  null
2026/4/12 15:00:03 update_uri() -> Fetch error: AggregateError
2026/4/12 15:00:03: getting new Url ->  null
2026/4/12 15:59:02 update_uri() -> Fetch error: AggregateError
2026/4/12 15:59:02: getting new Url ->  null
2026/4/12 16:00:02 update_uri() -> Fetch error: AggregateError
2026/4/12 16:00:02: getting new Url ->  null
2026/4/12 16:59:01 update_uri() -> Fetch error: AggregateError
2026/4/12 16:59:01: getting new Url ->  null
2026/4/12 17:00:01 update_uri() -> Fetch error: AggregateError
2026/4/12 17:00:01: getting new Url ->  null
2026/4/12 17:59:03 update_uri() -> Fetch error: AggregateError
2026/4/12 17:59:03: getting new Url ->  null
2026/4/12 18:00:02 update_uri() -> Fetch error: AggregateError
2026/4/12 18:00:02: getting new Url ->  null
2026/4/12 18:10:02 update_uri() -> Fetch error: AggregateError
2026/4/12 18:10:02: getting new Url ->  null
2026/4/12 18:30:01 update_uri() -> Fetch error: AggregateError
2026/4/12 18:30:01: getting new Url ->  null
2026/4/12 18:50:01 update_uri() -> Fetch error: AggregateError
2026/4/12 18:50:01: getting new Url ->  null
2026/4/12 18:59:02 update_uri() -> Fetch error: AggregateError
2026/4/12 18:59:02: getting new Url ->  null
2026/4/12 19:00:01 update_uri() -> Fetch error: AggregateError
2026/4/12 19:00:01: getting new Url ->  null
2026/4/12 19:59:02 update_uri() -> Fetch error: AggregateError
2026/4/12 19:59:02: getting new Url ->  null
2026/4/12 20:00:02 update_uri() -> Fetch error: AggregateError
2026/4/12 20:00:02: getting new Url ->  null
2026/4/12 20:10:01 update_uri() -> Fetch error: AggregateError
2026/4/12 20:10:01: getting new Url ->  null
2026/4/12 20:30:02 update_uri() -> Fetch error: AggregateError
2026/4/12 20:30:02: getting new Url ->  null
2026/4/12 20:50:01 update_uri() -> Fetch error: AggregateError
2026/4/12 20:50:01: getting new Url ->  null
2026/4/12 20:59:03 update_uri() -> Fetch error: AggregateError
2026/4/12 20:59:03: getting new Url ->  null
2026/4/12 21:00:02 update_uri() -> Fetch error: AggregateError
2026/4/12 21:00:02: getting new Url ->  null
2026/4/12 21:59:02 update_uri() -> Fetch error: AggregateError
2026/4/12 21:59:02: getting new Url ->  null
2026/4/12 22:00:03 update_uri() -> Fetch error: AggregateError
2026/4/12 22:00:03: getting new Url ->  null
2026/4/12 22:59:02 update_uri() -> Fetch error: AggregateError
2026/4/12 22:59:02: getting new Url ->  null
2026/4/12 23:00:03 update_uri() -> Fetch error: AggregateError
2026/4/12 23:00:03: getting new Url ->  null
2026/4/12 23:59:02 update_uri() -> Fetch error: AggregateError
2026/4/12 23:59:02: getting new Url ->  null
2026/4/13 00:00:02 update_uri() -> Fetch error: AggregateError
2026/4/13 00:00:02: getting new Url ->  null
2026/4/13 08:16:20Extracted src: https://fan3.206102.xyz/v2ray免费账号/
2026/4/13 08:16:18: nodePaths found in: [{"path":"C:\\Users\\Administrator\\scoop\\apps\\nodejs24\\current\\node.exe","osName":"Windows_NT","error":null},{"path":"C:\\msys64\\ucrt64\\bin\\node","osName":"MINGW32_NT-10.0","error":null},{"path":"C:\\msys64\\ucrt64\\bin\\node.exe","osName":"MINGW32_NT-10.0","error":null}]
2026/4/13 08:16:20: getting new Url ->  https://fan3.206102.xyz/v2ray免费账号/
2026/4/13 08:16:18: C:\Users\Administrator\scoop\apps\nodejs24\current\node.exe
2026/4/13 08:16:20: parse_data() -> https://fan3.206102.xyz/v2ray免费账号/
2026/4/13 08:16:20: parse_data() -> https://fan3.206102.xyz/ss免费账号/
2026/4/13 09:17:07 update_uri() -> Fetch error: AxiosError: Request failed with status code 502
2026/4/13 09:17:01: nodePaths found in: [{"path":"C:\\Users\\Administrator\\scoop\\apps\\nodejs24\\current\\node.exe","osName":"Windows_NT","error":null},{"path":"C:\\msys64\\ucrt64\\bin\\node","osName":"MINGW32_NT-10.0","error":null},{"path":"C:\\msys64\\ucrt64\\bin\\node.exe","osName":"MINGW32_NT-10.0","error":null}]
2026/4/13 09:17:01: C:\Users\Administrator\scoop\apps\nodejs24\current\node.exe
2026/4/13 09:17:07: getting new Url ->  null
2026/4/13 12:59:02 update_uri() -> Fetch error: AggregateError
2026/4/13 12:59:02: getting new Url ->  null
2026/4/13 13:00:02 update_uri() -> Fetch error: AggregateError
2026/4/13 13:00:02: getting new Url ->  null
2026/4/13 13:59:02 update_uri() -> Fetch error: AggregateError
2026/4/13 13:59:02: getting new Url ->  null
2026/4/13 14:00:02 update_uri() -> Fetch error: AggregateError
2026/4/13 14:00:02: getting new Url ->  null
2026/4/13 14:59:01 update_uri() -> Fetch error: AggregateError
2026/4/13 14:59:01: getting new Url ->  null
2026/4/13 15:00:02 update_uri() -> Fetch error: AggregateError
2026/4/13 15:00:02: getting new Url ->  null
2026/4/13 15:59:01 update_uri() -> Fetch error: AggregateError
2026/4/13 15:59:01: getting new Url ->  null
2026/4/13 16:00:02 update_uri() -> Fetch error: AggregateError
2026/4/13 16:00:02: getting new Url ->  null
2026/4/13 16:59:01 update_uri() -> Fetch error: AggregateError
2026/4/13 16:59:01: getting new Url ->  null
2026/4/13 17:00:02 update_uri() -> Fetch error: AggregateError
2026/4/13 17:00:02: getting new Url ->  null
2026/4/13 17:59:02 update_uri() -> Fetch error: AggregateError
2026/4/13 17:59:02: getting new Url ->  null
2026/4/13 18:00:01 update_uri() -> Fetch error: AggregateError
2026/4/13 18:00:01: getting new Url ->  null
2026/4/13 18:59:02 update_uri() -> Fetch error: AggregateError
2026/4/13 18:59:02: getting new Url ->  null
2026/4/13 19:00:01 update_uri() -> Fetch error: AggregateError
2026/4/13 19:00:01: getting new Url ->  null
2026/4/13 19:59:02 update_uri() -> Fetch error: AggregateError
2026/4/13 19:59:02: getting new Url ->  null
2026/4/13 20:00:01 update_uri() -> Fetch error: AggregateError
2026/4/13 20:00:01: getting new Url ->  null
2026/4/13 20:59:02 update_uri() -> Fetch error: AggregateError
2026/4/13 20:59:03: getting new Url ->  null
2026/4/13 21:00:01 update_uri() -> Fetch error: AggregateError
2026/4/13 21:00:01: getting new Url ->  null
2026/4/13 21:59:02 update_uri() -> Fetch error: AggregateError
2026/4/13 21:59:02: getting new Url ->  null
2026/4/13 22:00:03 update_uri() -> Fetch error: AggregateError
2026/4/13 22:00:03: getting new Url ->  null
2026/4/13 22:59:01 update_uri() -> Fetch error: AggregateError
2026/4/13 22:59:01: getting new Url ->  null
2026/4/13 23:00:02 update_uri() -> Fetch error: AggregateError
2026/4/13 23:00:02: getting new Url ->  null
2026/4/13 23:59:01 update_uri() -> Fetch error: AggregateError
2026/4/13 23:59:01: getting new Url ->  null
2026/4/14 00:00:02 update_uri() -> Fetch error: AggregateError
2026/4/14 00:00:02: getting new Url ->  null
2026/4/14 08:59:01 update_uri() -> Fetch error: AggregateError
2026/4/14 08:59:01: getting new Url ->  null
2026/4/14 09:00:02 update_uri() -> Fetch error: AggregateError
2026/4/14 09:00:02: getting new Url ->  null
2026/4/14 09:59:01 update_uri() -> Fetch error: AggregateError
2026/4/14 09:59:01: getting new Url ->  null
2026/4/14 10:00:01 update_uri() -> Fetch error: AggregateError
2026/4/14 10:00:01: getting new Url ->  null
2026/4/14 10:59:02 update_uri() -> Fetch error: AggregateError
2026/4/14 10:59:02: getting new Url ->  null
2026/4/14 11:00:01 update_uri() -> Fetch error: AggregateError
2026/4/14 11:00:01: getting new Url ->  null
2026/4/14 11:59:01 update_uri() -> Fetch error: AggregateError
2026/4/14 11:59:01: getting new Url ->  null
2026/4/14 12:00:02 update_uri() -> Fetch error: AggregateError
2026/4/14 12:00:02: getting new Url ->  null
2026/4/14 12:59:02 update_uri() -> Fetch error: AggregateError
2026/4/14 12:59:02: getting new Url ->  null
2026/4/14 13:00:02 update_uri() -> Fetch error: AggregateError
2026/4/14 13:00:02: getting new Url ->  null
2026/4/14 13:59:02 update_uri() -> Fetch error: AggregateError
2026/4/14 13:59:02: getting new Url ->  null
2026/4/14 14:00:01 update_uri() -> Fetch error: AggregateError
2026/4/14 14:00:01: getting new Url ->  null
2026/4/14 14:59:01 update_uri() -> Fetch error: AggregateError
2026/4/14 14:59:01: getting new Url ->  null
2026/4/14 15:00:02 update_uri() -> Fetch error: AggregateError
2026/4/14 15:00:02: getting new Url ->  null
2026/4/14 15:59:01 update_uri() -> Fetch error: AggregateError
2026/4/14 15:59:01: getting new Url ->  null
2026/4/14 16:00:01 update_uri() -> Fetch error: AggregateError
2026/4/14 16:00:01: getting new Url ->  null
2026/4/14 16:59:02 update_uri() -> Fetch error: AggregateError
2026/4/14 16:59:02: getting new Url ->  null
2026/4/14 17:00:01 update_uri() -> Fetch error: AggregateError
2026/4/14 17:00:01: getting new Url ->  null
2026/4/14 17:49:54 update_uri() -> Fetch error: AggregateError
2026/4/14 17:49:54: getting new Url ->  null
2026/4/14 17:59:02 update_uri() -> Fetch error: AggregateError
2026/4/14 17:59:02: getting new Url ->  null
2026/4/14 18:00:01 update_uri() -> Fetch error: AggregateError
2026/4/14 18:00:01: getting new Url ->  null
2026/4/14 18:39:51 update_uri() -> Fetch error: AggregateError
2026/4/14 18:39:51: getting new Url ->  null
2026/4/14 18:59:01 update_uri() -> Fetch error: AggregateError
2026/4/14 18:59:01: getting new Url ->  null
2026/4/14 19:00:01 update_uri() -> Fetch error: AggregateError
2026/4/14 19:00:01: getting new Url ->  null
2026/4/14 19:59:02 update_uri() -> Fetch error: AggregateError
2026/4/14 19:59:02: getting new Url ->  null
2026/4/14 20:00:02 update_uri() -> Fetch error: AggregateError
2026/4/14 20:00:02: getting new Url ->  null
2026/4/14 20:59:03 update_uri() -> Fetch error: AggregateError
2026/4/14 20:59:03: getting new Url ->  null
2026/4/14 21:59:02 update_uri() -> Fetch error: AggregateError
2026/4/14 21:59:02: getting new Url ->  null
2026/4/15 08:44:43 update_uri() -> Fetch error: AggregateError
2026/4/15 08:44:44: getting new Url ->  null
2026/4/15 08:59:02 update_uri() -> Fetch error: AggregateError
2026/4/15 08:59:02: getting new Url ->  null
2026/4/15 09:00:01 update_uri() -> Fetch error: AggregateError
2026/4/15 09:00:01: getting new Url ->  null
2026/4/15 09:59:01 update_uri() -> Fetch error: AggregateError
2026/4/15 09:59:01: getting new Url ->  null
2026/4/15 10:00:02 update_uri() -> Fetch error: AggregateError
2026/4/15 10:00:02: getting new Url ->  null
2026/4/15 10:27:59 update_uri() -> Fetch error: AggregateError
2026/4/15 10:27:59: getting new Url ->  null
2026/4/15 10:28:49 update_uri() -> Fetch error: AggregateError
2026/4/15 10:28:49: getting new Url ->  null
2026/4/15 10:59:01 update_uri() -> Fetch error: AggregateError
2026/4/15 10:59:01: getting new Url ->  null
2026/4/15 11:00:02 update_uri() -> Fetch error: AggregateError
2026/4/15 11:00:02: getting new Url ->  null
2026/4/15 11:08:32 update_uri() -> Fetch error: AggregateError
2026/4/15 11:08:32: getting new Url ->  null
2026/4/15 11:35:28 update_uri() -> Fetch error: AggregateError
2026/4/15 11:35:28: getting new Url ->  null
2026/4/15 11:53:09 update_uri() -> Fetch error: AggregateError
2026/4/15 11:53:09: getting new Url ->  null
2026/4/15 11:59:01 update_uri() -> Fetch error: AggregateError
2026/4/15 11:59:01: getting new Url ->  null
2026/4/15 12:00:02 update_uri() -> Fetch error: AggregateError
2026/4/15 12:00:02: getting new Url ->  null
2026/4/15 12:46:23 update_uri() -> Fetch error: AggregateError
2026/4/15 12:46:23: getting new Url ->  null
2026/4/15 12:59:02 update_uri() -> Fetch error: AggregateError
2026/4/15 12:59:02: getting new Url ->  null
2026/4/15 13:00:01 update_uri() -> Fetch error: AggregateError
2026/4/15 13:00:01: getting new Url ->  null
2026/4/15 13:59:01 update_uri() -> Fetch error: AggregateError
2026/4/15 13:59:01: getting new Url ->  null
2026/4/15 14:00:02 update_uri() -> Fetch error: AggregateError
2026/4/15 14:00:02: getting new Url ->  null
2026/4/15 14:15:35 update_uri() -> Fetch error: AggregateError
2026/4/15 14:15:35: getting new Url ->  null
2026/4/15 14:59:02 update_uri() -> Fetch error: AggregateError
2026/4/15 14:59:02: getting new Url ->  null
2026/4/15 15:00:02 update_uri() -> Fetch error: AggregateError
2026/4/15 15:00:02: getting new Url ->  null
2026/4/15 15:59:01 update_uri() -> Fetch error: AggregateError
2026/4/15 15:59:01: getting new Url ->  null
2026/4/15 16:00:02 update_uri() -> Fetch error: AggregateError
2026/4/15 16:00:02: getting new Url ->  null
2026/4/15 16:59:01 update_uri() -> Fetch error: AggregateError
2026/4/15 16:59:01: getting new Url ->  null
2026/4/15 17:00:02 update_uri() -> Fetch error: AggregateError
2026/4/15 17:00:02: getting new Url ->  null
2026/4/15 17:59:01 update_uri() -> Fetch error: AggregateError
2026/4/15 17:59:01: getting new Url ->  null
2026/4/15 18:00:02 update_uri() -> Fetch error: AggregateError
2026/4/15 18:00:02: getting new Url ->  null
2026/4/15 18:59:02 update_uri() -> Fetch error: AggregateError
2026/4/15 18:59:02: getting new Url ->  null
2026/4/15 19:00:02 update_uri() -> Fetch error: AggregateError
2026/4/15 19:00:02: getting new Url ->  null
2026/4/15 19:59:02 update_uri() -> Fetch error: AggregateError
2026/4/15 19:59:02: getting new Url ->  null
2026/4/15 20:00:02 update_uri() -> Fetch error: AggregateError
2026/4/15 20:00:02: getting new Url ->  null
2026/4/15 20:59:02 update_uri() -> Fetch error: AggregateError
2026/4/15 20:59:02: getting new Url ->  null
2026/4/15 21:00:02 update_uri() -> Fetch error: AggregateError
2026/4/15 21:00:02: getting new Url ->  null
2026/4/15 21:59:02 update_uri() -> Fetch error: AggregateError
2026/4/15 21:59:02: getting new Url ->  null
2026/4/15 22:00:02 update_uri() -> Fetch error: AggregateError
2026/4/15 22:00:02: getting new Url ->  null
2026/4/15 22:59:01 update_uri() -> Fetch error: AggregateError
2026/4/15 22:59:01: getting new Url ->  null
2026/4/15 23:00:02 update_uri() -> Fetch error: AggregateError
2026/4/15 23:00:02: getting new Url ->  null
2026/4/15 23:59:03 update_uri() -> Fetch error: AggregateError
2026/4/15 23:59:03: getting new Url ->  null
2026/4/16 00:00:02 update_uri() -> Fetch error: AggregateError
2026/4/16 00:00:02: getting new Url ->  null
2026/4/16 00:59:01 update_uri() -> Fetch error: AggregateError
2026/4/16 00:59:01: getting new Url ->  null
2026/4/16 01:00:01 update_uri() -> Fetch error: AggregateError
2026/4/16 01:00:02: getting new Url ->  null
2026/4/16 10:27:53 update_uri() -> Fetch error: AggregateError
2026/4/16 10:27:53: getting new Url ->  null
2026/4/16 10:59:01 update_uri() -> Fetch error: AggregateError
2026/4/16 10:59:01: getting new Url ->  null
2026/4/16 11:00:02 update_uri() -> Fetch error: AggregateError
2026/4/16 11:00:02: getting new Url ->  null
2026/4/16 11:59:01 update_uri() -> Fetch error: AggregateError
2026/4/16 11:59:01: getting new Url ->  null
2026/4/16 12:00:02 update_uri() -> Fetch error: AggregateError
2026/4/16 12:00:02: getting new Url ->  null
2026/4/16 12:59:02 update_uri() -> Fetch error: AggregateError
2026/4/16 12:59:02: getting new Url ->  null
2026/4/16 13:00:01 update_uri() -> Fetch error: AggregateError
2026/4/16 13:00:02: getting new Url ->  null
2026/4/16 13:59:01 update_uri() -> Fetch error: AggregateError
2026/4/16 13:59:01: getting new Url ->  null
2026/4/16 14:00:02 update_uri() -> Fetch error: AggregateError
2026/4/16 14:00:02: getting new Url ->  null
2026/4/16 14:59:01 update_uri() -> Fetch error: AggregateError
2026/4/16 14:59:01: getting new Url ->  null
2026/4/16 15:00:02 update_uri() -> Fetch error: AggregateError
2026/4/16 15:00:02: getting new Url ->  null
2026/4/16 16:00:02 update_uri() -> Fetch error: AggregateError
2026/4/16 16:00:02: getting new Url ->  null
2026/4/16 16:59:01 update_uri() -> Fetch error: AggregateError
2026/4/16 16:59:01: getting new Url ->  null
2026/4/16 17:00:02 update_uri() -> Fetch error: AggregateError
2026/4/16 17:00:02: getting new Url ->  null
2026/4/16 17:59:01 update_uri() -> Fetch error: AggregateError
2026/4/16 17:59:01: getting new Url ->  null
2026/4/16 18:00:02 update_uri() -> Fetch error: AggregateError
2026/4/16 18:00:02: getting new Url ->  null
2026/4/16 18:59:02 update_uri() -> Fetch error: AggregateError
2026/4/16 18:59:02: getting new Url ->  null
2026/4/16 19:00:01 update_uri() -> Fetch error: AggregateError
2026/4/16 19:00:01: getting new Url ->  null
2026/4/16 19:02:22 update_uri() -> Fetch error: AggregateError
2026/4/16 19:02:22: getting new Url ->  null
2026/4/16 19:02:40 update_uri() -> Fetch error: AggregateError
2026/4/16 19:02:40: getting new Url ->  null
2026/4/16 19:05:12 update_uri() -> Fetch error: AggregateError
2026/4/16 19:05:12: getting new Url ->  null
2026/4/16 19:06:06 update_uri() -> Fetch error: AggregateError
2026/4/16 19:06:06: getting new Url ->  null
2026/4/16 19:09:31 update_uri() -> Fetch error: AggregateError
2026/4/16 19:09:31: getting new Url ->  null
2026/4/16 19:10:35 update_uri() -> Fetch error: AggregateError
2026/4/16 19:10:35: getting new Url ->  null
2026/4/16 19:11:05 update_uri() -> Fetch error: AggregateError
2026/4/16 19:11:05: getting new Url ->  null
2026/4/16 19:11:16 update_uri() -> Fetch error: AggregateError
2026/4/16 19:11:16: getting new Url ->  null
2026/4/16 19:12:07 update_uri() -> Fetch error: AggregateError
2026/4/16 19:12:07: getting new Url ->  null
2026/4/16 19:15:41 update_uri() -> Fetch error: AggregateError
2026/4/16 19:15:41: getting new Url ->  null
2026/4/16 19:23:50 update_uri() -> Fetch error: AggregateError
2026/4/16 19:23:50: getting new Url ->  null
2026/4/16 19:25:04 update_uri() -> Fetch error: AggregateError
2026/4/16 19:25:04: getting new Url ->  null
2026/4/16 19:25:20 update_uri() -> Fetch error: AggregateError
2026/4/16 19:25:20: getting new Url ->  null
2026/4/16 19:27:26 update_uri() -> Fetch error: AggregateError
2026/4/16 19:27:26: getting new Url ->  null
2026/4/16 19:27:32 update_uri() -> Fetch error: AggregateError
2026/4/16 19:27:32: getting new Url ->  null
2026/4/16 19:59:02 update_uri() -> Fetch error: AggregateError
2026/4/16 19:59:02: getting new Url ->  null
2026/4/16 20:00:03 update_uri() -> Fetch error: AggregateError
2026/4/16 20:00:03: getting new Url ->  null
2026/4/16 21:05:40 update_uri() -> Fetch error: AggregateError
2026/4/16 21:05:40: getting new Url ->  null
2026/4/16 21:59:01 update_uri() -> Fetch error: AggregateError
2026/4/16 21:59:01: getting new Url ->  null
2026/4/16 22:00:02 update_uri() -> Fetch error: AggregateError
2026/4/16 22:00:02: getting new Url ->  null
2026/4/16 22:06:10 update_uri() -> Fetch error: AggregateError
2026/4/16 22:06:10: getting new Url ->  null
2026/4/16 22:07:34 update_uri() -> Fetch error: AggregateError
2026/4/16 22:07:34: getting new Url ->  null
2026/4/17 08:57:08 update_uri() -> Fetch error: AxiosError: Request failed with status code 502
2026/4/17 08:57:07: C:\Users\Administrator\scoop\apps\nodejs24\current\node.exe
2026/4/17 08:57:07: nodePaths found in: [{"path":"C:\\Users\\Administrator\\scoop\\apps\\nodejs24\\current\\node.exe","osName":"Windows_NT","error":null},{"path":"C:\\msys64\\ucrt64\\bin\\node","osName":"MINGW32_NT-10.0","error":null},{"path":"C:\\msys64\\ucrt64\\bin\\node.exe","osName":"MINGW32_NT-10.0","error":null}]
2026/4/17 08:57:08: getting new Url ->  null
2026/4/17 09:59:01 update_uri() -> Fetch error: AggregateError
2026/4/17 09:59:01: getting new Url ->  null
2026/4/17 10:00:02 update_uri() -> Fetch error: AggregateError
2026/4/17 10:00:02: getting new Url ->  null
2026/4/17 10:59:01 update_uri() -> Fetch error: AggregateError
2026/4/17 10:59:01: getting new Url ->  null
2026/4/17 11:00:02 update_uri() -> Fetch error: AggregateError
2026/4/17 11:00:02: getting new Url ->  null
2026/4/17 11:59:01 update_uri() -> Fetch error: AggregateError
2026/4/17 11:59:01: getting new Url ->  null
2026/4/17 12:00:02 update_uri() -> Fetch error: AggregateError
2026/4/17 12:00:02: getting new Url ->  null
2026/4/17 12:59:02 update_uri() -> Fetch error: AggregateError
2026/4/17 12:59:02: getting new Url ->  null
2026/4/17 13:00:02 update_uri() -> Fetch error: AggregateError
2026/4/17 13:00:02: getting new Url ->  null
2026/4/17 13:59:01 update_uri() -> Fetch error: AggregateError
2026/4/17 13:59:01: getting new Url ->  null
2026/4/17 14:00:02 update_uri() -> Fetch error: AggregateError
2026/4/17 14:00:02: getting new Url ->  null
2026/4/17 14:59:02 update_uri() -> Fetch error: AggregateError
2026/4/17 14:59:02: getting new Url ->  null
2026/4/17 15:00:01 update_uri() -> Fetch error: AggregateError
2026/4/17 15:00:01: getting new Url ->  null
2026/4/17 15:59:02 update_uri() -> Fetch error: AggregateError
2026/4/17 15:59:02: getting new Url ->  null
2026/4/17 16:00:02 update_uri() -> Fetch error: AggregateError
2026/4/17 16:00:02: getting new Url ->  null
2026/4/17 16:59:02 update_uri() -> Fetch error: AggregateError
2026/4/17 16:59:02: getting new Url ->  null
2026/4/17 17:00:02 update_uri() -> Fetch error: AggregateError
2026/4/17 17:00:02: getting new Url ->  null
2026/4/17 17:59:02 update_uri() -> Fetch error: AggregateError
2026/4/17 17:59:02: getting new Url ->  null
2026/4/17 18:00:01 update_uri() -> Fetch error: AggregateError
2026/4/17 18:00:01: getting new Url ->  null
2026/4/17 18:59:02 update_uri() -> Fetch error: AggregateError
2026/4/17 18:59:02: getting new Url ->  null
2026/4/17 19:00:02 update_uri() -> Fetch error: AggregateError
2026/4/17 19:00:02: getting new Url ->  null
2026/4/17 19:59:02 update_uri() -> Fetch error: AggregateError
2026/4/17 19:59:02: getting new Url ->  null
2026/4/17 20:00:02 update_uri() -> Fetch error: AggregateError
2026/4/17 20:00:02: getting new Url ->  null
2026/4/17 20:59:02 update_uri() -> Fetch error: AggregateError
2026/4/17 20:59:02: getting new Url ->  null
2026/4/17 21:00:02 update_uri() -> Fetch error: AggregateError
2026/4/17 21:00:02: getting new Url ->  null
2026/4/17 21:43:19 update_uri() -> Fetch error: AggregateError
2026/4/17 21:43:19: getting new Url ->  null
2026/4/17 21:59:03 update_uri() -> Fetch error: AggregateError
2026/4/17 21:59:03: getting new Url ->  null
2026/4/17 22:00:03 update_uri() -> Fetch error: AggregateError
2026/4/17 22:00:03: getting new Url ->  null
2026/4/17 22:47:14 update_uri() -> Fetch error: AggregateError
2026/4/17 22:47:14: getting new Url ->  null
2026/4/17 22:52:00 update_uri() -> Fetch error: AggregateError
2026/4/17 22:52:00: getting new Url ->  null
2026/4/17 22:55:02 update_uri() -> Fetch error: AggregateError
2026/4/17 22:55:02: getting new Url ->  null
2026/4/17 22:55:35 update_uri() -> Fetch error: AggregateError
2026/4/17 22:55:35: getting new Url ->  null
2026/4/17 22:59:03 update_uri() -> Fetch error: AggregateError
2026/4/17 22:59:03: getting new Url ->  null
2026/4/17 23:00:01 update_uri() -> Fetch error: AggregateError
2026/4/17 23:00:01: getting new Url ->  null
2026/4/19 09:01:15 update_uri() -> Fetch error: AggregateError
2026/4/19 09:01:15: getting new Url ->  null
2026/4/19 09:02:15 update_uri() -> Fetch error: AggregateError
2026/4/19 09:02:15: getting new Url ->  null
2026/4/19 10:01:14 update_uri() -> Fetch error: AggregateError
2026/4/19 10:01:15: getting new Url ->  null
2026/4/19 10:02:16 update_uri() -> Fetch error: AggregateError
2026/4/19 10:02:16: getting new Url ->  null
2026/4/19 10:59:01 update_uri() -> Fetch error: AggregateError
2026/4/19 10:59:01: getting new Url ->  null
2026/4/19 11:00:02 update_uri() -> Fetch error: AggregateError
2026/4/19 11:00:02: getting new Url ->  null
2026/4/19 11:10:01 update_uri() -> Fetch error: AggregateError
2026/4/19 11:10:01: getting new Url ->  null
2026/4/19 11:30:01 update_uri() -> Fetch error: AggregateError
2026/4/19 11:30:01: getting new Url ->  null
2026/4/19 11:50:01 update_uri() -> Fetch error: AggregateError
2026/4/19 11:50:01: getting new Url ->  null
2026/4/19 11:59:01 update_uri() -> Fetch error: AggregateError
2026/4/19 11:59:02: getting new Url ->  null
2026/4/19 12:00:01 update_uri() -> Fetch error: AggregateError
2026/4/19 12:00:01: getting new Url ->  null
2026/4/19 12:10:02 update_uri() -> Fetch error: AggregateError
2026/4/19 12:10:02: getting new Url ->  null
2026/4/19 12:30:02 update_uri() -> Fetch error: AggregateError
2026/4/19 12:30:02: getting new Url ->  null
2026/4/19 12:50:02 update_uri() -> Fetch error: AggregateError
2026/4/19 12:50:02: getting new Url ->  null
2026/4/19 12:59:01 update_uri() -> Fetch error: AggregateError
2026/4/19 12:59:01: getting new Url ->  null
2026/4/19 13:00:01 update_uri() -> Fetch error: AggregateError
2026/4/19 13:00:01: getting new Url ->  null
2026/4/19 13:59:01 update_uri() -> Fetch error: AggregateError
2026/4/19 13:59:01: getting new Url ->  null
2026/4/19 14:00:40 update_uri() -> Fetch error: AggregateError
2026/4/19 14:00:40: getting new Url ->  null
2026/4/19 14:10:01 update_uri() -> Fetch error: AggregateError
2026/4/19 14:10:01: getting new Url ->  null
2026/4/19 14:30:02 update_uri() -> Fetch error: AggregateError
2026/4/19 14:30:02: getting new Url ->  null
2026/4/19 14:50:02 update_uri() -> Fetch error: AggregateError
2026/4/19 14:50:02: getting new Url ->  null
2026/4/19 14:59:02 update_uri() -> Fetch error: AggregateError
2026/4/19 14:59:02: getting new Url ->  null
2026/4/19 15:00:01 update_uri() -> Fetch error: AggregateError
2026/4/19 15:00:01: getting new Url ->  null
2026/4/19 15:59:02 update_uri() -> Fetch error: AggregateError
2026/4/19 15:59:02: getting new Url ->  null
2026/4/19 16:00:01 update_uri() -> Fetch error: AggregateError
2026/4/19 16:00:02: getting new Url ->  null
2026/4/19 16:59:01 update_uri() -> Fetch error: AggregateError
2026/4/19 16:59:01: getting new Url ->  null
2026/4/19 17:00:01 update_uri() -> Fetch error: AggregateError
2026/4/19 17:00:01: getting new Url ->  null
2026/4/19 17:59:01 update_uri() -> Fetch error: AggregateError
2026/4/19 17:59:01: getting new Url ->  null
2026/4/19 18:00:01 update_uri() -> Fetch error: AggregateError
2026/4/19 18:00:01: getting new Url ->  null
2026/4/19 18:10:01 update_uri() -> Fetch error: AggregateError
2026/4/19 18:10:01: getting new Url ->  null
2026/4/19 18:30:01 update_uri() -> Fetch error: AggregateError
2026/4/19 18:30:01: getting new Url ->  null
2026/4/19 18:50:01 update_uri() -> Fetch error: AggregateError
2026/4/19 18:50:01: getting new Url ->  null
2026/4/19 18:59:01 update_uri() -> Fetch error: AggregateError
2026/4/19 18:59:01: getting new Url ->  null
2026/4/19 19:00:01 update_uri() -> Fetch error: AggregateError
2026/4/19 19:00:01: getting new Url ->  null
2026/4/19 19:59:01 update_uri() -> Fetch error: AggregateError
2026/4/19 19:59:01: getting new Url ->  null
2026/4/19 20:00:01 update_uri() -> Fetch error: AggregateError
2026/4/19 20:00:01: getting new Url ->  null
2026/4/19 20:10:02 update_uri() -> Fetch error: AggregateError
2026/4/19 20:10:02: getting new Url ->  null
2026/4/19 20:30:01 update_uri() -> Fetch error: AggregateError
2026/4/19 20:30:01: getting new Url ->  null
2026/4/19 20:50:02 update_uri() -> Fetch error: AggregateError
2026/4/19 20:50:02: getting new Url ->  null
2026/4/19 20:59:01 update_uri() -> Fetch error: AggregateError
2026/4/19 20:59:01: getting new Url ->  null
2026/4/19 21:00:01 update_uri() -> Fetch error: AggregateError
2026/4/19 21:00:01: getting new Url ->  null
2026/4/19 21:59:01 update_uri() -> Fetch error: AggregateError
2026/4/19 21:59:01: getting new Url ->  null
2026/4/19 22:00:03 update_uri() -> Fetch error: AggregateError
2026/4/19 22:00:03: getting new Url ->  null
2026/4/19 22:59:01 update_uri() -> Fetch error: AggregateError
2026/4/19 22:59:01: getting new Url ->  null
2026/4/19 23:00:01 update_uri() -> Fetch error: AggregateError
2026/4/19 23:00:01: getting new Url ->  null
2026/4/19 23:59:02 update_uri() -> Fetch error: AggregateError
2026/4/19 23:59:02: getting new Url ->  null
2026/4/20 00:00:02 update_uri() -> Fetch error: AggregateError
2026/4/20 00:00:02: getting new Url ->  null
2026/4/20 00:59:01 update_uri() -> Fetch error: AggregateError
2026/4/20 00:59:01: getting new Url ->  null
2026/4/20 01:00:01 update_uri() -> Fetch error: AggregateError
2026/4/20 01:00:01: getting new Url ->  null
2026/4/20 01:19:47 update_uri() -> Fetch error: AggregateError
2026/4/20 01:19:47: getting new Url ->  null
2026/4/20 08:05:17 update_uri() -> Fetch error: AggregateError
2026/4/20 08:05:17: getting new Url ->  null
2026/4/20 08:59:01 update_uri() -> Fetch error: AggregateError
2026/4/20 08:59:01: getting new Url ->  null
2026/4/20 09:00:01 update_uri() -> Fetch error: AggregateError
2026/4/20 09:00:01: getting new Url ->  null
2026/4/20 09:59:01 update_uri() -> Fetch error: AggregateError
2026/4/20 09:59:01: getting new Url ->  null
2026/4/20 10:00:02 update_uri() -> Fetch error: AggregateError
2026/4/20 10:00:02: getting new Url ->  null
2026/4/20 10:59:04Extracted src: https://fan3.206102.xyz/v2ray免费账号/
2026/4/20 10:59:04: getting new Url ->  https://fan3.206102.xyz/v2ray免费账号/
2026/4/20 10:59:04: parse_data() -> https://fan3.206102.xyz/v2ray免费账号/
2026/4/20 10:59:04: parse_data() -> https://fan3.206102.xyz/ss免费账号/
2026/4/20 11:00:01 update_uri() -> Fetch error: AggregateError
2026/4/20 11:00:01: getting new Url ->  null
2026/4/20 16:59:02 update_uri() -> Fetch error: AggregateError
2026/4/20 16:59:02: getting new Url ->  null
2026/4/20 17:00:02 update_uri() -> Fetch error: AggregateError
2026/4/20 17:00:02: getting new Url ->  null
2026/4/21 20:26:09Extracted src: https://fan3.206102.xyz/v2ray免费账号/
2026/4/21 20:25:56: C:\Users\Administrator\scoop\apps\nodejs24\current\node.exe
2026/4/21 20:26:06: parse_data() -> https://fan3.206102.xyz/v2ray免费账号/
2026/4/21 20:26:06: getting new Url ->  https://fan3.206102.xyz/v2ray免费账号/
2026/4/21 20:26:06: parse_data() -> https://fan3.206102.xyz/ss免费账号/
2026/4/21 20:25:56: nodePaths found in: [{"path":"C:\\Users\\Administrator\\scoop\\apps\\nodejs24\\current\\node.exe","osName":"Windows_NT","error":null},{"path":"C:\\msys64\\ucrt64\\bin\\node","osName":"MINGW32_NT-10.0","error":null},{"path":"C:\\msys64\\ucrt64\\bin\\node.exe","osName":"MINGW32_NT-10.0","error":null}]
2026/4/21 20:26:36: parse.js -> Fetch error: AxiosError: timeout exceeded
2026/4/21 20:39:06: C:\Users\Administrator\scoop\apps\nodejs24\current\node.exe
2026/4/21 20:39:06: nodePaths found in: [{"path":"C:\\Users\\Administrator\\scoop\\apps\\nodejs24\\current\\node.exe","osName":"Windows_NT","error":null},{"path":"C:\\msys64\\ucrt64\\bin\\node","osName":"MINGW32_NT-10.0","error":null},{"path":"C:\\msys64\\ucrt64\\bin\\node.exe","osName":"MINGW32_NT-10.0","error":null}]
2026/4/21 21:13:44Extracted src: https://fan3.206102.xyz/v2ray免费账号/
2026/4/21 21:13:34: nodePaths found in: [{"path":"C:\\Users\\Administrator\\scoop\\apps\\nodejs24\\current\\node.exe","osName":"Windows_NT","error":null},{"path":"C:\\msys64\\ucrt64\\bin\\node","osName":"MINGW32_NT-10.0","error":null},{"path":"C:\\msys64\\ucrt64\\bin\\node.exe","osName":"MINGW32_NT-10.0","error":null}]
2026/4/21 21:13:34: C:\Users\Administrator\scoop\apps\nodejs24\current\node.exe
2026/4/21 21:13:44: getting new Url ->  https://fan3.206102.xyz/v2ray免费账号/
2026/4/21 21:13:44: parse_data() -> https://fan3.206102.xyz/v2ray免费账号/
2026/4/21 21:13:44: parse_data() -> https://fan3.206102.xyz/ss免费账号/
2026/4/21 21:58:37Extracted src: https://fan3.206102.xyz/v2ray免费账号/
2026/4/21 21:58:34: C:\Users\Administrator\scoop\apps\nodejs24\current\node.exe
2026/4/21 21:58:37: parse_data() -> https://fan3.206102.xyz/v2ray免费账号/
2026/4/21 21:58:37: getting new Url ->  https://fan3.206102.xyz/v2ray免费账号/
2026/4/21 21:58:34: nodePaths found in: [{"path":"C:\\Users\\Administrator\\scoop\\apps\\nodejs24\\current\\node.exe","osName":"Windows_NT","error":null},{"path":"C:\\msys64\\ucrt64\\bin\\node","osName":"MINGW32_NT-10.0","error":null},{"path":"C:\\msys64\\ucrt64\\bin\\node.exe","osName":"MINGW32_NT-10.0","error":null}]
2026/4/21 21:58:37: parse_data() -> https://fan3.206102.xyz/ss免费账号/
2026/4/21 22:59:05Extracted src: https://fan3.206102.xyz/v2ray免费账号/
2026/4/21 22:59:03: nodePaths found in: [{"path":"C:\\Users\\Administrator\\scoop\\apps\\nodejs24\\current\\node.exe","osName":"Windows_NT","error":null},{"path":"C:\\msys64\\ucrt64\\bin\\node","osName":"MINGW32_NT-10.0","error":null},{"path":"C:\\msys64\\ucrt64\\bin\\node.exe","osName":"MINGW32_NT-10.0","error":null}]
2026/4/21 22:59:03: C:\Users\Administrator\scoop\apps\nodejs24\current\node.exe
2026/4/21 22:59:05: getting new Url ->  https://fan3.206102.xyz/v2ray免费账号/
2026/4/21 22:59:05: parse_data() -> https://fan3.206102.xyz/v2ray免费账号/
2026/4/21 22:59:05: parse_data() -> https://fan3.206102.xyz/ss免费账号/
2026/4/22 07:46:51 update_uri() -> Fetch error: AxiosError: Request failed with status code 502
2026/4/22 07:46:41: nodePaths found in: [{"path":"C:\\Users\\Administrator\\scoop\\apps\\nodejs24\\current\\node.exe","osName":"Windows_NT","error":null},{"path":"C:\\msys64\\ucrt64\\bin\\node","osName":"MINGW32_NT-10.0","error":null},{"path":"C:\\msys64\\ucrt64\\bin\\node.exe","osName":"MINGW32_NT-10.0","error":null}]
2026/4/22 07:46:51: getting new Url ->  null
2026/4/22 07:46:41: C:\Users\Administrator\scoop\apps\nodejs24\current\node.exe
2026/4/22 08:47:57Extracted src: https://fan3.206102.xyz/v2ray免费账号/
2026/4/22 08:47:54: nodePaths found in: [{"path":"C:\\Users\\Administrator\\scoop\\apps\\nodejs24\\current\\node.exe","osName":"Windows_NT","error":null},{"path":"C:\\msys64\\ucrt64\\bin\\node","osName":"MINGW32_NT-10.0","error":null},{"path":"C:\\msys64\\ucrt64\\bin\\node.exe","osName":"MINGW32_NT-10.0","error":null}]
2026/4/22 08:47:54: C:\Users\Administrator\scoop\apps\nodejs24\current\node.exe
2026/4/22 08:47:57: getting new Url ->  https://fan3.206102.xyz/v2ray免费账号/
2026/4/22 08:47:57: parse_data() -> https://fan3.206102.xyz/ss免费账号/
2026/4/22 08:47:57: parse_data() -> https://fan3.206102.xyz/v2ray免费账号/
2026/4/22 09:48:56Extracted src: https://fan3.206102.xyz/v2ray免费账号/
2026/4/22 09:48:53: nodePaths found in: [{"path":"C:\\Users\\Administrator\\scoop\\apps\\nodejs24\\current\\node.exe","osName":"Windows_NT","error":null},{"path":"C:\\msys64\\ucrt64\\bin\\node","osName":"MINGW32_NT-10.0","error":null},{"path":"C:\\msys64\\ucrt64\\bin\\node.exe","osName":"MINGW32_NT-10.0","error":null}]
2026/4/22 09:48:56: getting new Url ->  https://fan3.206102.xyz/v2ray免费账号/
2026/4/22 09:48:56: parse_data() -> https://fan3.206102.xyz/v2ray免费账号/
2026/4/22 09:48:53: C:\Users\Administrator\scoop\apps\nodejs24\current\node.exe
2026/4/22 09:48:56: parse_data() -> https://fan3.206102.xyz/ss免费账号/
2026/4/22 11:09:35 update_uri() -> Fetch error: AxiosError: Request failed with status code 502
2026/4/22 11:09:35: nodePaths found in: [{"path":"C:\\Users\\Administrator\\scoop\\apps\\nodejs24\\current\\node.exe","osName":"Windows_NT","error":null},{"path":"C:\\msys64\\ucrt64\\bin\\node","osName":"MINGW32_NT-10.0","error":null},{"path":"C:\\msys64\\ucrt64\\bin\\node.exe","osName":"MINGW32_NT-10.0","error":null}]
2026/4/22 11:09:35: C:\Users\Administrator\scoop\apps\nodejs24\current\node.exe
2026/4/22 11:09:35: getting new Url ->  null
2026/4/22 11:32:02 update_uri() -> Fetch error: AxiosError: Request failed with status code 502
2026/4/22 11:31:57: C:\Users\Administrator\scoop\apps\nodejs24\current\node.exe
2026/4/22 11:31:57: nodePaths found in: [{"path":"C:\\Users\\Administrator\\scoop\\apps\\nodejs24\\current\\node.exe","osName":"Windows_NT","error":null},{"path":"C:\\msys64\\ucrt64\\bin\\node","osName":"MINGW32_NT-10.0","error":null},{"path":"C:\\msys64\\ucrt64\\bin\\node.exe","osName":"MINGW32_NT-10.0","error":null}]
2026/4/22 11:32:02: getting new Url ->  null
2026/4/22 12:10:23 update_uri() -> Fetch error: AxiosError: Request failed with status code 502
2026/4/22 12:10:22: nodePaths found in: [{"path":"C:\\Users\\Administrator\\scoop\\apps\\nodejs24\\current\\node.exe","osName":"Windows_NT","error":null},{"path":"C:\\msys64\\ucrt64\\bin\\node","osName":"MINGW32_NT-10.0","error":null},{"path":"C:\\msys64\\ucrt64\\bin\\node.exe","osName":"MINGW32_NT-10.0","error":null}]
2026/4/22 12:10:22: C:\Users\Administrator\scoop\apps\nodejs24\current\node.exe
2026/4/22 12:10:23: getting new Url ->  null
2026/4/22 13:11:11Extracted src: https://fan3.206102.xyz/v2ray免费账号/
2026/4/22 13:11:08: nodePaths found in: [{"path":"C:\\Users\\Administrator\\scoop\\apps\\nodejs24\\current\\node.exe","osName":"Windows_NT","error":null},{"path":"C:\\msys64\\ucrt64\\bin\\node","osName":"MINGW32_NT-10.0","error":null},{"path":"C:\\msys64\\ucrt64\\bin\\node.exe","osName":"MINGW32_NT-10.0","error":null}]
2026/4/22 13:11:08: C:\Users\Administrator\scoop\apps\nodejs24\current\node.exe
2026/4/22 13:11:11: getting new Url ->  https://fan3.206102.xyz/v2ray免费账号/
2026/4/22 13:11:11: parse_data() -> https://fan3.206102.xyz/ss免费账号/
2026/4/22 13:11:11: parse_data() -> https://fan3.206102.xyz/v2ray免费账号/
2026/4/22 14:12:10Extracted src: https://fan3.206102.xyz/v2ray免费账号/
2026/4/22 14:12:08: nodePaths found in: [{"path":"C:\\Users\\Administrator\\scoop\\apps\\nodejs24\\current\\node.exe","osName":"Windows_NT","error":null},{"path":"C:\\msys64\\ucrt64\\bin\\node","osName":"MINGW32_NT-10.0","error":null},{"path":"C:\\msys64\\ucrt64\\bin\\node.exe","osName":"MINGW32_NT-10.0","error":null}]
2026/4/22 14:12:08: C:\Users\Administrator\scoop\apps\nodejs24\current\node.exe
2026/4/22 14:12:10: getting new Url ->  https://fan3.206102.xyz/v2ray免费账号/
2026/4/22 14:12:10: parse_data() -> https://fan3.206102.xyz/v2ray免费账号/
2026/4/22 14:12:10: parse_data() -> https://fan3.206102.xyz/ss免费账号/
2026/4/22 15:13:12Extracted src: https://fan3.206102.xyz/v2ray免费账号/
2026/4/22 15:13:09: nodePaths found in: [{"path":"C:\\Users\\Administrator\\scoop\\apps\\nodejs24\\current\\node.exe","osName":"Windows_NT","error":null},{"path":"C:\\msys64\\ucrt64\\bin\\node","osName":"MINGW32_NT-10.0","error":null},{"path":"C:\\msys64\\ucrt64\\bin\\node.exe","osName":"MINGW32_NT-10.0","error":null}]
2026/4/22 15:13:09: C:\Users\Administrator\scoop\apps\nodejs24\current\node.exe
2026/4/22 15:13:12: getting new Url ->  https://fan3.206102.xyz/v2ray免费账号/
2026/4/22 15:13:12: parse_data() -> https://fan3.206102.xyz/ss免费账号/
2026/4/22 15:13:12: parse_data() -> https://fan3.206102.xyz/v2ray免费账号/
2026/4/22 16:27:29 update_uri() -> Fetch error: Error: read ECONNRESET
2026/4/22 16:27:35 update_uri() -> Fetch error: AxiosError: Request failed with status code 502
2026/4/22 16:27:35: C:\Users\Administrator\scoop\apps\nodejs24\current\node.exe
2026/4/22 16:27:35: getting new Url ->  null
2026/4/22 16:27:35: nodePaths found in: [{"path":"C:\\Users\\Administrator\\scoop\\apps\\nodejs24\\current\\node.exe","osName":"Windows_NT","error":null},{"path":"C:\\msys64\\ucrt64\\bin\\node","osName":"MINGW32_NT-10.0","error":null},{"path":"C:\\msys64\\ucrt64\\bin\\node.exe","osName":"MINGW32_NT-10.0","error":null}]
2026/4/22 16:30:48 update_uri() -> Fetch error: AxiosError: Request failed with status code 502
2026/4/22 16:30:38: C:\Users\Administrator\scoop\apps\nodejs24\current\node.exe
2026/4/22 16:30:48: getting new Url ->  null
2026/4/22 16:30:38: nodePaths found in: [{"path":"C:\\Users\\Administrator\\scoop\\apps\\nodejs24\\current\\node.exe","osName":"Windows_NT","error":null},{"path":"C:\\msys64\\ucrt64\\bin\\node","osName":"MINGW32_NT-10.0","error":null},{"path":"C:\\msys64\\ucrt64\\bin\\node.exe","osName":"MINGW32_NT-10.0","error":null}]
2026/4/22 17:31:09 update_uri() -> Fetch error: AxiosError: Request failed with status code 502
2026/4/22 17:31:09: nodePaths found in: [{"path":"C:\\Users\\Administrator\\scoop\\apps\\nodejs24\\current\\node.exe","osName":"Windows_NT","error":null},{"path":"C:\\msys64\\ucrt64\\bin\\node","osName":"MINGW32_NT-10.0","error":null},{"path":"C:\\msys64\\ucrt64\\bin\\node.exe","osName":"MINGW32_NT-10.0","error":null}]
2026/4/22 17:31:09: getting new Url ->  null
2026/4/22 17:31:09: C:\Users\Administrator\scoop\apps\nodejs24\current\node.exe
2026/4/22 17:46:58 update_uri() -> Fetch error: AxiosError: Request failed with status code 502
2026/4/22 17:46:58: nodePaths found in: [{"path":"C:\\Users\\Administrator\\scoop\\apps\\nodejs24\\current\\node.exe","osName":"Windows_NT","error":null},{"path":"C:\\msys64\\ucrt64\\bin\\node","osName":"MINGW32_NT-10.0","error":null},{"path":"C:\\msys64\\ucrt64\\bin\\node.exe","osName":"MINGW32_NT-10.0","error":null}]
2026/4/22 17:46:58: C:\Users\Administrator\scoop\apps\nodejs24\current\node.exe
2026/4/22 17:46:58: getting new Url ->  null
2026/4/22 17:48:03 update_uri() -> Fetch error: AxiosError: Request failed with status code 502
2026/4/22 17:48:03: nodePaths found in: [{"path":"C:\\Users\\Administrator\\scoop\\apps\\nodejs24\\current\\node.exe","osName":"Windows_NT","error":null},{"path":"C:\\msys64\\ucrt64\\bin\\node","osName":"MINGW32_NT-10.0","error":null},{"path":"C:\\msys64\\ucrt64\\bin\\node.exe","osName":"MINGW32_NT-10.0","error":null}]
2026/4/22 17:48:03: getting new Url ->  null
2026/4/22 17:48:03: C:\Users\Administrator\scoop\apps\nodejs24\current\node.exe
2026/4/22 17:48:52 update_uri() -> Fetch error: AxiosError: Request failed with status code 502
2026/4/22 17:48:52: nodePaths found in: [{"path":"C:\\Users\\Administrator\\scoop\\apps\\nodejs24\\current\\node.exe","osName":"Windows_NT","error":null},{"path":"C:\\msys64\\ucrt64\\bin\\node","osName":"MINGW32_NT-10.0","error":null},{"path":"C:\\msys64\\ucrt64\\bin\\node.exe","osName":"MINGW32_NT-10.0","error":null}]
2026/4/22 17:48:52: getting new Url ->  null
2026/4/22 17:48:52: C:\Users\Administrator\scoop\apps\nodejs24\current\node.exe
2026/4/22 17:55:36 update_uri() -> Fetch error: AxiosError: Request failed with status code 502
2026/4/22 17:55:36: nodePaths found in: [{"path":"C:\\Users\\Administrator\\scoop\\apps\\nodejs24\\current\\node.exe","osName":"Windows_NT","error":null},{"path":"C:\\msys64\\ucrt64\\bin\\node","osName":"MINGW32_NT-10.0","error":null},{"path":"C:\\msys64\\ucrt64\\bin\\node.exe","osName":"MINGW32_NT-10.0","error":null}]
2026/4/22 17:55:36: C:\Users\Administrator\scoop\apps\nodejs24\current\node.exe
2026/4/22 17:55:36: getting new Url ->  null
2026/4/22 17:55:49 update_uri() -> Fetch error: AxiosError: Request failed with status code 502
2026/4/22 17:55:49: nodePaths found in: [{"path":"C:\\Users\\Administrator\\scoop\\apps\\nodejs24\\current\\node.exe","osName":"Windows_NT","error":null},{"path":"C:\\msys64\\ucrt64\\bin\\node","osName":"MINGW32_NT-10.0","error":null},{"path":"C:\\msys64\\ucrt64\\bin\\node.exe","osName":"MINGW32_NT-10.0","error":null}]
2026/4/22 17:55:49: C:\Users\Administrator\scoop\apps\nodejs24\current\node.exe
2026/4/22 17:55:49: getting new Url ->  null
2026/4/22 17:56:02 update_uri() -> Fetch error: AxiosError: Request failed with status code 502
2026/4/22 17:56:02: C:\Users\Administrator\scoop\apps\nodejs24\current\node.exe
2026/4/22 17:56:02: nodePaths found in: [{"path":"C:\\Users\\Administrator\\scoop\\apps\\nodejs24\\current\\node.exe","osName":"Windows_NT","error":null},{"path":"C:\\msys64\\ucrt64\\bin\\node","osName":"MINGW32_NT-10.0","error":null},{"path":"C:\\msys64\\ucrt64\\bin\\node.exe","osName":"MINGW32_NT-10.0","error":null}]
2026/4/22 17:56:02: getting new Url ->  null
2026/4/22 18:00:47 update_uri() -> Fetch error: AxiosError: Request failed with status code 502
2026/4/22 18:00:47: C:\Users\Administrator\scoop\apps\nodejs24\current\node.exe
2026/4/22 18:00:47: nodePaths found in: [{"path":"C:\\Users\\Administrator\\scoop\\apps\\nodejs24\\current\\node.exe","osName":"Windows_NT","error":null},{"path":"C:\\msys64\\ucrt64\\bin\\node","osName":"MINGW32_NT-10.0","error":null},{"path":"C:\\msys64\\ucrt64\\bin\\node.exe","osName":"MINGW32_NT-10.0","error":null}]
2026/4/22 18:00:47: getting new Url ->  null
2026/4/22 18:00:59 update_uri() -> Fetch error: AxiosError: Request failed with status code 502
2026/4/22 18:00:58: nodePaths found in: [{"path":"C:\\Users\\Administrator\\scoop\\apps\\nodejs24\\current\\node.exe","osName":"Windows_NT","error":null},{"path":"C:\\msys64\\ucrt64\\bin\\node","osName":"MINGW32_NT-10.0","error":null},{"path":"C:\\msys64\\ucrt64\\bin\\node.exe","osName":"MINGW32_NT-10.0","error":null}]
2026/4/22 18:00:59: getting new Url ->  null
2026/4/22 18:00:58: C:\Users\Administrator\scoop\apps\nodejs24\current\node.exe
2026/4/22 18:01:27 update_uri() -> Fetch error: AxiosError: Request failed with status code 502
2026/4/22 18:01:27: nodePaths found in: [{"path":"C:\\Users\\Administrator\\scoop\\apps\\nodejs24\\current\\node.exe","osName":"Windows_NT","error":null},{"path":"C:\\msys64\\ucrt64\\bin\\node","osName":"MINGW32_NT-10.0","error":null},{"path":"C:\\msys64\\ucrt64\\bin\\node.exe","osName":"MINGW32_NT-10.0","error":null}]
2026/4/22 18:01:27: C:\Users\Administrator\scoop\apps\nodejs24\current\node.exe
2026/4/22 18:01:27: getting new Url ->  null
2026/4/22 20:03:22Extracted src: https://fan3.206102.xyz/v2ray免费账号/
2026/4/22 20:03:18: nodePaths found in: [{"path":"C:\\Users\\Administrator\\scoop\\apps\\nodejs24\\current\\node.exe","osName":"Windows_NT","error":null},{"path":"C:\\msys64\\ucrt64\\bin\\node","osName":"MINGW32_NT-10.0","error":null},{"path":"C:\\msys64\\ucrt64\\bin\\node.exe","osName":"MINGW32_NT-10.0","error":null}]
2026/4/22 20:03:18: C:\Users\Administrator\scoop\apps\nodejs24\current\node.exe
2026/4/22 20:03:22: getting new Url ->  https://fan3.206102.xyz/v2ray免费账号/
2026/4/22 20:03:22: parse_data() -> https://fan3.206102.xyz/v2ray免费账号/
2026/4/22 20:03:22: parse_data() -> https://fan3.206102.xyz/ss免费账号/
2026/4/22 21:04:15 update_uri() -> Fetch error: AxiosError: Request failed with status code 502
2026/4/22 21:04:09: nodePaths found in: [{"path":"C:\\Users\\Administrator\\scoop\\apps\\nodejs24\\current\\node.exe","osName":"Windows_NT","error":null},{"path":"C:\\msys64\\ucrt64\\bin\\node","osName":"MINGW32_NT-10.0","error":null},{"path":"C:\\msys64\\ucrt64\\bin\\node.exe","osName":"MINGW32_NT-10.0","error":null}]
2026/4/22 21:04:15: getting new Url ->  null
2026/4/22 21:04:09: C:\Users\Administrator\scoop\apps\nodejs24\current\node.exe
2026/4/23 09:59:09 update_uri() -> Fetch error: AxiosError: Request failed with status code 502
2026/4/23 09:59:09: nodePaths found in: [{"path":"C:\\Users\\Administrator\\scoop\\apps\\nodejs24\\current\\node.exe","osName":"Windows_NT","error":null},{"path":"C:\\msys64\\ucrt64\\bin\\node","osName":"MINGW32_NT-10.0","error":null},{"path":"C:\\msys64\\ucrt64\\bin\\node.exe","osName":"MINGW32_NT-10.0","error":null}]
2026/4/23 09:59:09: C:\Users\Administrator\scoop\apps\nodejs24\current\node.exe
2026/4/23 09:59:09: getting new Url ->  null
2026/4/23 10:01:30Extracted src: https://fan3.206102.xyz/v2ray免费账号/
2026/4/23 10:01:19: nodePaths found in: [{"path":"C:\\Users\\Administrator\\scoop\\apps\\nodejs24\\current\\node.exe","osName":"Windows_NT","error":null},{"path":"C:\\msys64\\ucrt64\\bin\\node","osName":"MINGW32_NT-10.0","error":null},{"path":"C:\\msys64\\ucrt64\\bin\\node.exe","osName":"MINGW32_NT-10.0","error":null}]
2026/4/23 10:01:19: C:\Users\Administrator\scoop\apps\nodejs24\current\node.exe
2026/4/23 10:01:30: getting new Url ->  https://fan3.206102.xyz/v2ray免费账号/
2026/4/23 10:01:30: parse_data() -> https://fan3.206102.xyz/v2ray免费账号/
2026/4/23 10:01:30: parse_data() -> https://fan3.206102.xyz/ss免费账号/
2026/4/23 11:01:56Extracted src: https://fan3.206102.xyz/v2ray免费账号/
2026/4/23 11:01:53: nodePaths found in: [{"path":"C:\\Users\\Administrator\\scoop\\apps\\nodejs24\\current\\node.exe","osName":"Windows_NT","error":null},{"path":"C:\\msys64\\ucrt64\\bin\\node","osName":"MINGW32_NT-10.0","error":null},{"path":"C:\\msys64\\ucrt64\\bin\\node.exe","osName":"MINGW32_NT-10.0","error":null}]
2026/4/23 11:01:56: getting new Url ->  https://fan3.206102.xyz/v2ray免费账号/
2026/4/23 11:01:53: C:\Users\Administrator\scoop\apps\nodejs24\current\node.exe
2026/4/23 11:01:56: parse_data() -> https://fan3.206102.xyz/v2ray免费账号/
2026/4/23 11:01:56: parse_data() -> https://fan3.206102.xyz/ss免费账号/
2026/4/23 12:03:00Extracted src: https://fan3.206102.xyz/v2ray免费账号/
2026/4/23 12:02:57: nodePaths found in: [{"path":"C:\\Users\\Administrator\\scoop\\apps\\nodejs24\\current\\node.exe","osName":"Windows_NT","error":null},{"path":"C:\\msys64\\ucrt64\\bin\\node","osName":"MINGW32_NT-10.0","error":null},{"path":"C:\\msys64\\ucrt64\\bin\\node.exe","osName":"MINGW32_NT-10.0","error":null}]
2026/4/23 12:03:00: getting new Url ->  https://fan3.206102.xyz/v2ray免费账号/
2026/4/23 12:02:57: C:\Users\Administrator\scoop\apps\nodejs24\current\node.exe
2026/4/23 12:03:00: parse_data() -> https://fan3.206102.xyz/v2ray免费账号/
2026/4/23 12:03:00: parse_data() -> https://fan3.206102.xyz/ss免费账号/
2026/4/23 13:03:55Extracted src: https://fan3.206102.xyz/v2ray免费账号/
2026/4/23 13:03:52: nodePaths found in: [{"path":"C:\\Users\\Administrator\\scoop\\apps\\nodejs24\\current\\node.exe","osName":"Windows_NT","error":null},{"path":"C:\\msys64\\ucrt64\\bin\\node","osName":"MINGW32_NT-10.0","error":null},{"path":"C:\\msys64\\ucrt64\\bin\\node.exe","osName":"MINGW32_NT-10.0","error":null}]
2026/4/23 13:03:55: parse_data() -> https://fan3.206102.xyz/ss免费账号/
2026/4/23 13:03:55: parse_data() -> https://fan3.206102.xyz/v2ray免费账号/
2026/4/23 13:03:55: getting new Url ->  https://fan3.206102.xyz/v2ray免费账号/
2026/4/23 13:03:52: C:\Users\Administrator\scoop\apps\nodejs24\current\node.exe
2026/4/23 14:04:25Extracted src: https://fan3.206102.xyz/v2ray免费账号/
2026/4/23 14:04:22: nodePaths found in: [{"path":"C:\\Users\\Administrator\\scoop\\apps\\nodejs24\\current\\node.exe","osName":"Windows_NT","error":null},{"path":"C:\\msys64\\ucrt64\\bin\\node","osName":"MINGW32_NT-10.0","error":null},{"path":"C:\\msys64\\ucrt64\\bin\\node.exe","osName":"MINGW32_NT-10.0","error":null}]
2026/4/23 14:04:25: parse_data() -> https://fan3.206102.xyz/v2ray免费账号/
2026/4/23 14:04:25: getting new Url ->  https://fan3.206102.xyz/v2ray免费账号/
2026/4/23 14:04:22: C:\Users\Administrator\scoop\apps\nodejs24\current\node.exe
2026/4/23 14:04:25: parse_data() -> https://fan3.206102.xyz/ss免费账号/
2026/4/23 15:04:55Extracted src: https://fan3.206102.xyz/v2ray免费账号/
2026/4/23 15:04:52: nodePaths found in: [{"path":"C:\\Users\\Administrator\\scoop\\apps\\nodejs24\\current\\node.exe","osName":"Windows_NT","error":null},{"path":"C:\\msys64\\ucrt64\\bin\\node","osName":"MINGW32_NT-10.0","error":null},{"path":"C:\\msys64\\ucrt64\\bin\\node.exe","osName":"MINGW32_NT-10.0","error":null}]
2026/4/23 15:04:52: C:\Users\Administrator\scoop\apps\nodejs24\current\node.exe
2026/4/23 15:04:55: getting new Url ->  https://fan3.206102.xyz/v2ray免费账号/
2026/4/23 15:04:55: parse_data() -> https://fan3.206102.xyz/ss免费账号/
2026/4/23 15:04:55: parse_data() -> https://fan3.206102.xyz/v2ray免费账号/
2026/4/23 18:08:05Extracted src: https://fan3.206102.xyz/v2ray免费账号/
2026/4/23 18:07:56: C:\Users\Administrator\scoop\apps\nodejs24\current\node.exe
2026/4/23 18:07:56: nodePaths found in: [{"path":"C:\\Users\\Administrator\\scoop\\apps\\nodejs24\\current\\node.exe","osName":"Windows_NT","error":null},{"path":"C:\\msys64\\ucrt64\\bin\\node","osName":"MINGW32_NT-10.0","error":null},{"path":"C:\\msys64\\ucrt64\\bin\\node.exe","osName":"MINGW32_NT-10.0","error":null}]
2026/4/23 18:08:05: parse_data() -> https://fan3.206102.xyz/v2ray免费账号/
2026/4/23 18:08:05: getting new Url ->  https://fan3.206102.xyz/v2ray免费账号/
2026/4/23 18:08:05: parse_data() -> https://fan3.206102.xyz/ss免费账号/
2026/4/23 19:08:27Extracted src: https://fan3.206102.xyz/v2ray免费账号/
2026/4/23 19:08:25: nodePaths found in: [{"path":"C:\\Users\\Administrator\\scoop\\apps\\nodejs24\\current\\node.exe","osName":"Windows_NT","error":null},{"path":"C:\\msys64\\ucrt64\\bin\\node","osName":"MINGW32_NT-10.0","error":null},{"path":"C:\\msys64\\ucrt64\\bin\\node.exe","osName":"MINGW32_NT-10.0","error":null}]
2026/4/23 19:08:25: C:\Users\Administrator\scoop\apps\nodejs24\current\node.exe
2026/4/23 19:08:27: getting new Url ->  https://fan3.206102.xyz/v2ray免费账号/
2026/4/23 19:08:27: parse_data() -> https://fan3.206102.xyz/v2ray免费账号/
2026/4/23 19:08:27: parse_data() -> https://fan3.206102.xyz/ss免费账号/
2026/4/23 21:10:05Extracted src: https://fan3.206102.xyz/v2ray免费账号/
2026/4/23 21:10:03: nodePaths found in: [{"path":"C:\\Users\\Administrator\\scoop\\apps\\nodejs24\\current\\node.exe","osName":"Windows_NT","error":null},{"path":"C:\\msys64\\ucrt64\\bin\\node","osName":"MINGW32_NT-10.0","error":null},{"path":"C:\\msys64\\ucrt64\\bin\\node.exe","osName":"MINGW32_NT-10.0","error":null}]
2026/4/23 21:10:03: C:\Users\Administrator\scoop\apps\nodejs24\current\node.exe
2026/4/23 21:10:05: getting new Url ->  https://fan3.206102.xyz/v2ray免费账号/
2026/4/23 21:10:05: parse_data() -> https://fan3.206102.xyz/ss免费账号/
2026/4/23 21:10:05: parse_data() -> https://fan3.206102.xyz/v2ray免费账号/
2026/4/23 22:10:59Extracted src: https://fan3.206102.xyz/v2ray免费账号/
2026/4/23 22:10:56: nodePaths found in: [{"path":"C:\\Users\\Administrator\\scoop\\apps\\nodejs24\\current\\node.exe","osName":"Windows_NT","error":null},{"path":"C:\\msys64\\ucrt64\\bin\\node","osName":"MINGW32_NT-10.0","error":null},{"path":"C:\\msys64\\ucrt64\\bin\\node.exe","osName":"MINGW32_NT-10.0","error":null}]
2026/4/23 22:11:00: getting new Url ->  https://fan3.206102.xyz/v2ray免费账号/
2026/4/23 22:10:56: C:\Users\Administrator\scoop\apps\nodejs24\current\node.exe
2026/4/23 22:11:00: parse_data() -> https://fan3.206102.xyz/v2ray免费账号/
2026/4/23 22:11:00: parse_data() -> https://fan3.206102.xyz/ss免费账号/
2026/4/23 23:12:02Extracted src: https://fan3.206102.xyz/v2ray免费账号/
2026/4/23 23:11:55: nodePaths found in: [{"path":"C:\\Users\\Administrator\\scoop\\apps\\nodejs24\\current\\node.exe","osName":"Windows_NT","error":null},{"path":"C:\\msys64\\ucrt64\\bin\\node","osName":"MINGW32_NT-10.0","error":null},{"path":"C:\\msys64\\ucrt64\\bin\\node.exe","osName":"MINGW32_NT-10.0","error":null}]
2026/4/23 23:11:55: C:\Users\Administrator\scoop\apps\nodejs24\current\node.exe
2026/4/23 23:12:02: parse_data() -> https://fan3.206102.xyz/v2ray免费账号/
2026/4/23 23:12:02: getting new Url ->  https://fan3.206102.xyz/v2ray免费账号/
2026/4/23 23:12:02: parse_data() -> https://fan3.206102.xyz/ss免费账号/
2026/4/24 09:25:53 update_uri() -> Fetch error: AxiosError: Request failed with status code 502
2026/4/24 09:25:53: nodePaths found in: [{"path":"C:\\Users\\Administrator\\scoop\\apps\\nodejs24\\current\\node.exe","osName":"Windows_NT","error":null},{"path":"C:\\msys64\\ucrt64\\bin\\node","osName":"MINGW32_NT-10.0","error":null},{"path":"C:\\msys64\\ucrt64\\bin\\node.exe","osName":"MINGW32_NT-10.0","error":null}]
2026/4/24 09:25:53: C:\Users\Administrator\scoop\apps\nodejs24\current\node.exe
2026/4/24 09:25:53: getting new Url ->  null
2026/4/24 09:27:36 update_uri() -> Fetch error: AxiosError: Request failed with status code 502
2026/4/24 09:27:31: nodePaths found in: [{"path":"C:\\Users\\Administrator\\scoop\\apps\\nodejs24\\current\\node.exe","osName":"Windows_NT","error":null},{"path":"C:\\msys64\\ucrt64\\bin\\node","osName":"MINGW32_NT-10.0","error":null},{"path":"C:\\msys64\\ucrt64\\bin\\node.exe","osName":"MINGW32_NT-10.0","error":null}]
2026/4/24 09:27:31: C:\Users\Administrator\scoop\apps\nodejs24\current\node.exe
2026/4/24 09:27:36: getting new Url ->  null
2026/4/24 10:28:12 update_uri() -> Fetch error: AxiosError: Request failed with status code 502
2026/4/24 10:28:07: nodePaths found in: [{"path":"C:\\Users\\Administrator\\scoop\\apps\\nodejs24\\current\\node.exe","osName":"Windows_NT","error":null},{"path":"C:\\msys64\\ucrt64\\bin\\node","osName":"MINGW32_NT-10.0","error":null},{"path":"C:\\msys64\\ucrt64\\bin\\node.exe","osName":"MINGW32_NT-10.0","error":null}]
2026/4/24 10:28:07: C:\Users\Administrator\scoop\apps\nodejs24\current\node.exe
2026/4/24 10:28:12: getting new Url ->  null
2026/4/24 11:29:08 update_uri() -> Fetch error: AxiosError: Request failed with status code 502
2026/4/24 11:29:03: nodePaths found in: [{"path":"C:\\Users\\Administrator\\scoop\\apps\\nodejs24\\current\\node.exe","osName":"Windows_NT","error":null},{"path":"C:\\msys64\\ucrt64\\bin\\node","osName":"MINGW32_NT-10.0","error":null},{"path":"C:\\msys64\\ucrt64\\bin\\node.exe","osName":"MINGW32_NT-10.0","error":null}]
2026/4/24 11:29:03: C:\Users\Administrator\scoop\apps\nodejs24\current\node.exe
2026/4/24 11:29:08: getting new Url ->  null
2026/4/24 12:29:37 update_uri() -> Fetch error: AxiosError: Request failed with status code 502
2026/4/24 12:29:31: nodePaths found in: [{"path":"C:\\Users\\Administrator\\scoop\\apps\\nodejs24\\current\\node.exe","osName":"Windows_NT","error":null},{"path":"C:\\msys64\\ucrt64\\bin\\node","osName":"MINGW32_NT-10.0","error":null},{"path":"C:\\msys64\\ucrt64\\bin\\node.exe","osName":"MINGW32_NT-10.0","error":null}]
2026/4/24 12:29:31: C:\Users\Administrator\scoop\apps\nodejs24\current\node.exe
2026/4/24 12:29:37: getting new Url ->  null
2026/4/24 13:27:49Extracted src: https://fan3.206102.xyz/v2ray免费账号/
2026/4/24 13:27:46: nodePaths found in: [{"path":"C:\\Users\\Administrator\\scoop\\apps\\nodejs24\\current\\node.exe","osName":"Windows_NT","error":null},{"path":"C:\\msys64\\ucrt64\\bin\\node","osName":"MINGW32_NT-10.0","error":null},{"path":"C:\\msys64\\ucrt64\\bin\\node.exe","osName":"MINGW32_NT-10.0","error":null}]
2026/4/24 13:27:46: C:\Users\Administrator\scoop\apps\nodejs24\current\node.exe
2026/4/24 13:27:49: parse_data() -> https://fan3.206102.xyz/v2ray免费账号/
2026/4/24 13:27:49: getting new Url ->  https://fan3.206102.xyz/v2ray免费账号/
2026/4/24 13:27:49: parse_data() -> https://fan3.206102.xyz/ss免费账号/
2026/4/24 14:28:09 update_uri() -> Fetch error: AxiosError: Request failed with status code 502
2026/4/24 14:28:04: nodePaths found in: [{"path":"C:\\Users\\Administrator\\scoop\\apps\\nodejs24\\current\\node.exe","osName":"Windows_NT","error":null},{"path":"C:\\msys64\\ucrt64\\bin\\node","osName":"MINGW32_NT-10.0","error":null},{"path":"C:\\msys64\\ucrt64\\bin\\node.exe","osName":"MINGW32_NT-10.0","error":null}]
2026/4/24 14:28:04: C:\Users\Administrator\scoop\apps\nodejs24\current\node.exe
2026/4/24 14:28:09: getting new Url ->  null
2026/4/24 17:56:43 update_uri() -> Fetch error: AxiosError: Request failed with status code 502
2026/4/24 17:56:38: C:\Users\Administrator\scoop\apps\nodejs24\current\node.exe
2026/4/24 17:56:38: nodePaths found in: [{"path":"C:\\Users\\Administrator\\scoop\\apps\\nodejs24\\current\\node.exe","osName":"Windows_NT","error":null},{"path":"C:\\msys64\\ucrt64\\bin\\node","osName":"MINGW32_NT-10.0","error":null},{"path":"C:\\msys64\\ucrt64\\bin\\node.exe","osName":"MINGW32_NT-10.0","error":null}]
2026/4/24 17:56:43: getting new Url ->  null
2026/4/24 18:57:46 update_uri() -> Fetch error: AxiosError: Request failed with status code 502
2026/4/24 18:57:41: C:\Users\Administrator\scoop\apps\nodejs24\current\node.exe
2026/4/24 18:57:41: nodePaths found in: [{"path":"C:\\Users\\Administrator\\scoop\\apps\\nodejs24\\current\\node.exe","osName":"Windows_NT","error":null},{"path":"C:\\msys64\\ucrt64\\bin\\node","osName":"MINGW32_NT-10.0","error":null},{"path":"C:\\msys64\\ucrt64\\bin\\node.exe","osName":"MINGW32_NT-10.0","error":null}]
2026/4/24 18:57:46: getting new Url ->  null
2026/4/24 19:58:09 update_uri() -> Fetch error: AxiosError: Request failed with status code 502
2026/4/24 19:58:04: nodePaths found in: [{"path":"C:\\Users\\Administrator\\scoop\\apps\\nodejs24\\current\\node.exe","osName":"Windows_NT","error":null},{"path":"C:\\msys64\\ucrt64\\bin\\node","osName":"MINGW32_NT-10.0","error":null},{"path":"C:\\msys64\\ucrt64\\bin\\node.exe","osName":"MINGW32_NT-10.0","error":null}]
2026/4/24 19:58:09: getting new Url ->  null
2026/4/24 19:58:04: C:\Users\Administrator\scoop\apps\nodejs24\current\node.exe
2026/4/24 20:59:06 update_uri() -> Fetch error: AxiosError: Request failed with status code 502
2026/4/24 20:59:06: nodePaths found in: [{"path":"C:\\Users\\Administrator\\scoop\\apps\\nodejs24\\current\\node.exe","osName":"Windows_NT","error":null},{"path":"C:\\msys64\\ucrt64\\bin\\node","osName":"MINGW32_NT-10.0","error":null},{"path":"C:\\msys64\\ucrt64\\bin\\node.exe","osName":"MINGW32_NT-10.0","error":null}]
2026/4/24 20:59:06: C:\Users\Administrator\scoop\apps\nodejs24\current\node.exe
2026/4/24 20:59:06: getting new Url ->  null
2026/4/24 21:01:04 update_uri() -> Fetch error: AxiosError: Request failed with status code 502
2026/4/24 21:01:03: nodePaths found in: [{"path":"C:\\Users\\Administrator\\scoop\\apps\\nodejs24\\current\\node.exe","osName":"Windows_NT","error":null},{"path":"C:\\msys64\\ucrt64\\bin\\node","osName":"MINGW32_NT-10.0","error":null},{"path":"C:\\msys64\\ucrt64\\bin\\node.exe","osName":"MINGW32_NT-10.0","error":null}]
2026/4/24 21:01:03: C:\Users\Administrator\scoop\apps\nodejs24\current\node.exe
2026/4/24 21:01:04: getting new Url ->  null
2026/4/24 22:02:06Extracted src: https://fan3.206102.xyz/v2ray免费账号/
2026/4/24 22:02:03: C:\Users\Administrator\scoop\apps\nodejs24\current\node.exe
2026/4/24 22:02:03: nodePaths found in: [{"path":"C:\\Users\\Administrator\\scoop\\apps\\nodejs24\\current\\node.exe","osName":"Windows_NT","error":null},{"path":"C:\\msys64\\ucrt64\\bin\\node","osName":"MINGW32_NT-10.0","error":null},{"path":"C:\\msys64\\ucrt64\\bin\\node.exe","osName":"MINGW32_NT-10.0","error":null}]
2026/4/24 22:02:06: getting new Url ->  https://fan3.206102.xyz/v2ray免费账号/
2026/4/24 22:02:06: parse_data() -> https://fan3.206102.xyz/v2ray免费账号/
2026/4/24 22:02:06: parse_data() -> https://fan3.206102.xyz/ss免费账号/
2026/4/24 23:03:08Extracted src: https://fan3.206102.xyz/v2ray免费账号/
2026/4/24 23:03:04: nodePaths found in: [{"path":"C:\\Users\\Administrator\\scoop\\apps\\nodejs24\\current\\node.exe","osName":"Windows_NT","error":null},{"path":"C:\\msys64\\ucrt64\\bin\\node","osName":"MINGW32_NT-10.0","error":null},{"path":"C:\\msys64\\ucrt64\\bin\\node.exe","osName":"MINGW32_NT-10.0","error":null}]
2026/4/24 23:03:04: C:\Users\Administrator\scoop\apps\nodejs24\current\node.exe
2026/4/24 23:03:08: parse_data() -> https://fan3.206102.xyz/v2ray免费账号/
2026/4/24 23:03:08: parse_data() -> https://fan3.206102.xyz/ss免费账号/
2026/4/24 23:03:08: getting new Url ->  https://fan3.206102.xyz/v2ray免费账号/
2026/4/25 00:04:08Extracted src: https://fan3.206102.xyz/v2ray免费账号/
2026/4/25 00:04:04: nodePaths found in: [{"path":"C:\\Users\\Administrator\\scoop\\apps\\nodejs24\\current\\node.exe","osName":"Windows_NT","error":null},{"path":"C:\\msys64\\ucrt64\\bin\\node","osName":"MINGW32_NT-10.0","error":null},{"path":"C:\\msys64\\ucrt64\\bin\\node.exe","osName":"MINGW32_NT-10.0","error":null}]
2026/4/25 00:04:08: getting new Url ->  https://fan3.206102.xyz/v2ray免费账号/
2026/4/25 00:04:08: parse_data() -> https://fan3.206102.xyz/ss免费账号/
2026/4/25 00:04:04: C:\Users\Administrator\scoop\apps\nodejs24\current\node.exe
2026/4/25 00:04:08: parse_data() -> https://fan3.206102.xyz/v2ray免费账号/
2026/4/25 07:48:04 update_uri() -> Fetch error: AxiosError: Request failed with status code 502
2026/4/25 07:48:04: nodePaths found in: [{"path":"C:\\Users\\Administrator\\scoop\\apps\\nodejs24\\current\\node.exe","osName":"Windows_NT","error":null},{"path":"C:\\msys64\\ucrt64\\bin\\node","osName":"MINGW32_NT-10.0","error":null},{"path":"C:\\msys64\\ucrt64\\bin\\node.exe","osName":"MINGW32_NT-10.0","error":null}]
2026/4/25 07:48:04: C:\Users\Administrator\scoop\apps\nodejs24\current\node.exe
2026/4/25 07:48:04: getting new Url ->  null
2026/4/25 07:48:34 update_uri() -> Fetch error: AxiosError: Request failed with status code 502
2026/4/25 07:48:34: nodePaths found in: [{"path":"C:\\Users\\Administrator\\scoop\\apps\\nodejs24\\current\\node.exe","osName":"Windows_NT","error":null},{"path":"C:\\msys64\\ucrt64\\bin\\node","osName":"MINGW32_NT-10.0","error":null},{"path":"C:\\msys64\\ucrt64\\bin\\node.exe","osName":"MINGW32_NT-10.0","error":null}]
2026/4/25 07:48:34: getting new Url ->  null
2026/4/25 07:48:34: C:\Users\Administrator\scoop\apps\nodejs24\current\node.exe
2026/4/25 08:49:39Extracted src: https://fan3.206102.xyz/v2ray免费账号/
2026/4/25 08:49:36: C:\Users\Administrator\scoop\apps\nodejs24\current\node.exe
2026/4/25 08:49:36: nodePaths found in: [{"path":"C:\\Users\\Administrator\\scoop\\apps\\nodejs24\\current\\node.exe","osName":"Windows_NT","error":null},{"path":"C:\\msys64\\ucrt64\\bin\\node","osName":"MINGW32_NT-10.0","error":null},{"path":"C:\\msys64\\ucrt64\\bin\\node.exe","osName":"MINGW32_NT-10.0","error":null}]
2026/4/25 08:49:39: getting new Url ->  https://fan3.206102.xyz/v2ray免费账号/
2026/4/25 08:49:39: parse_data() -> https://fan3.206102.xyz/ss免费账号/
2026/4/25 08:49:39: parse_data() -> https://fan3.206102.xyz/v2ray免费账号/
2026/4/25 09:50:17Extracted src: https://fan3.206102.xyz/v2ray免费账号/
2026/4/25 09:50:13: nodePaths found in: [{"path":"C:\\Users\\Administrator\\scoop\\apps\\nodejs24\\current\\node.exe","osName":"Windows_NT","error":null},{"path":"C:\\msys64\\ucrt64\\bin\\node","osName":"MINGW32_NT-10.0","error":null},{"path":"C:\\msys64\\ucrt64\\bin\\node.exe","osName":"MINGW32_NT-10.0","error":null}]
2026/4/25 09:50:13: C:\Users\Administrator\scoop\apps\nodejs24\current\node.exe
2026/4/25 09:50:17: parse_data() -> https://fan3.206102.xyz/v2ray免费账号/
2026/4/25 09:50:17: getting new Url ->  https://fan3.206102.xyz/v2ray免费账号/
2026/4/25 09:50:17: parse_data() -> https://fan3.206102.xyz/ss免费账号/
2026/4/25 10:52:08Extracted src: https://fan3.206102.xyz/v2ray免费账号/
2026/4/25 10:52:05: nodePaths found in: [{"path":"C:\\Users\\Administrator\\scoop\\apps\\nodejs24\\current\\node.exe","osName":"Windows_NT","error":null},{"path":"C:\\msys64\\ucrt64\\bin\\node","osName":"MINGW32_NT-10.0","error":null},{"path":"C:\\msys64\\ucrt64\\bin\\node.exe","osName":"MINGW32_NT-10.0","error":null}]
2026/4/25 10:52:05: C:\Users\Administrator\scoop\apps\nodejs24\current\node.exe
2026/4/25 10:52:08: getting new Url ->  https://fan3.206102.xyz/v2ray免费账号/
2026/4/25 10:52:08: parse_data() -> https://fan3.206102.xyz/v2ray免费账号/
2026/4/25 10:52:08: parse_data() -> https://fan3.206102.xyz/ss免费账号/
2026/4/25 11:54:09 update_uri() -> Fetch error: AxiosError: Request failed with status code 502
2026/4/25 11:54:04: nodePaths found in: [{"path":"C:\\Users\\Administrator\\scoop\\apps\\nodejs24\\current\\node.exe","osName":"Windows_NT","error":null},{"path":"C:\\msys64\\ucrt64\\bin\\node","osName":"MINGW32_NT-10.0","error":null},{"path":"C:\\msys64\\ucrt64\\bin\\node.exe","osName":"MINGW32_NT-10.0","error":null}]
2026/4/25 11:54:04: C:\Users\Administrator\scoop\apps\nodejs24\current\node.exe
2026/4/25 11:54:09: getting new Url ->  null
2026/4/25 12:55:09 update_uri() -> Fetch error: AxiosError: Request failed with status code 502
2026/4/25 12:55:04: nodePaths found in: [{"path":"C:\\Users\\Administrator\\scoop\\apps\\nodejs24\\current\\node.exe","osName":"Windows_NT","error":null},{"path":"C:\\msys64\\ucrt64\\bin\\node","osName":"MINGW32_NT-10.0","error":null},{"path":"C:\\msys64\\ucrt64\\bin\\node.exe","osName":"MINGW32_NT-10.0","error":null}]
2026/4/25 12:55:04: C:\Users\Administrator\scoop\apps\nodejs24\current\node.exe
2026/4/25 12:55:09: getting new Url ->  null
2026/4/25 13:56:07 update_uri() -> Fetch error: AxiosError: Request failed with status code 502
2026/4/25 13:56:02: nodePaths found in: [{"path":"C:\\Users\\Administrator\\scoop\\apps\\nodejs24\\current\\node.exe","osName":"Windows_NT","error":null},{"path":"C:\\msys64\\ucrt64\\bin\\node","osName":"MINGW32_NT-10.0","error":null},{"path":"C:\\msys64\\ucrt64\\bin\\node.exe","osName":"MINGW32_NT-10.0","error":null}]
2026/4/25 13:56:07: getting new Url ->  null
2026/4/25 13:56:02: C:\Users\Administrator\scoop\apps\nodejs24\current\node.exe
2026/4/25 14:57:08 update_uri() -> Fetch error: AxiosError: Request failed with status code 502
2026/4/25 14:57:03: nodePaths found in: [{"path":"C:\\Users\\Administrator\\scoop\\apps\\nodejs24\\current\\node.exe","osName":"Windows_NT","error":null},{"path":"C:\\msys64\\ucrt64\\bin\\node","osName":"MINGW32_NT-10.0","error":null},{"path":"C:\\msys64\\ucrt64\\bin\\node.exe","osName":"MINGW32_NT-10.0","error":null}]
2026/4/25 14:57:08: getting new Url ->  null
2026/4/25 14:57:03: C:\Users\Administrator\scoop\apps\nodejs24\current\node.exe
2026/4/25 15:58:09 update_uri() -> Fetch error: AxiosError: Request failed with status code 502
2026/4/25 15:58:03: nodePaths found in: [{"path":"C:\\Users\\Administrator\\scoop\\apps\\nodejs24\\current\\node.exe","osName":"Windows_NT","error":null},{"path":"C:\\msys64\\ucrt64\\bin\\node","osName":"MINGW32_NT-10.0","error":null},{"path":"C:\\msys64\\ucrt64\\bin\\node.exe","osName":"MINGW32_NT-10.0","error":null}]
2026/4/25 15:58:09: getting new Url ->  null
2026/4/25 15:58:03: C:\Users\Administrator\scoop\apps\nodejs24\current\node.exe
2026/4/25 16:59:09 update_uri() -> Fetch error: AxiosError: Request failed with status code 502
2026/4/25 16:59:04: C:\Users\Administrator\scoop\apps\nodejs24\current\node.exe
2026/4/25 16:59:04: nodePaths found in: [{"path":"C:\\Users\\Administrator\\scoop\\apps\\nodejs24\\current\\node.exe","osName":"Windows_NT","error":null},{"path":"C:\\msys64\\ucrt64\\bin\\node","osName":"MINGW32_NT-10.0","error":null},{"path":"C:\\msys64\\ucrt64\\bin\\node.exe","osName":"MINGW32_NT-10.0","error":null}]
2026/4/25 16:59:09: getting new Url ->  null
2026/4/25 19:40:56 update_uri() -> Fetch error: AxiosError: Request failed with status code 502
2026/4/25 19:40:51: nodePaths found in: [{"path":"C:\\Users\\Administrator\\scoop\\apps\\nodejs24\\current\\node.exe","osName":"Windows_NT","error":null},{"path":"C:\\msys64\\ucrt64\\bin\\node","osName":"MINGW32_NT-10.0","error":null},{"path":"C:\\msys64\\ucrt64\\bin\\node.exe","osName":"MINGW32_NT-10.0","error":null}]
2026/4/25 19:40:51: C:\Users\Administrator\scoop\apps\nodejs24\current\node.exe
2026/4/25 19:40:56: getting new Url ->  null
2026/4/26 09:27:09 update_uri() -> Fetch error: AxiosError: Request failed with status code 502
2026/4/26 09:27:04: nodePaths found in: [{"path":"C:\\Users\\Administrator\\scoop\\apps\\nodejs24\\current\\node.exe","osName":"Windows_NT","error":null},{"path":"C:\\msys64\\ucrt64\\bin\\node","osName":"MINGW32_NT-10.0","error":null},{"path":"C:\\msys64\\ucrt64\\bin\\node.exe","osName":"MINGW32_NT-10.0","error":null}]
2026/4/26 09:27:09: getting new Url ->  null
2026/4/26 09:27:04: C:\Users\Administrator\scoop\apps\nodejs24\current\node.exe
2026/4/26 10:27:55 update_uri() -> Fetch error: AxiosError: Request failed with status code 502
2026/4/26 10:27:50: nodePaths found in: [{"path":"C:\\Users\\Administrator\\scoop\\apps\\nodejs24\\current\\node.exe","osName":"Windows_NT","error":null},{"path":"C:\\msys64\\ucrt64\\bin\\node","osName":"MINGW32_NT-10.0","error":null},{"path":"C:\\msys64\\ucrt64\\bin\\node.exe","osName":"MINGW32_NT-10.0","error":null}]
2026/4/26 10:27:55: getting new Url ->  null
2026/4/26 10:27:50: C:\Users\Administrator\scoop\apps\nodejs24\current\node.exe
2026/4/26 11:28:19 update_uri() -> Fetch error: AxiosError: Request failed with status code 502
2026/4/26 11:28:14: C:\Users\Administrator\scoop\apps\nodejs24\current\node.exe
2026/4/26 11:28:14: nodePaths found in: [{"path":"C:\\Users\\Administrator\\scoop\\apps\\nodejs24\\current\\node.exe","osName":"Windows_NT","error":null},{"path":"C:\\msys64\\ucrt64\\bin\\node","osName":"MINGW32_NT-10.0","error":null},{"path":"C:\\msys64\\ucrt64\\bin\\node.exe","osName":"MINGW32_NT-10.0","error":null}]
2026/4/26 11:28:19: getting new Url ->  null
2026/4/26 12:29:08 update_uri() -> Fetch error: AxiosError: Request failed with status code 502
2026/4/26 12:29:03: nodePaths found in: [{"path":"C:\\Users\\Administrator\\scoop\\apps\\nodejs24\\current\\node.exe","osName":"Windows_NT","error":null},{"path":"C:\\msys64\\ucrt64\\bin\\node","osName":"MINGW32_NT-10.0","error":null},{"path":"C:\\msys64\\ucrt64\\bin\\node.exe","osName":"MINGW32_NT-10.0","error":null}]
2026/4/26 12:29:03: C:\Users\Administrator\scoop\apps\nodejs24\current\node.exe
2026/4/26 12:29:08: getting new Url ->  null
2026/4/26 13:30:06 update_uri() -> Fetch error: AxiosError: Request failed with status code 502
2026/4/26 13:30:01: C:\Users\Administrator\scoop\apps\nodejs24\current\node.exe
2026/4/26 13:30:01: nodePaths found in: [{"path":"C:\\Users\\Administrator\\scoop\\apps\\nodejs24\\current\\node.exe","osName":"Windows_NT","error":null},{"path":"C:\\msys64\\ucrt64\\bin\\node","osName":"MINGW32_NT-10.0","error":null},{"path":"C:\\msys64\\ucrt64\\bin\\node.exe","osName":"MINGW32_NT-10.0","error":null}]
2026/4/26 13:30:06: getting new Url ->  null
2026/4/26 14:31:07 update_uri() -> Fetch error: AxiosError: Request failed with status code 502
2026/4/26 14:31:02: nodePaths found in: [{"path":"C:\\Users\\Administrator\\scoop\\apps\\nodejs24\\current\\node.exe","osName":"Windows_NT","error":null},{"path":"C:\\msys64\\ucrt64\\bin\\node","osName":"MINGW32_NT-10.0","error":null},{"path":"C:\\msys64\\ucrt64\\bin\\node.exe","osName":"MINGW32_NT-10.0","error":null}]
2026/4/26 14:31:02: C:\Users\Administrator\scoop\apps\nodejs24\current\node.exe
2026/4/26 14:31:07: getting new Url ->  null
2026/4/26 15:32:07 update_uri() -> Fetch error: AxiosError: Request failed with status code 502
2026/4/26 15:32:02: C:\Users\Administrator\scoop\apps\nodejs24\current\node.exe
2026/4/26 15:32:02: nodePaths found in: [{"path":"C:\\Users\\Administrator\\scoop\\apps\\nodejs24\\current\\node.exe","osName":"Windows_NT","error":null},{"path":"C:\\msys64\\ucrt64\\bin\\node","osName":"MINGW32_NT-10.0","error":null},{"path":"C:\\msys64\\ucrt64\\bin\\node.exe","osName":"MINGW32_NT-10.0","error":null}]
2026/4/26 15:32:07: getting new Url ->  null
2026/4/26 16:33:07 update_uri() -> Fetch error: AxiosError: Request failed with status code 502
2026/4/26 16:33:02: C:\Users\Administrator\scoop\apps\nodejs24\current\node.exe
2026/4/26 16:33:02: nodePaths found in: [{"path":"C:\\Users\\Administrator\\scoop\\apps\\nodejs24\\current\\node.exe","osName":"Windows_NT","error":null},{"path":"C:\\msys64\\ucrt64\\bin\\node","osName":"MINGW32_NT-10.0","error":null},{"path":"C:\\msys64\\ucrt64\\bin\\node.exe","osName":"MINGW32_NT-10.0","error":null}]
2026/4/26 16:33:07: getting new Url ->  null
2026/4/26 17:34:07 update_uri() -> Fetch error: AxiosError: Request failed with status code 502
2026/4/26 17:34:01: C:\Users\Administrator\scoop\apps\nodejs24\current\node.exe
2026/4/26 17:34:01: nodePaths found in: [{"path":"C:\\Users\\Administrator\\scoop\\apps\\nodejs24\\current\\node.exe","osName":"Windows_NT","error":null},{"path":"C:\\msys64\\ucrt64\\bin\\node","osName":"MINGW32_NT-10.0","error":null},{"path":"C:\\msys64\\ucrt64\\bin\\node.exe","osName":"MINGW32_NT-10.0","error":null}]
2026/4/26 17:34:07: getting new Url ->  null
2026/4/26 19:52:45Extracted src: https://fan3.206102.xyz/v2ray免费账号/
2026/4/26 19:52:42: C:\Users\Administrator\scoop\apps\nodejs24\current\node.exe
2026/4/26 19:52:45: getting new Url ->  https://fan3.206102.xyz/v2ray免费账号/
2026/4/26 19:52:42: nodePaths found in: [{"path":"C:\\Users\\Administrator\\scoop\\apps\\nodejs24\\current\\node.exe","osName":"Windows_NT","error":null},{"path":"C:\\msys64\\ucrt64\\bin\\node","osName":"MINGW32_NT-10.0","error":null},{"path":"C:\\msys64\\ucrt64\\bin\\node.exe","osName":"MINGW32_NT-10.0","error":null}]
2026/4/26 19:52:45: parse_data() -> https://fan3.206102.xyz/v2ray免费账号/
2026/4/26 19:52:45: parse_data() -> https://fan3.206102.xyz/ss免费账号/
2026/4/26 20:53:37 update_uri() -> Fetch error: AxiosError: Request failed with status code 502
2026/4/26 20:53:32: nodePaths found in: [{"path":"C:\\Users\\Administrator\\scoop\\apps\\nodejs24\\current\\node.exe","osName":"Windows_NT","error":null},{"path":"C:\\msys64\\ucrt64\\bin\\node","osName":"MINGW32_NT-10.0","error":null},{"path":"C:\\msys64\\ucrt64\\bin\\node.exe","osName":"MINGW32_NT-10.0","error":null}]
2026/4/26 20:53:37: getting new Url ->  null
2026/4/26 20:53:32: C:\Users\Administrator\scoop\apps\nodejs24\current\node.exe
2026/4/26 21:54:37 update_uri() -> Fetch error: AxiosError: Request failed with status code 502
2026/4/26 21:54:37: getting new Url ->  null
2026/4/26 21:54:32: C:\Users\Administrator\scoop\apps\nodejs24\current\node.exe
2026/4/26 21:54:32: nodePaths found in: [{"path":"C:\\Users\\Administrator\\scoop\\apps\\nodejs24\\current\\node.exe","osName":"Windows_NT","error":null},{"path":"C:\\msys64\\ucrt64\\bin\\node","osName":"MINGW32_NT-10.0","error":null},{"path":"C:\\msys64\\ucrt64\\bin\\node.exe","osName":"MINGW32_NT-10.0","error":null}]
2026/4/27 09:04:34 update_uri() -> Fetch error: AxiosError: Request failed with status code 502
2026/4/27 09:04:24: nodePaths found in: [{"path":"C:\\Users\\Administrator\\scoop\\apps\\nodejs24\\current\\node.exe","osName":"Windows_NT","error":null},{"path":"C:\\msys64\\ucrt64\\bin\\node","osName":"MINGW32_NT-10.0","error":null},{"path":"C:\\msys64\\ucrt64\\bin\\node.exe","osName":"MINGW32_NT-10.0","error":null}]
2026/4/27 09:04:24: C:\Users\Administrator\scoop\apps\nodejs24\current\node.exe
2026/4/27 09:04:34: getting new Url ->  null
2026/4/27 10:05:03 update_uri() -> Fetch error: AxiosError: Request failed with status code 502
2026/4/27 10:04:58: nodePaths found in: [{"path":"C:\\Users\\Administrator\\scoop\\apps\\nodejs24\\current\\node.exe","osName":"Windows_NT","error":null},{"path":"C:\\msys64\\ucrt64\\bin\\node","osName":"MINGW32_NT-10.0","error":null},{"path":"C:\\msys64\\ucrt64\\bin\\node.exe","osName":"MINGW32_NT-10.0","error":null}]
2026/4/27 10:04:58: C:\Users\Administrator\scoop\apps\nodejs24\current\node.exe
2026/4/27 10:05:03: getting new Url ->  null
2026/4/27 11:06:03 update_uri() -> Fetch error: AxiosError: Request failed with status code 502
2026/4/27 11:05:58: nodePaths found in: [{"path":"C:\\Users\\Administrator\\scoop\\apps\\nodejs24\\current\\node.exe","osName":"Windows_NT","error":null},{"path":"C:\\msys64\\ucrt64\\bin\\node","osName":"MINGW32_NT-10.0","error":null},{"path":"C:\\msys64\\ucrt64\\bin\\node.exe","osName":"MINGW32_NT-10.0","error":null}]
2026/4/27 11:05:58: C:\Users\Administrator\scoop\apps\nodejs24\current\node.exe
2026/4/27 11:06:03: getting new Url ->  null
2026/4/27 12:09:02 update_uri() -> Fetch error: AxiosError: Request failed with status code 502
2026/4/27 12:08:57: nodePaths found in: [{"path":"C:\\Users\\Administrator\\scoop\\apps\\nodejs24\\current\\node.exe","osName":"Windows_NT","error":null},{"path":"C:\\msys64\\ucrt64\\bin\\node","osName":"MINGW32_NT-10.0","error":null},{"path":"C:\\msys64\\ucrt64\\bin\\node.exe","osName":"MINGW32_NT-10.0","error":null}]
2026/4/27 12:08:57: C:\Users\Administrator\scoop\apps\nodejs24\current\node.exe
2026/4/27 12:09:02: getting new Url ->  null
2026/4/27 14:02:58Extracted src: https://fan3.206102.xyz/v2ray免费账号/
2026/4/27 14:02:55: nodePaths found in: [{"path":"C:\\Users\\Administrator\\scoop\\apps\\nodejs24\\current\\node.exe","osName":"Windows_NT","error":null},{"path":"C:\\msys64\\ucrt64\\bin\\node","osName":"MINGW32_NT-10.0","error":null},{"path":"C:\\msys64\\ucrt64\\bin\\node.exe","osName":"MINGW32_NT-10.0","error":null}]
2026/4/27 14:02:58: getting new Url ->  https://fan3.206102.xyz/v2ray免费账号/
2026/4/27 14:02:55: C:\Users\Administrator\scoop\apps\nodejs24\current\node.exe
2026/4/27 14:02:58: parse_data() -> https://fan3.206102.xyz/v2ray免费账号/
2026/4/27 14:02:58: parse_data() -> https://fan3.206102.xyz/ss免费账号/
2026/4/27 15:05:06 update_uri() -> Fetch error: AxiosError: Request failed with status code 502
2026/4/27 15:05:01: nodePaths found in: [{"path":"C:\\Users\\Administrator\\scoop\\apps\\nodejs24\\current\\node.exe","osName":"Windows_NT","error":null},{"path":"C:\\msys64\\ucrt64\\bin\\node","osName":"MINGW32_NT-10.0","error":null},{"path":"C:\\msys64\\ucrt64\\bin\\node.exe","osName":"MINGW32_NT-10.0","error":null}]
2026/4/27 15:05:06: getting new Url ->  null
2026/4/27 15:05:01: C:\Users\Administrator\scoop\apps\nodejs24\current\node.exe
2026/4/27 16:13:18 update_uri() -> Fetch error: AxiosError: Request failed with status code 502
2026/4/27 16:13:08: nodePaths found in: [{"path":"C:\\Users\\Administrator\\scoop\\apps\\nodejs24\\current\\node.exe","osName":"Windows_NT","error":null},{"path":"C:\\msys64\\ucrt64\\bin\\node","osName":"MINGW32_NT-10.0","error":null},{"path":"C:\\msys64\\ucrt64\\bin\\node.exe","osName":"MINGW32_NT-10.0","error":null}]
2026/4/27 16:13:08: C:\Users\Administrator\scoop\apps\nodejs24\current\node.exe
2026/4/27 16:13:18: getting new Url ->  null
2026/4/27 20:15:02Extracted src: https://fan3.206102.xyz/v2ray免费账号/
2026/4/27 20:14:58: nodePaths found in: [{"path":"C:\\Users\\Administrator\\scoop\\apps\\nodejs24\\current\\node.exe","osName":"Windows_NT","error":null},{"path":"C:\\msys64\\ucrt64\\bin\\node","osName":"MINGW32_NT-10.0","error":null},{"path":"C:\\msys64\\ucrt64\\bin\\node.exe","osName":"MINGW32_NT-10.0","error":null}]
2026/4/27 20:14:58: C:\Users\Administrator\scoop\apps\nodejs24\current\node.exe
2026/4/27 20:15:02: parse_data() -> https://fan3.206102.xyz/v2ray免费账号/
2026/4/27 20:15:02: parse_data() -> https://fan3.206102.xyz/ss免费账号/
2026/4/27 20:15:02: getting new Url ->  https://fan3.206102.xyz/v2ray免费账号/
2026/4/27 21:16:01Extracted src: https://fan3.206102.xyz/v2ray免费账号/
2026/4/27 21:15:59: nodePaths found in: [{"path":"C:\\Users\\Administrator\\scoop\\apps\\nodejs24\\current\\node.exe","osName":"Windows_NT","error":null},{"path":"C:\\msys64\\ucrt64\\bin\\node","osName":"MINGW32_NT-10.0","error":null},{"path":"C:\\msys64\\ucrt64\\bin\\node.exe","osName":"MINGW32_NT-10.0","error":null}]
2026/4/27 21:15:59: C:\Users\Administrator\scoop\apps\nodejs24\current\node.exe
2026/4/27 21:16:01: getting new Url ->  https://fan3.206102.xyz/v2ray免费账号/
2026/4/27 21:16:01: parse_data() -> https://fan3.206102.xyz/ss免费账号/
2026/4/27 21:16:01: parse_data() -> https://fan3.206102.xyz/v2ray免费账号/
2026/4/27 22:16:45Extracted src: https://fan3.206102.xyz/v2ray免费账号/
2026/4/27 22:16:43: nodePaths found in: [{"path":"C:\\Users\\Administrator\\scoop\\apps\\nodejs24\\current\\node.exe","osName":"Windows_NT","error":null},{"path":"C:\\msys64\\ucrt64\\bin\\node","osName":"MINGW32_NT-10.0","error":null},{"path":"C:\\msys64\\ucrt64\\bin\\node.exe","osName":"MINGW32_NT-10.0","error":null}]
2026/4/27 22:16:43: C:\Users\Administrator\scoop\apps\nodejs24\current\node.exe
2026/4/27 22:16:45: getting new Url ->  https://fan3.206102.xyz/v2ray免费账号/
2026/4/27 22:16:45: parse_data() -> https://fan3.206102.xyz/v2ray免费账号/
2026/4/27 22:16:45: parse_data() -> https://fan3.206102.xyz/ss免费账号/
2026/4/27 23:17:42Extracted src: https://fan3.206102.xyz/v2ray免费账号/
2026/4/27 23:17:40: nodePaths found in: [{"path":"C:\\Users\\Administrator\\scoop\\apps\\nodejs24\\current\\node.exe","osName":"Windows_NT","error":null},{"path":"C:\\msys64\\ucrt64\\bin\\node","osName":"MINGW32_NT-10.0","error":null},{"path":"C:\\msys64\\ucrt64\\bin\\node.exe","osName":"MINGW32_NT-10.0","error":null}]
2026/4/27 23:17:42: parse_data() -> https://fan3.206102.xyz/v2ray免费账号/
2026/4/27 23:17:40: C:\Users\Administrator\scoop\apps\nodejs24\current\node.exe
2026/4/27 23:17:42: getting new Url ->  https://fan3.206102.xyz/v2ray免费账号/
2026/4/27 23:17:42: parse_data() -> https://fan3.206102.xyz/ss免费账号/
2026/4/28 09:18:50 update_uri() -> Fetch error: AxiosError: Request failed with status code 502
2026/4/28 09:18:50: nodePaths found in: [{"path":"C:\\Users\\Administrator\\scoop\\apps\\nodejs24\\current\\node.exe","osName":"Windows_NT","error":null},{"path":"C:\\msys64\\ucrt64\\bin\\node","osName":"MINGW32_NT-10.0","error":null},{"path":"C:\\msys64\\ucrt64\\bin\\node.exe","osName":"MINGW32_NT-10.0","error":null}]
2026/4/28 09:18:50: C:\Users\Administrator\scoop\apps\nodejs24\current\node.exe
2026/4/28 09:18:50: getting new Url ->  null
2026/4/28 10:19:51Extracted src: https://fan3.206102.xyz/v2ray免费账号/
2026/4/28 10:19:49: nodePaths found in: [{"path":"C:\\Users\\Administrator\\scoop\\apps\\nodejs24\\current\\node.exe","osName":"Windows_NT","error":null},{"path":"C:\\msys64\\ucrt64\\bin\\node","osName":"MINGW32_NT-10.0","error":null},{"path":"C:\\msys64\\ucrt64\\bin\\node.exe","osName":"MINGW32_NT-10.0","error":null}]
2026/4/28 10:19:49: C:\Users\Administrator\scoop\apps\nodejs24\current\node.exe
2026/4/28 10:19:51: getting new Url ->  https://fan3.206102.xyz/v2ray免费账号/
2026/4/28 10:19:51: parse_data() -> https://fan3.206102.xyz/v2ray免费账号/
2026/4/28 10:19:51: parse_data() -> https://fan3.206102.xyz/ss免费账号/
2026/4/28 11:20:21Extracted src: https://fan3.206102.xyz/v2ray免费账号/
2026/4/28 11:20:21: getting new Url ->  https://fan3.206102.xyz/v2ray免费账号/
2026/4/28 11:20:19: nodePaths found in: [{"path":"C:\\Users\\Administrator\\scoop\\apps\\nodejs24\\current\\node.exe","osName":"Windows_NT","error":null},{"path":"C:\\msys64\\ucrt64\\bin\\node","osName":"MINGW32_NT-10.0","error":null},{"path":"C:\\msys64\\ucrt64\\bin\\node.exe","osName":"MINGW32_NT-10.0","error":null}]
2026/4/28 11:20:19: C:\Users\Administrator\scoop\apps\nodejs24\current\node.exe
2026/4/28 11:20:21: parse_data() -> https://fan3.206102.xyz/v2ray免费账号/
2026/4/28 11:20:21: parse_data() -> https://fan3.206102.xyz/ss免费账号/
2026/4/28 12:21:21Extracted src: https://fan3.206102.xyz/v2ray免费账号/
2026/4/28 12:21:19: nodePaths found in: [{"path":"C:\\Users\\Administrator\\scoop\\apps\\nodejs24\\current\\node.exe","osName":"Windows_NT","error":null},{"path":"C:\\msys64\\ucrt64\\bin\\node","osName":"MINGW32_NT-10.0","error":null},{"path":"C:\\msys64\\ucrt64\\bin\\node.exe","osName":"MINGW32_NT-10.0","error":null}]
2026/4/28 12:21:21: getting new Url ->  https://fan3.206102.xyz/v2ray免费账号/
2026/4/28 12:21:21: parse_data() -> https://fan3.206102.xyz/v2ray免费账号/
2026/4/28 12:21:19: C:\Users\Administrator\scoop\apps\nodejs24\current\node.exe
2026/4/28 12:21:21: parse_data() -> https://fan3.206102.xyz/ss免费账号/
2026/4/28 13:22:21Extracted src: https://fan3.206102.xyz/v2ray免费账号/
2026/4/28 13:22:19: nodePaths found in: [{"path":"C:\\Users\\Administrator\\scoop\\apps\\nodejs24\\current\\node.exe","osName":"Windows_NT","error":null},{"path":"C:\\msys64\\ucrt64\\bin\\node","osName":"MINGW32_NT-10.0","error":null},{"path":"C:\\msys64\\ucrt64\\bin\\node.exe","osName":"MINGW32_NT-10.0","error":null}]
2026/4/28 13:22:21: parse_data() -> https://fan3.206102.xyz/v2ray免费账号/
2026/4/28 13:22:21: getting new Url ->  https://fan3.206102.xyz/v2ray免费账号/
2026/4/28 13:22:19: C:\Users\Administrator\scoop\apps\nodejs24\current\node.exe
2026/4/28 13:22:21: parse_data() -> https://fan3.206102.xyz/ss免费账号/
2026/4/28 14:23:21Extracted src: https://fan3.206102.xyz/v2ray免费账号/
2026/4/28 14:23:19: nodePaths found in: [{"path":"C:\\Users\\Administrator\\scoop\\apps\\nodejs24\\current\\node.exe","osName":"Windows_NT","error":null},{"path":"C:\\msys64\\ucrt64\\bin\\node","osName":"MINGW32_NT-10.0","error":null},{"path":"C:\\msys64\\ucrt64\\bin\\node.exe","osName":"MINGW32_NT-10.0","error":null}]
2026/4/28 14:23:21: parse_data() -> https://fan3.206102.xyz/ss免费账号/
2026/4/28 14:23:21: parse_data() -> https://fan3.206102.xyz/v2ray免费账号/
2026/4/28 14:23:21: getting new Url ->  https://fan3.206102.xyz/v2ray免费账号/
2026/4/28 14:23:19: C:\Users\Administrator\scoop\apps\nodejs24\current\node.exe
2026/4/28 15:24:21Extracted src: https://fan3.206102.xyz/v2ray免费账号/
2026/4/28 15:24:19: nodePaths found in: [{"path":"C:\\Users\\Administrator\\scoop\\apps\\nodejs24\\current\\node.exe","osName":"Windows_NT","error":null},{"path":"C:\\msys64\\ucrt64\\bin\\node","osName":"MINGW32_NT-10.0","error":null},{"path":"C:\\msys64\\ucrt64\\bin\\node.exe","osName":"MINGW32_NT-10.0","error":null}]
2026/4/28 15:24:19: C:\Users\Administrator\scoop\apps\nodejs24\current\node.exe
2026/4/28 15:24:21: getting new Url ->  https://fan3.206102.xyz/v2ray免费账号/
2026/4/28 15:24:21: parse_data() -> https://fan3.206102.xyz/ss免费账号/
2026/4/28 15:24:21: parse_data() -> https://fan3.206102.xyz/v2ray免费账号/
2026/4/28 17:26:28Extracted src: https://fan3.206102.xyz/v2ray免费账号/
2026/4/28 17:26:22: nodePaths found in: [{"path":"C:\\Users\\Administrator\\scoop\\apps\\nodejs24\\current\\node.exe","osName":"Windows_NT","error":null},{"path":"C:\\msys64\\ucrt64\\bin\\node","osName":"MINGW32_NT-10.0","error":null},{"path":"C:\\msys64\\ucrt64\\bin\\node.exe","osName":"MINGW32_NT-10.0","error":null}]
2026/4/28 17:26:22: C:\Users\Administrator\scoop\apps\nodejs24\current\node.exe
2026/4/28 17:26:28: parse_data() -> https://fan3.206102.xyz/ss免费账号/
2026/4/28 17:26:28: parse_data() -> https://fan3.206102.xyz/v2ray免费账号/
2026/4/28 17:26:28: getting new Url ->  https://fan3.206102.xyz/v2ray免费账号/
2026/4/28 18:27:27Extracted src: https://fan3.206102.xyz/v2ray免费账号/
2026/4/28 18:27:27: getting new Url ->  https://fan3.206102.xyz/v2ray免费账号/
2026/4/28 18:27:22: nodePaths found in: [{"path":"C:\\Users\\Administrator\\scoop\\apps\\nodejs24\\current\\node.exe","osName":"Windows_NT","error":null},{"path":"C:\\msys64\\ucrt64\\bin\\node","osName":"MINGW32_NT-10.0","error":null},{"path":"C:\\msys64\\ucrt64\\bin\\node.exe","osName":"MINGW32_NT-10.0","error":null}]
2026/4/28 18:27:22: C:\Users\Administrator\scoop\apps\nodejs24\current\node.exe
2026/4/28 18:27:27: parse_data() -> https://fan3.206102.xyz/ss免费账号/
2026/4/28 18:27:27: parse_data() -> https://fan3.206102.xyz/v2ray免费账号/
2026/4/28 19:28:26Extracted src: https://fan3.206102.xyz/v2ray免费账号/
2026/4/28 19:28:21: nodePaths found in: [{"path":"C:\\Users\\Administrator\\scoop\\apps\\nodejs24\\current\\node.exe","osName":"Windows_NT","error":null},{"path":"C:\\msys64\\ucrt64\\bin\\node","osName":"MINGW32_NT-10.0","error":null},{"path":"C:\\msys64\\ucrt64\\bin\\node.exe","osName":"MINGW32_NT-10.0","error":null}]
2026/4/28 19:28:21: C:\Users\Administrator\scoop\apps\nodejs24\current\node.exe
2026/4/28 19:28:26: getting new Url ->  https://fan3.206102.xyz/v2ray免费账号/
2026/4/28 19:28:26: parse_data() -> https://fan3.206102.xyz/ss免费账号/
2026/4/28 19:28:26: parse_data() -> https://fan3.206102.xyz/v2ray免费账号/
2026/4/28 20:29:30Extracted src: https://fan3.206102.xyz/v2ray免费账号/
2026/4/28 20:29:23: nodePaths found in: [{"path":"C:\\Users\\Administrator\\scoop\\apps\\nodejs24\\current\\node.exe","osName":"Windows_NT","error":null},{"path":"C:\\msys64\\ucrt64\\bin\\node","osName":"MINGW32_NT-10.0","error":null},{"path":"C:\\msys64\\ucrt64\\bin\\node.exe","osName":"MINGW32_NT-10.0","error":null}]
2026/4/28 20:29:23: C:\Users\Administrator\scoop\apps\nodejs24\current\node.exe
2026/4/28 20:29:30: getting new Url ->  https://fan3.206102.xyz/v2ray免费账号/
2026/4/28 20:29:30: parse_data() -> https://fan3.206102.xyz/v2ray免费账号/
2026/4/28 20:29:30: parse_data() -> https://fan3.206102.xyz/ss免费账号/
2026/4/28 21:30:28Extracted src: https://fan3.206102.xyz/v2ray免费账号/
2026/4/28 21:30:22: nodePaths found in: [{"path":"C:\\Users\\Administrator\\scoop\\apps\\nodejs24\\current\\node.exe","osName":"Windows_NT","error":null},{"path":"C:\\msys64\\ucrt64\\bin\\node","osName":"MINGW32_NT-10.0","error":null},{"path":"C:\\msys64\\ucrt64\\bin\\node.exe","osName":"MINGW32_NT-10.0","error":null}]
2026/4/28 21:30:22: C:\Users\Administrator\scoop\apps\nodejs24\current\node.exe
2026/4/28 21:30:28: getting new Url ->  https://fan3.206102.xyz/v2ray免费账号/
2026/4/28 21:30:28: parse_data() -> https://fan3.206102.xyz/v2ray免费账号/
2026/4/28 21:30:28: parse_data() -> https://fan3.206102.xyz/ss免费账号/
2026/4/28 22:31:29Extracted src: https://fan3.206102.xyz/v2ray免费账号/
2026/4/28 22:31:29: parse_data() -> https://fan3.206102.xyz/v2ray免费账号/
2026/4/28 22:31:22: nodePaths found in: [{"path":"C:\\Users\\Administrator\\scoop\\apps\\nodejs24\\current\\node.exe","osName":"Windows_NT","error":null},{"path":"C:\\msys64\\ucrt64\\bin\\node","osName":"MINGW32_NT-10.0","error":null},{"path":"C:\\msys64\\ucrt64\\bin\\node.exe","osName":"MINGW32_NT-10.0","error":null}]
2026/4/28 22:31:22: C:\Users\Administrator\scoop\apps\nodejs24\current\node.exe
2026/4/28 22:31:29: getting new Url ->  https://fan3.206102.xyz/v2ray免费账号/
2026/4/28 22:31:29: parse_data() -> https://fan3.206102.xyz/ss免费账号/
2026/4/28 23:32:37Extracted src: https://fan3.206102.xyz/v2ray免费账号/
2026/4/28 23:32:27: nodePaths found in: [{"path":"C:\\Users\\Administrator\\scoop\\apps\\nodejs24\\current\\node.exe","osName":"Windows_NT","error":null},{"path":"C:\\msys64\\ucrt64\\bin\\node","osName":"MINGW32_NT-10.0","error":null},{"path":"C:\\msys64\\ucrt64\\bin\\node.exe","osName":"MINGW32_NT-10.0","error":null}]
2026/4/28 23:32:27: C:\Users\Administrator\scoop\apps\nodejs24\current\node.exe
2026/4/28 23:32:37: parse_data() -> https://fan3.206102.xyz/v2ray免费账号/
2026/4/28 23:32:37: getting new Url ->  https://fan3.206102.xyz/v2ray免费账号/
2026/4/28 23:32:37: parse_data() -> https://fan3.206102.xyz/ss免费账号/
2026/4/29 00:33:30Extracted src: https://fan3.206102.xyz/v2ray免费账号/
2026/4/29 00:33:23: nodePaths found in: [{"path":"C:\\Users\\Administrator\\scoop\\apps\\nodejs24\\current\\node.exe","osName":"Windows_NT","error":null},{"path":"C:\\msys64\\ucrt64\\bin\\node","osName":"MINGW32_NT-10.0","error":null},{"path":"C:\\msys64\\ucrt64\\bin\\node.exe","osName":"MINGW32_NT-10.0","error":null}]
2026/4/29 00:33:30: getting new Url ->  https://fan3.206102.xyz/v2ray免费账号/
2026/4/29 00:33:30: parse_data() -> https://fan3.206102.xyz/v2ray免费账号/
2026/4/29 00:33:23: C:\Users\Administrator\scoop\apps\nodejs24\current\node.exe
2026/4/29 00:33:30: parse_data() -> https://fan3.206102.xyz/ss免费账号/
2026/4/29 09:07:02 update_uri() -> Fetch error: AxiosError: Request failed with status code 502
2026/4/29 09:06:57: C:\Users\Administrator\scoop\apps\nodejs24\current\node.exe
2026/4/29 09:06:57: nodePaths found in: [{"path":"C:\\Users\\Administrator\\scoop\\apps\\nodejs24\\current\\node.exe","osName":"Windows_NT","error":null},{"path":"C:\\msys64\\ucrt64\\bin\\node","osName":"MINGW32_NT-10.0","error":null},{"path":"C:\\msys64\\ucrt64\\bin\\node.exe","osName":"MINGW32_NT-10.0","error":null}]
2026/4/29 09:07:02: getting new Url ->  null
2026/4/29 10:08:23 update_uri() -> Fetch error: AxiosError: Request failed with status code 502
2026/4/29 10:08:15: nodePaths found in: [{"path":"C:\\Users\\Administrator\\scoop\\apps\\nodejs24\\current\\node.exe","osName":"Windows_NT","error":null},{"path":"C:\\msys64\\ucrt64\\bin\\node","osName":"MINGW32_NT-10.0","error":null},{"path":"C:\\msys64\\ucrt64\\bin\\node.exe","osName":"MINGW32_NT-10.0","error":null}]
2026/4/29 10:08:15: C:\Users\Administrator\scoop\apps\nodejs24\current\node.exe
2026/4/29 10:08:20: getting new Url ->  null
2026/4/29 10:09:52 update_uri() -> Fetch error: AxiosError: Request failed with status code 502
2026/4/29 10:11:48 update_uri() -> Fetch error: AxiosError: Request failed with status code 502
2026/4/29 10:11:48: nodePaths found in: [{"path":"C:\\Users\\Administrator\\scoop\\apps\\nodejs24\\current\\node.exe","osName":"Windows_NT","error":null},{"path":"C:\\msys64\\ucrt64\\bin\\node","osName":"MINGW32_NT-10.0","error":null},{"path":"C:\\msys64\\ucrt64\\bin\\node.exe","osName":"MINGW32_NT-10.0","error":null}]
2026/4/29 10:11:48: C:\Users\Administrator\scoop\apps\nodejs24\current\node.exe
2026/4/29 10:11:48: getting new Url ->  null
2026/4/29 10:12:13 update_uri() -> Fetch error: AxiosError: Request failed with status code 502
2026/4/29 10:12:13: nodePaths found in: [{"path":"C:\\Users\\Administrator\\scoop\\apps\\nodejs24\\current\\node.exe","osName":"Windows_NT","error":null},{"path":"C:\\msys64\\ucrt64\\bin\\node","osName":"MINGW32_NT-10.0","error":null},{"path":"C:\\msys64\\ucrt64\\bin\\node.exe","osName":"MINGW32_NT-10.0","error":null}]
2026/4/29 10:12:13: C:\Users\Administrator\scoop\apps\nodejs24\current\node.exe
2026/4/29 10:12:13: getting new Url ->  null
2026/4/29 11:13:19Extracted src: https://fan3.206102.xyz/v2ray免费账号/
2026/4/29 11:13:15: nodePaths found in: [{"path":"C:\\Users\\Administrator\\scoop\\apps\\nodejs24\\current\\node.exe","osName":"Windows_NT","error":null},{"path":"C:\\msys64\\ucrt64\\bin\\node","osName":"MINGW32_NT-10.0","error":null},{"path":"C:\\msys64\\ucrt64\\bin\\node.exe","osName":"MINGW32_NT-10.0","error":null}]
2026/4/29 11:13:15: C:\Users\Administrator\scoop\apps\nodejs24\current\node.exe
2026/4/29 11:13:19: parse_data() -> https://fan3.206102.xyz/v2ray免费账号/
2026/4/29 11:13:19: getting new Url ->  https://fan3.206102.xyz/v2ray免费账号/
2026/4/29 11:13:19: parse_data() -> https://fan3.206102.xyz/ss免费账号/
2026/4/29 12:15:19Extracted src: https://fan3.206102.xyz/v2ray免费账号/
2026/4/29 12:15:14: C:\Users\Administrator\scoop\apps\nodejs24\current\node.exe
2026/4/29 12:15:14: nodePaths found in: [{"path":"C:\\Users\\Administrator\\scoop\\apps\\nodejs24\\current\\node.exe","osName":"Windows_NT","error":null},{"path":"C:\\msys64\\ucrt64\\bin\\node","osName":"MINGW32_NT-10.0","error":null},{"path":"C:\\msys64\\ucrt64\\bin\\node.exe","osName":"MINGW32_NT-10.0","error":null}]
2026/4/29 12:15:19: getting new Url ->  https://fan3.206102.xyz/v2ray免费账号/
2026/4/29 12:15:19: parse_data() -> https://fan3.206102.xyz/ss免费账号/
2026/4/29 12:15:19: parse_data() -> https://fan3.206102.xyz/v2ray免费账号/
2026/4/29 13:16:21Extracted src: https://fan3.206102.xyz/v2ray免费账号/
2026/4/29 13:16:14: nodePaths found in: [{"path":"C:\\Users\\Administrator\\scoop\\apps\\nodejs24\\current\\node.exe","osName":"Windows_NT","error":null},{"path":"C:\\msys64\\ucrt64\\bin\\node","osName":"MINGW32_NT-10.0","error":null},{"path":"C:\\msys64\\ucrt64\\bin\\node.exe","osName":"MINGW32_NT-10.0","error":null}]
2026/4/29 13:16:21: getting new Url ->  https://fan3.206102.xyz/v2ray免费账号/
2026/4/29 13:16:14: C:\Users\Administrator\scoop\apps\nodejs24\current\node.exe
2026/4/29 13:16:21: parse_data() -> https://fan3.206102.xyz/v2ray免费账号/
2026/4/29 13:16:21: parse_data() -> https://fan3.206102.xyz/ss免费账号/
2026/4/29 14:17:18Extracted src: https://fan3.206102.xyz/v2ray免费账号/
2026/4/29 14:17:13: nodePaths found in: [{"path":"C:\\Users\\Administrator\\scoop\\apps\\nodejs24\\current\\node.exe","osName":"Windows_NT","error":null},{"path":"C:\\msys64\\ucrt64\\bin\\node","osName":"MINGW32_NT-10.0","error":null},{"path":"C:\\msys64\\ucrt64\\bin\\node.exe","osName":"MINGW32_NT-10.0","error":null}]
2026/4/29 14:17:18: getting new Url ->  https://fan3.206102.xyz/v2ray免费账号/
2026/4/29 14:17:18: parse_data() -> https://fan3.206102.xyz/ss免费账号/
2026/4/29 14:17:18: parse_data() -> https://fan3.206102.xyz/v2ray免费账号/
2026/4/29 14:17:13: C:\Users\Administrator\scoop\apps\nodejs24\current\node.exe
2026/4/29 15:19:18Extracted src: https://fan3.206102.xyz/v2ray免费账号/
2026/4/29 15:19:13: nodePaths found in: [{"path":"C:\\Users\\Administrator\\scoop\\apps\\nodejs24\\current\\node.exe","osName":"Windows_NT","error":null},{"path":"C:\\msys64\\ucrt64\\bin\\node","osName":"MINGW32_NT-10.0","error":null},{"path":"C:\\msys64\\ucrt64\\bin\\node.exe","osName":"MINGW32_NT-10.0","error":null}]
2026/4/29 15:19:13: C:\Users\Administrator\scoop\apps\nodejs24\current\node.exe
2026/4/29 15:19:18: parse_data() -> https://fan3.206102.xyz/ss免费账号/
2026/4/29 15:19:18: getting new Url ->  https://fan3.206102.xyz/v2ray免费账号/
2026/4/29 15:19:18: parse_data() -> https://fan3.206102.xyz/v2ray免费账号/
2026/4/29 16:21:25 update_uri() -> Fetch error: AxiosError: Request failed with status code 502
2026/4/29 16:21:15: C:\Users\Administrator\scoop\apps\nodejs24\current\node.exe
2026/4/29 16:21:15: nodePaths found in: [{"path":"C:\\Users\\Administrator\\scoop\\apps\\nodejs24\\current\\node.exe","osName":"Windows_NT","error":null},{"path":"C:\\msys64\\ucrt64\\bin\\node","osName":"MINGW32_NT-10.0","error":null},{"path":"C:\\msys64\\ucrt64\\bin\\node.exe","osName":"MINGW32_NT-10.0","error":null}]
2026/4/29 16:21:25: getting new Url ->  null
2026/4/29 17:22:16Extracted src: https://fan3.206102.xyz/v2ray免费账号/
2026/4/29 17:22:12: nodePaths found in: [{"path":"C:\\Users\\Administrator\\scoop\\apps\\nodejs24\\current\\node.exe","osName":"Windows_NT","error":null},{"path":"C:\\msys64\\ucrt64\\bin\\node","osName":"MINGW32_NT-10.0","error":null},{"path":"C:\\msys64\\ucrt64\\bin\\node.exe","osName":"MINGW32_NT-10.0","error":null}]
2026/4/29 17:22:16: getting new Url ->  https://fan3.206102.xyz/v2ray免费账号/
2026/4/29 17:22:12: C:\Users\Administrator\scoop\apps\nodejs24\current\node.exe
2026/4/29 17:22:16: parse_data() -> https://fan3.206102.xyz/ss免费账号/
2026/4/29 17:22:16: parse_data() -> https://fan3.206102.xyz/v2ray免费账号/
2026/4/29 18:23:32Extracted src: https://fan3.206102.xyz/v2ray免费账号/
2026/4/29 18:23:19: nodePaths found in: [{"path":"C:\\Users\\Administrator\\scoop\\apps\\nodejs24\\current\\node.exe","osName":"Windows_NT","error":null},{"path":"C:\\msys64\\ucrt64\\bin\\node","osName":"MINGW32_NT-10.0","error":null},{"path":"C:\\msys64\\ucrt64\\bin\\node.exe","osName":"MINGW32_NT-10.0","error":null}]
2026/4/29 18:23:19: C:\Users\Administrator\scoop\apps\nodejs24\current\node.exe
2026/4/29 18:23:32: getting new Url ->  https://fan3.206102.xyz/v2ray免费账号/
2026/4/29 18:23:32: parse_data() -> https://fan3.206102.xyz/v2ray免费账号/
2026/4/29 18:23:32: parse_data() -> https://fan3.206102.xyz/ss免费账号/
2026/4/29 19:25:18Extracted src: https://fan3.206102.xyz/v2ray免费账号/
2026/4/29 19:25:15: nodePaths found in: [{"path":"C:\\Users\\Administrator\\scoop\\apps\\nodejs24\\current\\node.exe","osName":"Windows_NT","error":null},{"path":"C:\\msys64\\ucrt64\\bin\\node","osName":"MINGW32_NT-10.0","error":null},{"path":"C:\\msys64\\ucrt64\\bin\\node.exe","osName":"MINGW32_NT-10.0","error":null}]
2026/4/29 19:25:15: C:\Users\Administrator\scoop\apps\nodejs24\current\node.exe
2026/4/29 19:25:18: parse_data() -> https://fan3.206102.xyz/v2ray免费账号/
2026/4/29 19:25:18: getting new Url ->  https://fan3.206102.xyz/v2ray免费账号/
2026/4/29 19:25:18: parse_data() -> https://fan3.206102.xyz/ss免费账号/
2026/4/29 20:27:18Extracted src: https://fan3.206102.xyz/v2ray免费账号/
2026/4/29 20:27:15: nodePaths found in: [{"path":"C:\\Users\\Administrator\\scoop\\apps\\nodejs24\\current\\node.exe","osName":"Windows_NT","error":null},{"path":"C:\\msys64\\ucrt64\\bin\\node","osName":"MINGW32_NT-10.0","error":null},{"path":"C:\\msys64\\ucrt64\\bin\\node.exe","osName":"MINGW32_NT-10.0","error":null}]
2026/4/29 20:27:18: parse_data() -> https://fan3.206102.xyz/v2ray免费账号/
2026/4/29 20:27:18: getting new Url ->  https://fan3.206102.xyz/v2ray免费账号/
2026/4/29 20:27:15: C:\Users\Administrator\scoop\apps\nodejs24\current\node.exe
2026/4/29 20:27:18: parse_data() -> https://fan3.206102.xyz/ss免费账号/
2026/4/29 22:31:14Extracted src: https://fan3.206102.xyz/v2ray免费账号/
2026/4/29 22:31:14: getting new Url ->  https://fan3.206102.xyz/v2ray免费账号/
2026/4/29 22:31:12: nodePaths found in: [{"path":"C:\\Users\\Administrator\\scoop\\apps\\nodejs24\\current\\node.exe","osName":"Windows_NT","error":null},{"path":"C:\\msys64\\ucrt64\\bin\\node","osName":"MINGW32_NT-10.0","error":null},{"path":"C:\\msys64\\ucrt64\\bin\\node.exe","osName":"MINGW32_NT-10.0","error":null}]
2026/4/29 22:31:14: parse_data() -> https://fan3.206102.xyz/v2ray免费账号/
2026/4/29 22:31:14: parse_data() -> https://fan3.206102.xyz/ss免费账号/
2026/4/29 22:31:12: C:\Users\Administrator\scoop\apps\nodejs24\current\node.exe
2026/4/29 23:33:14Extracted src: https://fan3.206102.xyz/v2ray免费账号/
2026/4/29 23:33:12: nodePaths found in: [{"path":"C:\\Users\\Administrator\\scoop\\apps\\nodejs24\\current\\node.exe","osName":"Windows_NT","error":null},{"path":"C:\\msys64\\ucrt64\\bin\\node","osName":"MINGW32_NT-10.0","error":null},{"path":"C:\\msys64\\ucrt64\\bin\\node.exe","osName":"MINGW32_NT-10.0","error":null}]
2026/4/29 23:33:14: parse_data() -> https://fan3.206102.xyz/v2ray免费账号/
2026/4/29 23:33:12: C:\Users\Administrator\scoop\apps\nodejs24\current\node.exe
2026/4/29 23:33:14: parse_data() -> https://fan3.206102.xyz/ss免费账号/
2026/4/29 23:33:14: getting new Url ->  https://fan3.206102.xyz/v2ray免费账号/
2026/4/30 09:02:49 update_uri() -> Fetch error: AxiosError: Request failed with status code 502
2026/4/30 09:02:49: C:\Users\Administrator\scoop\apps\nodejs24\current\node.exe
2026/4/30 09:02:49: nodePaths found in: [{"path":"C:\\Users\\Administrator\\scoop\\apps\\nodejs24\\current\\node.exe","osName":"Windows_NT","error":null},{"path":"C:\\msys64\\ucrt64\\bin\\node","osName":"MINGW32_NT-10.0","error":null},{"path":"C:\\msys64\\ucrt64\\bin\\node.exe","osName":"MINGW32_NT-10.0","error":null}]
2026/4/30 09:02:49: getting new Url ->  null
2026/4/30 10:03:47Extracted src: https://fan3.206102.xyz/v2ray免费账号/
2026/4/30 10:03:45: nodePaths found in: [{"path":"C:\\Users\\Administrator\\scoop\\apps\\nodejs24\\current\\node.exe","osName":"Windows_NT","error":null},{"path":"C:\\msys64\\ucrt64\\bin\\node","osName":"MINGW32_NT-10.0","error":null},{"path":"C:\\msys64\\ucrt64\\bin\\node.exe","osName":"MINGW32_NT-10.0","error":null}]
2026/4/30 10:03:45: C:\Users\Administrator\scoop\apps\nodejs24\current\node.exe
2026/4/30 10:03:47: getting new Url ->  https://fan3.206102.xyz/v2ray免费账号/
2026/4/30 10:03:47: parse_data() -> https://fan3.206102.xyz/v2ray免费账号/
2026/4/30 10:03:47: parse_data() -> https://fan3.206102.xyz/ss免费账号/
2026/4/30 11:04:47Extracted src: https://fan3.206102.xyz/v2ray免费账号/
2026/4/30 11:04:45: nodePaths found in: [{"path":"C:\\Users\\Administrator\\scoop\\apps\\nodejs24\\current\\node.exe","osName":"Windows_NT","error":null},{"path":"C:\\msys64\\ucrt64\\bin\\node","osName":"MINGW32_NT-10.0","error":null},{"path":"C:\\msys64\\ucrt64\\bin\\node.exe","osName":"MINGW32_NT-10.0","error":null}]
2026/4/30 11:04:45: C:\Users\Administrator\scoop\apps\nodejs24\current\node.exe
2026/4/30 11:04:47: getting new Url ->  https://fan3.206102.xyz/v2ray免费账号/
2026/4/30 11:04:47: parse_data() -> https://fan3.206102.xyz/v2ray免费账号/
2026/4/30 11:04:47: parse_data() -> https://fan3.206102.xyz/ss免费账号/
2026/4/30 12:05:47Extracted src: https://fan3.206102.xyz/v2ray免费账号/
2026/4/30 12:05:45: nodePaths found in: [{"path":"C:\\Users\\Administrator\\scoop\\apps\\nodejs24\\current\\node.exe","osName":"Windows_NT","error":null},{"path":"C:\\msys64\\ucrt64\\bin\\node","osName":"MINGW32_NT-10.0","error":null},{"path":"C:\\msys64\\ucrt64\\bin\\node.exe","osName":"MINGW32_NT-10.0","error":null}]
2026/4/30 12:05:45: C:\Users\Administrator\scoop\apps\nodejs24\current\node.exe
2026/4/30 12:05:47: parse_data() -> https://fan3.206102.xyz/ss免费账号/
2026/4/30 12:05:47: getting new Url ->  https://fan3.206102.xyz/v2ray免费账号/
2026/4/30 12:05:47: parse_data() -> https://fan3.206102.xyz/v2ray免费账号/
2026/4/30 13:06:47Extracted src: https://fan3.206102.xyz/v2ray免费账号/
2026/4/30 13:06:45: C:\Users\Administrator\scoop\apps\nodejs24\current\node.exe
2026/4/30 13:06:47: getting new Url ->  https://fan3.206102.xyz/v2ray免费账号/
2026/4/30 13:06:45: nodePaths found in: [{"path":"C:\\Users\\Administrator\\scoop\\apps\\nodejs24\\current\\node.exe","osName":"Windows_NT","error":null},{"path":"C:\\msys64\\ucrt64\\bin\\node","osName":"MINGW32_NT-10.0","error":null},{"path":"C:\\msys64\\ucrt64\\bin\\node.exe","osName":"MINGW32_NT-10.0","error":null}]
2026/4/30 13:06:47: parse_data() -> https://fan3.206102.xyz/ss免费账号/
2026/4/30 13:06:47: parse_data() -> https://fan3.206102.xyz/v2ray免费账号/
2026/4/30 14:07:47Extracted src: https://fan3.206102.xyz/v2ray免费账号/
2026/4/30 14:07:45: C:\Users\Administrator\scoop\apps\nodejs24\current\node.exe
2026/4/30 14:07:45: nodePaths found in: [{"path":"C:\\Users\\Administrator\\scoop\\apps\\nodejs24\\current\\node.exe","osName":"Windows_NT","error":null},{"path":"C:\\msys64\\ucrt64\\bin\\node","osName":"MINGW32_NT-10.0","error":null},{"path":"C:\\msys64\\ucrt64\\bin\\node.exe","osName":"MINGW32_NT-10.0","error":null}]
2026/4/30 14:07:47: parse_data() -> https://fan3.206102.xyz/v2ray免费账号/
2026/4/30 14:07:47: parse_data() -> https://fan3.206102.xyz/ss免费账号/
2026/4/30 14:07:47: getting new Url ->  https://fan3.206102.xyz/v2ray免费账号/
2026/4/30 15:08:47Extracted src: https://fan3.206102.xyz/v2ray免费账号/
2026/4/30 15:08:45: nodePaths found in: [{"path":"C:\\Users\\Administrator\\scoop\\apps\\nodejs24\\current\\node.exe","osName":"Windows_NT","error":null},{"path":"C:\\msys64\\ucrt64\\bin\\node","osName":"MINGW32_NT-10.0","error":null},{"path":"C:\\msys64\\ucrt64\\bin\\node.exe","osName":"MINGW32_NT-10.0","error":null}]
2026/4/30 15:08:45: C:\Users\Administrator\scoop\apps\nodejs24\current\node.exe
2026/4/30 15:08:47: getting new Url ->  https://fan3.206102.xyz/v2ray免费账号/
2026/4/30 15:08:47: parse_data() -> https://fan3.206102.xyz/v2ray免费账号/
2026/4/30 15:08:47: parse_data() -> https://fan3.206102.xyz/ss免费账号/
2026/4/30 16:09:48Extracted src: https://fan3.206102.xyz/v2ray免费账号/
2026/4/30 16:09:45: C:\Users\Administrator\scoop\apps\nodejs24\current\node.exe
2026/4/30 16:09:45: nodePaths found in: [{"path":"C:\\Users\\Administrator\\scoop\\apps\\nodejs24\\current\\node.exe","osName":"Windows_NT","error":null},{"path":"C:\\msys64\\ucrt64\\bin\\node","osName":"MINGW32_NT-10.0","error":null},{"path":"C:\\msys64\\ucrt64\\bin\\node.exe","osName":"MINGW32_NT-10.0","error":null}]
2026/4/30 16:09:48: getting new Url ->  https://fan3.206102.xyz/v2ray免费账号/
2026/4/30 16:09:48: parse_data() -> https://fan3.206102.xyz/v2ray免费账号/
2026/4/30 16:09:48: parse_data() -> https://fan3.206102.xyz/ss免费账号/
2026/4/30 17:10:47Extracted src: https://fan3.206102.xyz/v2ray免费账号/
2026/4/30 17:10:47: getting new Url ->  https://fan3.206102.xyz/v2ray免费账号/
2026/4/30 17:10:45: nodePaths found in: [{"path":"C:\\Users\\Administrator\\scoop\\apps\\nodejs24\\current\\node.exe","osName":"Windows_NT","error":null},{"path":"C:\\msys64\\ucrt64\\bin\\node","osName":"MINGW32_NT-10.0","error":null},{"path":"C:\\msys64\\ucrt64\\bin\\node.exe","osName":"MINGW32_NT-10.0","error":null}]
2026/4/30 17:10:47: parse_data() -> https://fan3.206102.xyz/v2ray免费账号/
2026/4/30 17:10:45: C:\Users\Administrator\scoop\apps\nodejs24\current\node.exe
2026/4/30 17:10:47: parse_data() -> https://fan3.206102.xyz/ss免费账号/
2026/4/30 18:16:12 update_uri() -> Fetch error: Error: read ECONNRESET
2026/4/30 19:16:48Extracted src: https://fan3.206102.xyz/v2ray免费账号/
2026/4/30 19:16:46: C:\Users\Administrator\scoop\apps\nodejs24\current\node.exe
2026/4/30 19:16:46: nodePaths found in: [{"path":"C:\\Users\\Administrator\\scoop\\apps\\nodejs24\\current\\node.exe","osName":"Windows_NT","error":null},{"path":"C:\\msys64\\ucrt64\\bin\\node","osName":"MINGW32_NT-10.0","error":null},{"path":"C:\\msys64\\ucrt64\\bin\\node.exe","osName":"MINGW32_NT-10.0","error":null}]
2026/4/30 19:16:48: parse_data() -> https://fan3.206102.xyz/v2ray免费账号/
2026/4/30 19:16:48: getting new Url ->  https://fan3.206102.xyz/v2ray免费账号/
2026/4/30 19:16:48: parse_data() -> https://fan3.206102.xyz/ss免费账号/
2026/4/30 20:17:47Extracted src: https://fan3.206102.xyz/v2ray免费账号/
2026/4/30 20:17:45: nodePaths found in: [{"path":"C:\\Users\\Administrator\\scoop\\apps\\nodejs24\\current\\node.exe","osName":"Windows_NT","error":null},{"path":"C:\\msys64\\ucrt64\\bin\\node","osName":"MINGW32_NT-10.0","error":null},{"path":"C:\\msys64\\ucrt64\\bin\\node.exe","osName":"MINGW32_NT-10.0","error":null}]
2026/4/30 20:17:47: parse_data() -> https://fan3.206102.xyz/v2ray免费账号/
2026/4/30 20:17:45: C:\Users\Administrator\scoop\apps\nodejs24\current\node.exe
2026/4/30 20:17:47: getting new Url ->  https://fan3.206102.xyz/v2ray免费账号/
2026/4/30 20:17:47: parse_data() -> https://fan3.206102.xyz/ss免费账号/
2026/4/30 21:18:47Extracted src: https://fan3.206102.xyz/v2ray免费账号/
2026/4/30 21:18:45: nodePaths found in: [{"path":"C:\\Users\\Administrator\\scoop\\apps\\nodejs24\\current\\node.exe","osName":"Windows_NT","error":null},{"path":"C:\\msys64\\ucrt64\\bin\\node","osName":"MINGW32_NT-10.0","error":null},{"path":"C:\\msys64\\ucrt64\\bin\\node.exe","osName":"MINGW32_NT-10.0","error":null}]
2026/4/30 21:18:45: C:\Users\Administrator\scoop\apps\nodejs24\current\node.exe
2026/4/30 21:18:47: getting new Url ->  https://fan3.206102.xyz/v2ray免费账号/
2026/4/30 21:18:47: parse_data() -> https://fan3.206102.xyz/v2ray免费账号/
2026/4/30 21:18:47: parse_data() -> https://fan3.206102.xyz/ss免费账号/
2026/4/30 22:19:47Extracted src: https://fan3.206102.xyz/v2ray免费账号/
2026/4/30 22:19:45: nodePaths found in: [{"path":"C:\\Users\\Administrator\\scoop\\apps\\nodejs24\\current\\node.exe","osName":"Windows_NT","error":null},{"path":"C:\\msys64\\ucrt64\\bin\\node","osName":"MINGW32_NT-10.0","error":null},{"path":"C:\\msys64\\ucrt64\\bin\\node.exe","osName":"MINGW32_NT-10.0","error":null}]
2026/4/30 22:19:45: C:\Users\Administrator\scoop\apps\nodejs24\current\node.exe
2026/4/30 22:19:47: getting new Url ->  https://fan3.206102.xyz/v2ray免费账号/
2026/4/30 22:19:47: parse_data() -> https://fan3.206102.xyz/v2ray免费账号/
2026/4/30 22:19:47: parse_data() -> https://fan3.206102.xyz/ss免费账号/
2026/4/30 23:20:47Extracted src: https://fan3.206102.xyz/v2ray免费账号/
2026/4/30 23:20:45: C:\Users\Administrator\scoop\apps\nodejs24\current\node.exe
2026/4/30 23:20:45: nodePaths found in: [{"path":"C:\\Users\\Administrator\\scoop\\apps\\nodejs24\\current\\node.exe","osName":"Windows_NT","error":null},{"path":"C:\\msys64\\ucrt64\\bin\\node","osName":"MINGW32_NT-10.0","error":null},{"path":"C:\\msys64\\ucrt64\\bin\\node.exe","osName":"MINGW32_NT-10.0","error":null}]
2026/4/30 23:20:47: parse_data() -> https://fan3.206102.xyz/v2ray免费账号/
2026/4/30 23:20:47: getting new Url ->  https://fan3.206102.xyz/v2ray免费账号/
2026/4/30 23:20:47: parse_data() -> https://fan3.206102.xyz/ss免费账号/
2026/5/3 09:48:30 update_uri() -> Fetch error: AxiosError: Request failed with status code 502
2026/5/3 09:48:30: nodePaths found in: [{"path":"C:\\Users\\Administrator\\scoop\\apps\\nodejs24\\current\\node.exe","osName":"Windows_NT","error":null},{"path":"C:\\msys64\\ucrt64\\bin\\node","osName":"MINGW32_NT-10.0","error":null},{"path":"C:\\msys64\\ucrt64\\bin\\node.exe","osName":"MINGW32_NT-10.0","error":null}]
2026/5/3 09:48:30: C:\Users\Administrator\scoop\apps\nodejs24\current\node.exe
2026/5/3 09:48:30: getting new Url ->  null
2026/5/3 10:49:28Extracted src: https://fan3.206102.xyz/v2ray免费账号/
2026/5/3 10:49:25: C:\Users\Administrator\scoop\apps\nodejs24\current\node.exe
2026/5/3 10:49:25: nodePaths found in: [{"path":"C:\\Users\\Administrator\\scoop\\apps\\nodejs24\\current\\node.exe","osName":"Windows_NT","error":null},{"path":"C:\\msys64\\ucrt64\\bin\\node","osName":"MINGW32_NT-10.0","error":null},{"path":"C:\\msys64\\ucrt64\\bin\\node.exe","osName":"MINGW32_NT-10.0","error":null}]
2026/5/3 10:49:28: getting new Url ->  https://fan3.206102.xyz/v2ray免费账号/
2026/5/3 10:49:28: parse_data() -> https://fan3.206102.xyz/v2ray免费账号/
2026/5/3 10:49:28: parse_data() -> https://fan3.206102.xyz/ss免费账号/
2026/5/3 11:50:10 update_uri() -> Fetch error: AxiosError: Request failed with status code 502
2026/5/3 11:50:05: nodePaths found in: [{"path":"C:\\Users\\Administrator\\scoop\\apps\\nodejs24\\current\\node.exe","osName":"Windows_NT","error":null},{"path":"C:\\msys64\\ucrt64\\bin\\node","osName":"MINGW32_NT-10.0","error":null},{"path":"C:\\msys64\\ucrt64\\bin\\node.exe","osName":"MINGW32_NT-10.0","error":null}]
2026/5/3 11:50:10: getting new Url ->  null
2026/5/3 11:50:05: C:\Users\Administrator\scoop\apps\nodejs24\current\node.exe
2026/5/3 19:44:26 update_uri() -> Fetch error: AxiosError: Request failed with status code 502
2026/5/3 19:44:21: nodePaths found in: [{"path":"C:\\Users\\Administrator\\scoop\\apps\\nodejs24\\current\\node.exe","osName":"Windows_NT","error":null},{"path":"C:\\msys64\\ucrt64\\bin\\node","osName":"MINGW32_NT-10.0","error":null},{"path":"C:\\msys64\\ucrt64\\bin\\node.exe","osName":"MINGW32_NT-10.0","error":null}]
2026/5/3 19:44:21: C:\Users\Administrator\scoop\apps\nodejs24\current\node.exe
2026/5/3 19:44:26: getting new Url ->  null
2026/5/3 23:32:18 update_uri() -> Fetch error: AxiosError: Request failed with status code 502
2026/5/3 23:32:08: nodePaths found in: [{"path":"C:\\Users\\Administrator\\scoop\\apps\\nodejs24\\current\\node.exe","osName":"Windows_NT","error":null},{"path":"C:\\msys64\\ucrt64\\bin\\node","osName":"MINGW32_NT-10.0","error":null},{"path":"C:\\msys64\\ucrt64\\bin\\node.exe","osName":"MINGW32_NT-10.0","error":null}]
2026/5/3 23:32:18: getting new Url ->  null
2026/5/3 23:32:08: C:\Users\Administrator\scoop\apps\nodejs24\current\node.exe
2026/5/3 23:33:02 update_uri() -> Fetch error: AxiosError: Request failed with status code 502
2026/5/3 23:32:52: nodePaths found in: [{"path":"C:\\Users\\Administrator\\scoop\\apps\\nodejs24\\current\\node.exe","osName":"Windows_NT","error":null},{"path":"C:\\msys64\\ucrt64\\bin\\node","osName":"MINGW32_NT-10.0","error":null},{"path":"C:\\msys64\\ucrt64\\bin\\node.exe","osName":"MINGW32_NT-10.0","error":null}]
2026/5/3 23:32:52: C:\Users\Administrator\scoop\apps\nodejs24\current\node.exe
2026/5/3 23:33:02: getting new Url ->  null
2026/5/3 23:38:03Extracted src: https://fan3.206102.xyz/v2ray免费账号/
2026/5/3 23:37:59: C:\Users\Administrator\scoop\apps\nodejs24\current\node.exe
2026/5/3 23:37:59: nodePaths found in: [{"path":"C:\\Users\\Administrator\\scoop\\apps\\nodejs24\\current\\node.exe","osName":"Windows_NT","error":null},{"path":"C:\\msys64\\ucrt64\\bin\\node","osName":"MINGW32_NT-10.0","error":null},{"path":"C:\\msys64\\ucrt64\\bin\\node.exe","osName":"MINGW32_NT-10.0","error":null}]
2026/5/3 23:38:03: getting new Url ->  https://fan3.206102.xyz/v2ray免费账号/
2026/5/3 23:38:03: parse_data() -> https://fan3.206102.xyz/ss免费账号/
2026/5/3 23:38:03: parse_data() -> https://fan3.206102.xyz/v2ray免费账号/
2026/5/4 00:54:40 update_uri() -> Fetch error: AxiosError: Request failed with status code 502
2026/5/4 00:54:40: nodePaths found in: [{"path":"C:\\Users\\Administrator\\scoop\\apps\\nodejs24\\current\\node.exe","osName":"Windows_NT","error":null},{"path":"C:\\msys64\\ucrt64\\bin\\node","osName":"MINGW32_NT-10.0","error":null},{"path":"C:\\msys64\\ucrt64\\bin\\node.exe","osName":"MINGW32_NT-10.0","error":null}]
2026/5/4 00:54:40: getting new Url ->  null
2026/5/4 00:54:40: C:\Users\Administrator\scoop\apps\nodejs24\current\node.exe
2026/5/4 10:40:02 update_uri() -> Fetch error: AxiosError: Request failed with status code 502
2026/5/4 10:40:02: C:\Users\Administrator\scoop\apps\nodejs24\current\node.exe
2026/5/4 10:40:02: nodePaths found in: [{"path":"C:\\Users\\Administrator\\scoop\\apps\\nodejs24\\current\\node.exe","osName":"Windows_NT","error":null},{"path":"C:\\msys64\\ucrt64\\bin\\node","osName":"MINGW32_NT-10.0","error":null},{"path":"C:\\msys64\\ucrt64\\bin\\node.exe","osName":"MINGW32_NT-10.0","error":null}]
2026/5/4 10:40:02: getting new Url ->  null
2026/5/4 11:40:48Extracted src: https://fan3.206102.xyz/v2ray免费账号/
2026/5/4 11:40:46: C:\Users\Administrator\scoop\apps\nodejs24\current\node.exe
2026/5/4 11:40:46: nodePaths found in: [{"path":"C:\\Users\\Administrator\\scoop\\apps\\nodejs24\\current\\node.exe","osName":"Windows_NT","error":null},{"path":"C:\\msys64\\ucrt64\\bin\\node","osName":"MINGW32_NT-10.0","error":null},{"path":"C:\\msys64\\ucrt64\\bin\\node.exe","osName":"MINGW32_NT-10.0","error":null}]
2026/5/4 11:40:48: getting new Url ->  https://fan3.206102.xyz/v2ray免费账号/
2026/5/4 11:40:48: parse_data() -> https://fan3.206102.xyz/ss免费账号/
2026/5/4 11:40:48: parse_data() -> https://fan3.206102.xyz/v2ray免费账号/
2026/5/4 12:41:49Extracted src: https://fan3.206102.xyz/v2ray免费账号/
2026/5/4 12:41:46: nodePaths found in: [{"path":"C:\\Users\\Administrator\\scoop\\apps\\nodejs24\\current\\node.exe","osName":"Windows_NT","error":null},{"path":"C:\\msys64\\ucrt64\\bin\\node","osName":"MINGW32_NT-10.0","error":null},{"path":"C:\\msys64\\ucrt64\\bin\\node.exe","osName":"MINGW32_NT-10.0","error":null}]
2026/5/4 12:41:49: getting new Url ->  https://fan3.206102.xyz/v2ray免费账号/
2026/5/4 12:41:46: C:\Users\Administrator\scoop\apps\nodejs24\current\node.exe
2026/5/4 12:41:49: parse_data() -> https://fan3.206102.xyz/ss免费账号/
2026/5/4 12:41:49: parse_data() -> https://fan3.206102.xyz/v2ray免费账号/
2026/5/4 14:14:49Extracted src: https://fan3.206102.xyz/v2ray免费账号/
2026/5/4 14:14:46: nodePaths found in: [{"path":"C:\\Users\\Administrator\\scoop\\apps\\nodejs24\\current\\node.exe","osName":"Windows_NT","error":null},{"path":"C:\\msys64\\ucrt64\\bin\\node","osName":"MINGW32_NT-10.0","error":null},{"path":"C:\\msys64\\ucrt64\\bin\\node.exe","osName":"MINGW32_NT-10.0","error":null}]
2026/5/4 14:14:50: getting new Url ->  https://fan3.206102.xyz/v2ray免费账号/
2026/5/4 14:14:46: C:\Users\Administrator\scoop\apps\nodejs24\current\node.exe
2026/5/4 14:14:50: parse_data() -> https://fan3.206102.xyz/ss免费账号/
2026/5/4 14:14:50: parse_data() -> https://fan3.206102.xyz/v2ray免费账号/
2026/5/4 15:15:49Extracted src: https://fan3.206102.xyz/v2ray免费账号/
2026/5/4 15:15:46: nodePaths found in: [{"path":"C:\\Users\\Administrator\\scoop\\apps\\nodejs24\\current\\node.exe","osName":"Windows_NT","error":null},{"path":"C:\\msys64\\ucrt64\\bin\\node","osName":"MINGW32_NT-10.0","error":null},{"path":"C:\\msys64\\ucrt64\\bin\\node.exe","osName":"MINGW32_NT-10.0","error":null}]
2026/5/4 15:15:49: parse_data() -> https://fan3.206102.xyz/v2ray免费账号/
2026/5/4 15:15:46: C:\Users\Administrator\scoop\apps\nodejs24\current\node.exe
2026/5/4 15:15:49: getting new Url ->  https://fan3.206102.xyz/v2ray免费账号/
2026/5/4 15:15:49: parse_data() -> https://fan3.206102.xyz/ss免费账号/
2026/5/4 16:16:48Extracted src: https://fan3.206102.xyz/v2ray免费账号/
2026/5/4 16:16:46: nodePaths found in: [{"path":"C:\\Users\\Administrator\\scoop\\apps\\nodejs24\\current\\node.exe","osName":"Windows_NT","error":null},{"path":"C:\\msys64\\ucrt64\\bin\\node","osName":"MINGW32_NT-10.0","error":null},{"path":"C:\\msys64\\ucrt64\\bin\\node.exe","osName":"MINGW32_NT-10.0","error":null}]
2026/5/4 16:16:46: C:\Users\Administrator\scoop\apps\nodejs24\current\node.exe
2026/5/4 16:16:48: parse_data() -> https://fan3.206102.xyz/ss免费账号/
2026/5/4 16:16:48: parse_data() -> https://fan3.206102.xyz/v2ray免费账号/
2026/5/4 16:16:48: getting new Url ->  https://fan3.206102.xyz/v2ray免费账号/
2026/5/4 17:17:49Extracted src: https://fan3.206102.xyz/v2ray免费账号/
2026/5/4 17:17:46: nodePaths found in: [{"path":"C:\\Users\\Administrator\\scoop\\apps\\nodejs24\\current\\node.exe","osName":"Windows_NT","error":null},{"path":"C:\\msys64\\ucrt64\\bin\\node","osName":"MINGW32_NT-10.0","error":null},{"path":"C:\\msys64\\ucrt64\\bin\\node.exe","osName":"MINGW32_NT-10.0","error":null}]
2026/5/4 17:17:49: getting new Url ->  https://fan3.206102.xyz/v2ray免费账号/
2026/5/4 17:17:46: C:\Users\Administrator\scoop\apps\nodejs24\current\node.exe
2026/5/4 17:17:49: parse_data() -> https://fan3.206102.xyz/v2ray免费账号/
2026/5/4 17:17:49: parse_data() -> https://fan3.206102.xyz/ss免费账号/
2026/5/5 09:20:57Extracted src: https://fan3.206102.xyz/v2ray免费账号/
2026/5/5 09:20:54: nodePaths found in: [{"path":"C:\\Users\\Administrator\\scoop\\apps\\nodejs24\\current\\node.exe","osName":"Windows_NT","error":null},{"path":"C:\\msys64\\ucrt64\\bin\\node","osName":"MINGW32_NT-10.0","error":null},{"path":"C:\\msys64\\ucrt64\\bin\\node.exe","osName":"MINGW32_NT-10.0","error":null}]
2026/5/5 09:20:54: C:\Users\Administrator\scoop\apps\nodejs24\current\node.exe
2026/5/5 09:20:57: parse_data() -> https://fan3.206102.xyz/v2ray免费账号/
2026/5/5 09:20:57: getting new Url ->  https://fan3.206102.xyz/v2ray免费账号/
2026/5/5 09:20:57: parse_data() -> https://fan3.206102.xyz/ss免费账号/
2026/5/5 10:36:55 update_uri() -> Fetch error: AxiosError: Request failed with status code 502
2026/5/5 10:36:55: nodePaths found in: [{"path":"C:\\Users\\Administrator\\scoop\\apps\\nodejs24\\current\\node.exe","osName":"Windows_NT","error":null},{"path":"C:\\msys64\\ucrt64\\bin\\node","osName":"MINGW32_NT-10.0","error":null},{"path":"C:\\msys64\\ucrt64\\bin\\node.exe","osName":"MINGW32_NT-10.0","error":null}]
2026/5/5 10:36:55: C:\Users\Administrator\scoop\apps\nodejs24\current\node.exe
2026/5/5 10:36:55: getting new Url ->  null
2026/5/5 11:37:10Extracted src: https://fan3.206102.xyz/v2ray免费账号/
2026/5/5 11:37:08: nodePaths found in: [{"path":"C:\\Users\\Administrator\\scoop\\apps\\nodejs24\\current\\node.exe","osName":"Windows_NT","error":null},{"path":"C:\\msys64\\ucrt64\\bin\\node","osName":"MINGW32_NT-10.0","error":null},{"path":"C:\\msys64\\ucrt64\\bin\\node.exe","osName":"MINGW32_NT-10.0","error":null}]
2026/5/5 11:37:08: C:\Users\Administrator\scoop\apps\nodejs24\current\node.exe
2026/5/5 11:37:10: getting new Url ->  https://fan3.206102.xyz/v2ray免费账号/
2026/5/5 11:37:10: parse_data() -> https://fan3.206102.xyz/v2ray免费账号/
2026/5/5 11:37:10: parse_data() -> https://fan3.206102.xyz/ss免费账号/
2026/5/5 12:38:10Extracted src: https://fan3.206102.xyz/v2ray免费账号/
2026/5/5 12:38:07: nodePaths found in: [{"path":"C:\\Users\\Administrator\\scoop\\apps\\nodejs24\\current\\node.exe","osName":"Windows_NT","error":null},{"path":"C:\\msys64\\ucrt64\\bin\\node","osName":"MINGW32_NT-10.0","error":null},{"path":"C:\\msys64\\ucrt64\\bin\\node.exe","osName":"MINGW32_NT-10.0","error":null}]
2026/5/5 12:38:10: getting new Url ->  https://fan3.206102.xyz/v2ray免费账号/
2026/5/5 12:38:07: C:\Users\Administrator\scoop\apps\nodejs24\current\node.exe
2026/5/5 12:38:10: parse_data() -> https://fan3.206102.xyz/v2ray免费账号/
2026/5/5 12:38:10: parse_data() -> https://fan3.206102.xyz/ss免费账号/
2026/5/5 13:39:10Extracted src: https://fan3.206102.xyz/v2ray免费账号/
2026/5/5 13:39:10: getting new Url ->  https://fan3.206102.xyz/v2ray免费账号/
2026/5/5 13:39:08: nodePaths found in: [{"path":"C:\\Users\\Administrator\\scoop\\apps\\nodejs24\\current\\node.exe","osName":"Windows_NT","error":null},{"path":"C:\\msys64\\ucrt64\\bin\\node","osName":"MINGW32_NT-10.0","error":null},{"path":"C:\\msys64\\ucrt64\\bin\\node.exe","osName":"MINGW32_NT-10.0","error":null}]
2026/5/5 13:39:08: C:\Users\Administrator\scoop\apps\nodejs24\current\node.exe
2026/5/5 13:39:10: parse_data() -> https://fan3.206102.xyz/v2ray免费账号/
2026/5/5 13:39:10: parse_data() -> https://fan3.206102.xyz/ss免费账号/
2026/5/5 14:40:11Extracted src: https://fan3.206102.xyz/v2ray免费账号/
2026/5/5 14:40:11: parse_data() -> https://fan3.206102.xyz/v2ray免费账号/
2026/5/5 14:40:08: nodePaths found in: [{"path":"C:\\Users\\Administrator\\scoop\\apps\\nodejs24\\current\\node.exe","osName":"Windows_NT","error":null},{"path":"C:\\msys64\\ucrt64\\bin\\node","osName":"MINGW32_NT-10.0","error":null},{"path":"C:\\msys64\\ucrt64\\bin\\node.exe","osName":"MINGW32_NT-10.0","error":null}]
2026/5/5 14:40:11: getting new Url ->  https://fan3.206102.xyz/v2ray免费账号/
2026/5/5 14:40:08: C:\Users\Administrator\scoop\apps\nodejs24\current\node.exe
2026/5/5 14:40:11: parse_data() -> https://fan3.206102.xyz/ss免费账号/
2026/5/5 19:27:40Extracted src: https://fan3.206102.xyz/v2ray免费账号/
2026/5/5 19:27:38: C:\Users\Administrator\scoop\apps\nodejs24\current\node.exe
2026/5/5 19:27:38: nodePaths found in: [{"path":"C:\\Users\\Administrator\\scoop\\apps\\nodejs24\\current\\node.exe","osName":"Windows_NT","error":null},{"path":"C:\\msys64\\ucrt64\\bin\\node","osName":"MINGW32_NT-10.0","error":null},{"path":"C:\\msys64\\ucrt64\\bin\\node.exe","osName":"MINGW32_NT-10.0","error":null}]
2026/5/5 19:27:40: parse_data() -> https://fan3.206102.xyz/v2ray免费账号/
2026/5/5 19:27:40: getting new Url ->  https://fan3.206102.xyz/v2ray免费账号/
2026/5/5 19:27:40: parse_data() -> https://fan3.206102.xyz/ss免费账号/
2026/5/5 21:01:21 update_uri() -> Fetch error: Error: read ECONNRESET
2026/5/5 21:01:29Extracted src: https://fan3.206102.xyz/v2ray免费账号/
2026/5/5 21:01:27: nodePaths found in: [{"path":"C:\\Users\\Administrator\\scoop\\apps\\nodejs24\\current\\node.exe","osName":"Windows_NT","error":null},{"path":"C:\\msys64\\ucrt64\\bin\\node","osName":"MINGW32_NT-10.0","error":null},{"path":"C:\\msys64\\ucrt64\\bin\\node.exe","osName":"MINGW32_NT-10.0","error":null}]
2026/5/5 21:01:29: parse_data() -> https://fan3.206102.xyz/v2ray免费账号/
2026/5/5 21:01:27: C:\Users\Administrator\scoop\apps\nodejs24\current\node.exe
2026/5/5 21:01:29: getting new Url ->  https://fan3.206102.xyz/v2ray免费账号/
2026/5/5 21:01:29: parse_data() -> https://fan3.206102.xyz/ss免费账号/
2026/5/5 22:02:10Extracted src: https://fan3.206102.xyz/v2ray免费账号/
2026/5/5 22:02:07: nodePaths found in: [{"path":"C:\\Users\\Administrator\\scoop\\apps\\nodejs24\\current\\node.exe","osName":"Windows_NT","error":null},{"path":"C:\\msys64\\ucrt64\\bin\\node","osName":"MINGW32_NT-10.0","error":null},{"path":"C:\\msys64\\ucrt64\\bin\\node.exe","osName":"MINGW32_NT-10.0","error":null}]
2026/5/5 22:02:10: getting new Url ->  https://fan3.206102.xyz/v2ray免费账号/
2026/5/5 22:02:10: parse_data() -> https://fan3.206102.xyz/ss免费账号/
2026/5/5 22:02:07: C:\Users\Administrator\scoop\apps\nodejs24\current\node.exe
2026/5/5 22:02:10: parse_data() -> https://fan3.206102.xyz/v2ray免费账号/
2026/5/5 22:02:13: parse.js -> Fetch error: AxiosError: Request failed with status code 500
2026/5/5 22:03:09Extracted src: https://fan3.206102.xyz/v2ray免费账号/
2026/5/5 22:03:07: nodePaths found in: [{"path":"C:\\Users\\Administrator\\scoop\\apps\\nodejs24\\current\\node.exe","osName":"Windows_NT","error":null},{"path":"C:\\msys64\\ucrt64\\bin\\node","osName":"MINGW32_NT-10.0","error":null},{"path":"C:\\msys64\\ucrt64\\bin\\node.exe","osName":"MINGW32_NT-10.0","error":null}]
2026/5/5 22:03:09: getting new Url ->  https://fan3.206102.xyz/v2ray免费账号/
2026/5/5 22:03:09: parse_data() -> https://fan3.206102.xyz/v2ray免费账号/
2026/5/5 22:03:07: C:\Users\Administrator\scoop\apps\nodejs24\current\node.exe
2026/5/5 22:03:09: parse_data() -> https://fan3.206102.xyz/ss免费账号/
2026/5/5 22:03:09: parse.js -> Fetch error: AxiosError: Request failed with status code 500
2026/5/5 22:04:10Extracted src: https://fan3.206102.xyz/v2ray免费账号/
2026/5/5 22:04:07: nodePaths found in: [{"path":"C:\\Users\\Administrator\\scoop\\apps\\nodejs24\\current\\node.exe","osName":"Windows_NT","error":null},{"path":"C:\\msys64\\ucrt64\\bin\\node","osName":"MINGW32_NT-10.0","error":null},{"path":"C:\\msys64\\ucrt64\\bin\\node.exe","osName":"MINGW32_NT-10.0","error":null}]
2026/5/5 22:04:07: C:\Users\Administrator\scoop\apps\nodejs24\current\node.exe
2026/5/5 22:04:10: getting new Url ->  https://fan3.206102.xyz/v2ray免费账号/
2026/5/5 22:04:10: parse_data() -> https://fan3.206102.xyz/v2ray免费账号/
2026/5/5 22:04:10: parse_data() -> https://fan3.206102.xyz/ss免费账号/
2026/5/5 22:04:10: parse.js -> Fetch error: AxiosError: Request failed with status code 500
2026/5/5 22:05:09Extracted src: https://fan3.206102.xyz/v2ray免费账号/
2026/5/5 22:05:07: nodePaths found in: [{"path":"C:\\Users\\Administrator\\scoop\\apps\\nodejs24\\current\\node.exe","osName":"Windows_NT","error":null},{"path":"C:\\msys64\\ucrt64\\bin\\node","osName":"MINGW32_NT-10.0","error":null},{"path":"C:\\msys64\\ucrt64\\bin\\node.exe","osName":"MINGW32_NT-10.0","error":null}]
2026/5/5 22:05:09: getting new Url ->  https://fan3.206102.xyz/v2ray免费账号/
2026/5/5 22:05:07: C:\Users\Administrator\scoop\apps\nodejs24\current\node.exe
2026/5/5 22:05:09: parse_data() -> https://fan3.206102.xyz/v2ray免费账号/
2026/5/5 22:05:09: parse_data() -> https://fan3.206102.xyz/ss免费账号/
2026/5/5 23:06:10Extracted src: https://fan3.206102.xyz/v2ray免费账号/
2026/5/5 23:06:10: getting new Url ->  https://fan3.206102.xyz/v2ray免费账号/
2026/5/5 23:06:08: nodePaths found in: [{"path":"C:\\Users\\Administrator\\scoop\\apps\\nodejs24\\current\\node.exe","osName":"Windows_NT","error":null},{"path":"C:\\msys64\\ucrt64\\bin\\node","osName":"MINGW32_NT-10.0","error":null},{"path":"C:\\msys64\\ucrt64\\bin\\node.exe","osName":"MINGW32_NT-10.0","error":null}]
2026/5/5 23:06:08: C:\Users\Administrator\scoop\apps\nodejs24\current\node.exe
2026/5/5 23:06:10: parse_data() -> https://fan3.206102.xyz/ss免费账号/
2026/5/5 23:06:10: parse_data() -> https://fan3.206102.xyz/v2ray免费账号/
2026/5/6 00:07:09Extracted src: https://fan3.206102.xyz/v2ray免费账号/
2026/5/6 00:07:07: nodePaths found in: [{"path":"C:\\Users\\Administrator\\scoop\\apps\\nodejs24\\current\\node.exe","osName":"Windows_NT","error":null},{"path":"C:\\msys64\\ucrt64\\bin\\node","osName":"MINGW32_NT-10.0","error":null},{"path":"C:\\msys64\\ucrt64\\bin\\node.exe","osName":"MINGW32_NT-10.0","error":null}]
2026/5/6 00:07:07: C:\Users\Administrator\scoop\apps\nodejs24\current\node.exe
2026/5/6 00:07:09: getting new Url ->  https://fan3.206102.xyz/v2ray免费账号/
2026/5/6 00:07:09: parse_data() -> https://fan3.206102.xyz/v2ray免费账号/
2026/5/6 00:07:09: parse_data() -> https://fan3.206102.xyz/ss免费账号/
2026/5/6 11:16:09 update_uri() -> Fetch error: AxiosError: Request failed with status code 502
2026/5/6 11:15:59: nodePaths found in: [{"path":"C:\\Users\\Administrator\\scoop\\apps\\nodejs24\\current\\node.exe","osName":"Windows_NT","error":null},{"path":"C:\\msys64\\ucrt64\\bin\\node","osName":"MINGW32_NT-10.0","error":null},{"path":"C:\\msys64\\ucrt64\\bin\\node.exe","osName":"MINGW32_NT-10.0","error":null}]
2026/5/6 11:15:59: C:\Users\Administrator\scoop\apps\nodejs24\current\node.exe
2026/5/6 11:16:09: getting new Url ->  null
2026/5/6 12:17:09Extracted src: https://fan3.206102.xyz/v2ray免费账号/
2026/5/6 12:17:03: nodePaths found in: [{"path":"C:\\Users\\Administrator\\scoop\\apps\\nodejs24\\current\\node.exe","osName":"Windows_NT","error":null},{"path":"C:\\msys64\\ucrt64\\bin\\node","osName":"MINGW32_NT-10.0","error":null},{"path":"C:\\msys64\\ucrt64\\bin\\node.exe","osName":"MINGW32_NT-10.0","error":null}]
2026/5/6 12:17:03: C:\Users\Administrator\scoop\apps\nodejs24\current\node.exe
2026/5/6 12:17:09: parse_data() -> https://fan3.206102.xyz/v2ray免费账号/
2026/5/6 12:17:09: parse_data() -> https://fan3.206102.xyz/ss免费账号/
2026/5/6 12:17:09: getting new Url ->  https://fan3.206102.xyz/v2ray免费账号/
2026/5/6 13:18:04Extracted src: https://fan3.206102.xyz/v2ray免费账号/
2026/5/6 13:18:02: C:\Users\Administrator\scoop\apps\nodejs24\current\node.exe
2026/5/6 13:18:02: nodePaths found in: [{"path":"C:\\Users\\Administrator\\scoop\\apps\\nodejs24\\current\\node.exe","osName":"Windows_NT","error":null},{"path":"C:\\msys64\\ucrt64\\bin\\node","osName":"MINGW32_NT-10.0","error":null},{"path":"C:\\msys64\\ucrt64\\bin\\node.exe","osName":"MINGW32_NT-10.0","error":null}]
2026/5/6 13:18:04: getting new Url ->  https://fan3.206102.xyz/v2ray免费账号/
2026/5/6 13:18:04: parse_data() -> https://fan3.206102.xyz/ss免费账号/
2026/5/6 13:18:04: parse_data() -> https://fan3.206102.xyz/v2ray免费账号/
2026/5/6 14:19:04Extracted src: https://fan3.206102.xyz/v2ray免费账号/
2026/5/6 14:19:02: nodePaths found in: [{"path":"C:\\Users\\Administrator\\scoop\\apps\\nodejs24\\current\\node.exe","osName":"Windows_NT","error":null},{"path":"C:\\msys64\\ucrt64\\bin\\node","osName":"MINGW32_NT-10.0","error":null},{"path":"C:\\msys64\\ucrt64\\bin\\node.exe","osName":"MINGW32_NT-10.0","error":null}]
2026/5/6 14:19:02: C:\Users\Administrator\scoop\apps\nodejs24\current\node.exe
2026/5/6 14:19:04: parse_data() -> https://fan3.206102.xyz/v2ray免费账号/
2026/5/6 14:19:04: getting new Url ->  https://fan3.206102.xyz/v2ray免费账号/
2026/5/6 14:19:04: parse_data() -> https://fan3.206102.xyz/ss免费账号/
2026/5/6 15:20:05Extracted src: https://fan3.206102.xyz/v2ray免费账号/
2026/5/6 15:20:02: nodePaths found in: [{"path":"C:\\Users\\Administrator\\scoop\\apps\\nodejs24\\current\\node.exe","osName":"Windows_NT","error":null},{"path":"C:\\msys64\\ucrt64\\bin\\node","osName":"MINGW32_NT-10.0","error":null},{"path":"C:\\msys64\\ucrt64\\bin\\node.exe","osName":"MINGW32_NT-10.0","error":null}]
2026/5/6 15:20:05: parse_data() -> https://fan3.206102.xyz/v2ray免费账号/
2026/5/6 15:20:05: getting new Url ->  https://fan3.206102.xyz/v2ray免费账号/
2026/5/6 15:20:02: C:\Users\Administrator\scoop\apps\nodejs24\current\node.exe
2026/5/6 15:20:05: parse_data() -> https://fan3.206102.xyz/ss免费账号/
2026/5/6 16:21:05Extracted src: https://fan3.206102.xyz/v2ray免费账号/
2026/5/6 16:21:03: C:\Users\Administrator\scoop\apps\nodejs24\current\node.exe
2026/5/6 16:21:03: nodePaths found in: [{"path":"C:\\Users\\Administrator\\scoop\\apps\\nodejs24\\current\\node.exe","osName":"Windows_NT","error":null},{"path":"C:\\msys64\\ucrt64\\bin\\node","osName":"MINGW32_NT-10.0","error":null},{"path":"C:\\msys64\\ucrt64\\bin\\node.exe","osName":"MINGW32_NT-10.0","error":null}]
2026/5/6 16:21:05: parse_data() -> https://fan3.206102.xyz/v2ray免费账号/
2026/5/6 16:21:05: getting new Url ->  https://fan3.206102.xyz/v2ray免费账号/
2026/5/6 16:21:05: parse_data() -> https://fan3.206102.xyz/ss免费账号/
2026/5/6 17:22:05Extracted src: https://fan3.206102.xyz/v2ray免费账号/
2026/5/6 17:22:01: nodePaths found in: [{"path":"C:\\Users\\Administrator\\scoop\\apps\\nodejs24\\current\\node.exe","osName":"Windows_NT","error":null},{"path":"C:\\msys64\\ucrt64\\bin\\node","osName":"MINGW32_NT-10.0","error":null},{"path":"C:\\msys64\\ucrt64\\bin\\node.exe","osName":"MINGW32_NT-10.0","error":null}]
2026/5/6 17:22:06: parse_data() -> https://fan3.206102.xyz/v2ray免费账号/
2026/5/6 17:22:01: C:\Users\Administrator\scoop\apps\nodejs24\current\node.exe
2026/5/6 17:22:06: parse_data() -> https://fan3.206102.xyz/ss免费账号/
2026/5/6 17:22:06: getting new Url ->  https://fan3.206102.xyz/v2ray免费账号/
2026/5/6 18:23:02Extracted src: https://fan3.206102.xyz/v2ray免费账号/
2026/5/6 18:22:58: nodePaths found in: [{"path":"C:\\Users\\Administrator\\scoop\\apps\\nodejs24\\current\\node.exe","osName":"Windows_NT","error":null},{"path":"C:\\msys64\\ucrt64\\bin\\node","osName":"MINGW32_NT-10.0","error":null},{"path":"C:\\msys64\\ucrt64\\bin\\node.exe","osName":"MINGW32_NT-10.0","error":null}]
2026/5/6 18:23:02: parse_data() -> https://fan3.206102.xyz/v2ray免费账号/
2026/5/6 18:23:02: getting new Url ->  https://fan3.206102.xyz/v2ray免费账号/
2026/5/6 18:22:58: C:\Users\Administrator\scoop\apps\nodejs24\current\node.exe
2026/5/6 18:23:02: parse_data() -> https://fan3.206102.xyz/ss免费账号/
2026/5/6 19:24:04Extracted src: https://fan3.206102.xyz/v2ray免费账号/
2026/5/6 19:24:02: nodePaths found in: [{"path":"C:\\Users\\Administrator\\scoop\\apps\\nodejs24\\current\\node.exe","osName":"Windows_NT","error":null},{"path":"C:\\msys64\\ucrt64\\bin\\node","osName":"MINGW32_NT-10.0","error":null},{"path":"C:\\msys64\\ucrt64\\bin\\node.exe","osName":"MINGW32_NT-10.0","error":null}]
2026/5/6 19:24:02: C:\Users\Administrator\scoop\apps\nodejs24\current\node.exe
2026/5/6 19:24:04: getting new Url ->  https://fan3.206102.xyz/v2ray免费账号/
2026/5/6 19:24:04: parse_data() -> https://fan3.206102.xyz/v2ray免费账号/
2026/5/6 19:24:04: parse_data() -> https://fan3.206102.xyz/ss免费账号/
2026/5/6 20:25:03Extracted src: https://fan3.206102.xyz/v2ray免费账号/
2026/5/6 20:25:02: C:\Users\Administrator\scoop\apps\nodejs24\current\node.exe
2026/5/6 20:25:02: nodePaths found in: [{"path":"C:\\Users\\Administrator\\scoop\\apps\\nodejs24\\current\\node.exe","osName":"Windows_NT","error":null},{"path":"C:\\msys64\\ucrt64\\bin\\node","osName":"MINGW32_NT-10.0","error":null},{"path":"C:\\msys64\\ucrt64\\bin\\node.exe","osName":"MINGW32_NT-10.0","error":null}]
2026/5/6 20:25:04: parse_data() -> https://fan3.206102.xyz/ss免费账号/
2026/5/6 20:25:04: parse_data() -> https://fan3.206102.xyz/v2ray免费账号/
2026/5/6 20:25:04: getting new Url ->  https://fan3.206102.xyz/v2ray免费账号/
2026/5/6 21:26:08Extracted src: https://fan3.206102.xyz/v2ray免费账号/
2026/5/6 21:26:05: nodePaths found in: [{"path":"C:\\Users\\Administrator\\scoop\\apps\\nodejs24\\current\\node.exe","osName":"Windows_NT","error":null},{"path":"C:\\msys64\\ucrt64\\bin\\node","osName":"MINGW32_NT-10.0","error":null},{"path":"C:\\msys64\\ucrt64\\bin\\node.exe","osName":"MINGW32_NT-10.0","error":null}]
2026/5/6 21:26:08: getting new Url ->  https://fan3.206102.xyz/v2ray免费账号/
2026/5/6 21:26:08: parse_data() -> https://fan3.206102.xyz/ss免费账号/
2026/5/6 21:26:08: parse_data() -> https://fan3.206102.xyz/v2ray免费账号/
2026/5/6 21:26:05: C:\Users\Administrator\scoop\apps\nodejs24\current\node.exe
2026/5/7 19:57:47Extracted src: https://fan3.206102.xyz/v2ray免费账号/
2026/5/7 19:57:43: C:\Users\Administrator\scoop\apps\nodejs24\current\node.exe
2026/5/7 19:57:43: nodePaths found in: [{"path":"C:\\Users\\Administrator\\scoop\\apps\\nodejs24\\current\\node.exe","osName":"Windows_NT","error":null},{"path":"C:\\msys64\\ucrt64\\bin\\node","osName":"MINGW32_NT-10.0","error":null},{"path":"C:\\msys64\\ucrt64\\bin\\node.exe","osName":"MINGW32_NT-10.0","error":null}]
2026/5/7 19:57:47: parse_data() -> https://fan3.206102.xyz/v2ray免费账号/
2026/5/7 19:57:47: getting new Url ->  https://fan3.206102.xyz/v2ray免费账号/
2026/5/7 19:57:47: parse_data() -> https://fan3.206102.xyz/ss免费账号/
2026/5/7 20:58:46Extracted src: https://fan3.206102.xyz/v2ray免费账号/
2026/5/7 20:58:42: nodePaths found in: [{"path":"C:\\Users\\Administrator\\scoop\\apps\\nodejs24\\current\\node.exe","osName":"Windows_NT","error":null},{"path":"C:\\msys64\\ucrt64\\bin\\node","osName":"MINGW32_NT-10.0","error":null},{"path":"C:\\msys64\\ucrt64\\bin\\node.exe","osName":"MINGW32_NT-10.0","error":null}]
2026/5/7 20:58:42: C:\Users\Administrator\scoop\apps\nodejs24\current\node.exe
2026/5/7 20:58:46: getting new Url ->  https://fan3.206102.xyz/v2ray免费账号/
2026/5/7 20:58:46: parse_data() -> https://fan3.206102.xyz/ss免费账号/
2026/5/7 20:58:46: parse_data() -> https://fan3.206102.xyz/v2ray免费账号/
2026/5/7 21:59:45Extracted src: https://fan3.206102.xyz/v2ray免费账号/
2026/5/7 21:59:42: nodePaths found in: [{"path":"C:\\Users\\Administrator\\scoop\\apps\\nodejs24\\current\\node.exe","osName":"Windows_NT","error":null},{"path":"C:\\msys64\\ucrt64\\bin\\node","osName":"MINGW32_NT-10.0","error":null},{"path":"C:\\msys64\\ucrt64\\bin\\node.exe","osName":"MINGW32_NT-10.0","error":null}]
2026/5/7 21:59:45: parse_data() -> https://fan3.206102.xyz/v2ray免费账号/
2026/5/7 21:59:45: getting new Url ->  https://fan3.206102.xyz/v2ray免费账号/
2026/5/7 21:59:42: C:\Users\Administrator\scoop\apps\nodejs24\current\node.exe
2026/5/7 21:59:45: parse_data() -> https://fan3.206102.xyz/ss免费账号/
2026/5/7 23:00:45Extracted src: https://fan3.206102.xyz/v2ray免费账号/
2026/5/7 23:00:41: C:\Users\Administrator\scoop\apps\nodejs24\current\node.exe
2026/5/7 23:00:45: getting new Url ->  https://fan3.206102.xyz/v2ray免费账号/
2026/5/7 23:00:41: nodePaths found in: [{"path":"C:\\Users\\Administrator\\scoop\\apps\\nodejs24\\current\\node.exe","osName":"Windows_NT","error":null},{"path":"C:\\msys64\\ucrt64\\bin\\node","osName":"MINGW32_NT-10.0","error":null},{"path":"C:\\msys64\\ucrt64\\bin\\node.exe","osName":"MINGW32_NT-10.0","error":null}]
2026/5/7 23:00:45: parse_data() -> https://fan3.206102.xyz/ss免费账号/
2026/5/7 23:00:45: parse_data() -> https://fan3.206102.xyz/v2ray免费账号/
2026/5/8 00:01:44 update_uri() -> Fetch error: AxiosError: Request failed with status code 502
2026/5/8 00:01:42: nodePaths found in: [{"path":"C:\\Users\\Administrator\\scoop\\apps\\nodejs24\\current\\node.exe","osName":"Windows_NT","error":null},{"path":"C:\\msys64\\ucrt64\\bin\\node","osName":"MINGW32_NT-10.0","error":null},{"path":"C:\\msys64\\ucrt64\\bin\\node.exe","osName":"MINGW32_NT-10.0","error":null}]
2026/5/8 00:01:44: getting new Url ->  null
2026/5/8 00:01:42: C:\Users\Administrator\scoop\apps\nodejs24\current\node.exe
2026/5/8 00:02:50 update_uri() -> Fetch error: AxiosError: Request failed with status code 502
2026/5/8 00:02:49: nodePaths found in: [{"path":"C:\\Users\\Administrator\\scoop\\apps\\nodejs24\\current\\node.exe","osName":"Windows_NT","error":null},{"path":"C:\\msys64\\ucrt64\\bin\\node","osName":"MINGW32_NT-10.0","error":null},{"path":"C:\\msys64\\ucrt64\\bin\\node.exe","osName":"MINGW32_NT-10.0","error":null}]
2026/5/8 00:02:49: C:\Users\Administrator\scoop\apps\nodejs24\current\node.exe
2026/5/8 00:02:50: getting new Url ->  null
2026/5/8 00:44:34 update_uri() -> Fetch error: AxiosError: Request failed with status code 502
2026/5/8 00:44:33: nodePaths found in: [{"path":"C:\\Users\\Administrator\\scoop\\apps\\nodejs24\\current\\node.exe","osName":"Windows_NT","error":null},{"path":"C:\\msys64\\ucrt64\\bin\\node","osName":"MINGW32_NT-10.0","error":null},{"path":"C:\\msys64\\ucrt64\\bin\\node.exe","osName":"MINGW32_NT-10.0","error":null}]
2026/5/8 00:44:34: getting new Url ->  null
2026/5/8 00:44:33: C:\Users\Administrator\scoop\apps\nodejs24\current\node.exe
2026/5/8 09:23:32Extracted src: https://fan3.206102.xyz/v2ray免费账号/
2026/5/8 09:23:32: getting new Url ->  https://fan3.206102.xyz/v2ray免费账号/
2026/5/8 09:23:29: nodePaths found in: [{"path":"C:\\Users\\Administrator\\scoop\\apps\\nodejs24\\current\\node.exe","osName":"Windows_NT","error":null},{"path":"C:\\msys64\\ucrt64\\bin\\node","osName":"MINGW32_NT-10.0","error":null},{"path":"C:\\msys64\\ucrt64\\bin\\node.exe","osName":"MINGW32_NT-10.0","error":null}]
2026/5/8 09:23:29: C:\Users\Administrator\scoop\apps\nodejs24\current\node.exe
2026/5/8 09:23:32: parse_data() -> https://fan3.206102.xyz/v2ray免费账号/
2026/5/8 09:23:32: parse_data() -> https://fan3.206102.xyz/ss免费账号/
2026/5/8 10:24:08Extracted src: https://fan3.206102.xyz/v2ray免费账号/
2026/5/8 10:24:04: nodePaths found in: [{"path":"C:\\Users\\Administrator\\scoop\\apps\\nodejs24\\current\\node.exe","osName":"Windows_NT","error":null},{"path":"C:\\msys64\\ucrt64\\bin\\node","osName":"MINGW32_NT-10.0","error":null},{"path":"C:\\msys64\\ucrt64\\bin\\node.exe","osName":"MINGW32_NT-10.0","error":null}]
2026/5/8 10:24:08: getting new Url ->  https://fan3.206102.xyz/v2ray免费账号/
2026/5/8 10:24:08: parse_data() -> https://fan3.206102.xyz/v2ray免费账号/
2026/5/8 10:24:04: C:\Users\Administrator\scoop\apps\nodejs24\current\node.exe
2026/5/8 10:24:08: parse_data() -> https://fan3.206102.xyz/ss免费账号/
2026/5/8 11:25:07Extracted src: https://fan3.206102.xyz/v2ray免费账号/
2026/5/8 11:25:04: C:\Users\Administrator\scoop\apps\nodejs24\current\node.exe
2026/5/8 11:25:04: nodePaths found in: [{"path":"C:\\Users\\Administrator\\scoop\\apps\\nodejs24\\current\\node.exe","osName":"Windows_NT","error":null},{"path":"C:\\msys64\\ucrt64\\bin\\node","osName":"MINGW32_NT-10.0","error":null},{"path":"C:\\msys64\\ucrt64\\bin\\node.exe","osName":"MINGW32_NT-10.0","error":null}]
2026/5/8 11:25:07: getting new Url ->  https://fan3.206102.xyz/v2ray免费账号/
2026/5/8 11:25:07: parse_data() -> https://fan3.206102.xyz/v2ray免费账号/
2026/5/8 11:25:07: parse_data() -> https://fan3.206102.xyz/ss免费账号/
2026/5/8 12:26:08Extracted src: https://fan3.206102.xyz/v2ray免费账号/
2026/5/8 12:26:06: C:\Users\Administrator\scoop\apps\nodejs24\current\node.exe
2026/5/8 12:26:06: nodePaths found in: [{"path":"C:\\Users\\Administrator\\scoop\\apps\\nodejs24\\current\\node.exe","osName":"Windows_NT","error":null},{"path":"C:\\msys64\\ucrt64\\bin\\node","osName":"MINGW32_NT-10.0","error":null},{"path":"C:\\msys64\\ucrt64\\bin\\node.exe","osName":"MINGW32_NT-10.0","error":null}]
2026/5/8 12:26:08: parse_data() -> https://fan3.206102.xyz/ss免费账号/
2026/5/8 12:26:08: parse_data() -> https://fan3.206102.xyz/v2ray免费账号/
2026/5/8 12:26:08: getting new Url ->  https://fan3.206102.xyz/v2ray免费账号/
2026/5/8 13:27:08Extracted src: https://fan3.206102.xyz/v2ray免费账号/
2026/5/8 13:27:05: nodePaths found in: [{"path":"C:\\Users\\Administrator\\scoop\\apps\\nodejs24\\current\\node.exe","osName":"Windows_NT","error":null},{"path":"C:\\msys64\\ucrt64\\bin\\node","osName":"MINGW32_NT-10.0","error":null},{"path":"C:\\msys64\\ucrt64\\bin\\node.exe","osName":"MINGW32_NT-10.0","error":null}]
2026/5/8 13:27:05: C:\Users\Administrator\scoop\apps\nodejs24\current\node.exe
2026/5/8 13:27:08: parse_data() -> https://fan3.206102.xyz/v2ray免费账号/
2026/5/8 13:27:08: getting new Url ->  https://fan3.206102.xyz/v2ray免费账号/
2026/5/8 13:27:08: parse_data() -> https://fan3.206102.xyz/ss免费账号/
2026/5/8 14:28:10 update_uri() -> Fetch error: AxiosError: Request failed with status code 502
2026/5/8 14:28:04: nodePaths found in: [{"path":"C:\\Users\\Administrator\\scoop\\apps\\nodejs24\\current\\node.exe","osName":"Windows_NT","error":null},{"path":"C:\\msys64\\ucrt64\\bin\\node","osName":"MINGW32_NT-10.0","error":null},{"path":"C:\\msys64\\ucrt64\\bin\\node.exe","osName":"MINGW32_NT-10.0","error":null}]
2026/5/8 14:28:04: C:\Users\Administrator\scoop\apps\nodejs24\current\node.exe
2026/5/8 14:28:10: getting new Url ->  null
2026/5/8 15:29:10 update_uri() -> Fetch error: AxiosError: Request failed with status code 502
2026/5/8 15:29:04: C:\Users\Administrator\scoop\apps\nodejs24\current\node.exe
2026/5/8 15:29:04: nodePaths found in: [{"path":"C:\\Users\\Administrator\\scoop\\apps\\nodejs24\\current\\node.exe","osName":"Windows_NT","error":null},{"path":"C:\\msys64\\ucrt64\\bin\\node","osName":"MINGW32_NT-10.0","error":null},{"path":"C:\\msys64\\ucrt64\\bin\\node.exe","osName":"MINGW32_NT-10.0","error":null}]
2026/5/8 15:29:10: getting new Url ->  null
2026/5/8 16:30:15 update_uri() -> Fetch error: AxiosError: Request failed with status code 502
2026/5/8 16:30:05: C:\Users\Administrator\scoop\apps\nodejs24\current\node.exe
2026/5/8 16:30:05: nodePaths found in: [{"path":"C:\\Users\\Administrator\\scoop\\apps\\nodejs24\\current\\node.exe","osName":"Windows_NT","error":null},{"path":"C:\\msys64\\ucrt64\\bin\\node","osName":"MINGW32_NT-10.0","error":null},{"path":"C:\\msys64\\ucrt64\\bin\\node.exe","osName":"MINGW32_NT-10.0","error":null}]
2026/5/8 16:30:15: getting new Url ->  null
2026/5/8 17:31:10 update_uri() -> Fetch error: AxiosError: Request failed with status code 502
2026/5/8 17:31:04: nodePaths found in: [{"path":"C:\\Users\\Administrator\\scoop\\apps\\nodejs24\\current\\node.exe","osName":"Windows_NT","error":null},{"path":"C:\\msys64\\ucrt64\\bin\\node","osName":"MINGW32_NT-10.0","error":null},{"path":"C:\\msys64\\ucrt64\\bin\\node.exe","osName":"MINGW32_NT-10.0","error":null}]
2026/5/8 17:31:04: C:\Users\Administrator\scoop\apps\nodejs24\current\node.exe
2026/5/8 17:31:10: getting new Url ->  null
2026/5/8 18:32:10 update_uri() -> Fetch error: AxiosError: Request failed with status code 502
2026/5/8 18:32:04: C:\Users\Administrator\scoop\apps\nodejs24\current\node.exe
2026/5/8 18:32:10: getting new Url ->  null
2026/5/8 18:32:04: nodePaths found in: [{"path":"C:\\Users\\Administrator\\scoop\\apps\\nodejs24\\current\\node.exe","osName":"Windows_NT","error":null},{"path":"C:\\msys64\\ucrt64\\bin\\node","osName":"MINGW32_NT-10.0","error":null},{"path":"C:\\msys64\\ucrt64\\bin\\node.exe","osName":"MINGW32_NT-10.0","error":null}]
2026/5/8 19:33:09 update_uri() -> Fetch error: AxiosError: Request failed with status code 502
2026/5/8 19:33:04: C:\Users\Administrator\scoop\apps\nodejs24\current\node.exe
2026/5/8 19:33:04: nodePaths found in: [{"path":"C:\\Users\\Administrator\\scoop\\apps\\nodejs24\\current\\node.exe","osName":"Windows_NT","error":null},{"path":"C:\\msys64\\ucrt64\\bin\\node","osName":"MINGW32_NT-10.0","error":null},{"path":"C:\\msys64\\ucrt64\\bin\\node.exe","osName":"MINGW32_NT-10.0","error":null}]
2026/5/8 19:33:10: getting new Url ->  null
2026/5/8 20:34:10 update_uri() -> Fetch error: AxiosError: Request failed with status code 502
2026/5/8 20:34:05: nodePaths found in: [{"path":"C:\\Users\\Administrator\\scoop\\apps\\nodejs24\\current\\node.exe","osName":"Windows_NT","error":null},{"path":"C:\\msys64\\ucrt64\\bin\\node","osName":"MINGW32_NT-10.0","error":null},{"path":"C:\\msys64\\ucrt64\\bin\\node.exe","osName":"MINGW32_NT-10.0","error":null}]
2026/5/8 20:34:05: C:\Users\Administrator\scoop\apps\nodejs24\current\node.exe
2026/5/8 20:34:10: getting new Url ->  null
2026/5/8 21:40:22 update_uri() -> Fetch error: Error: read ECONNRESET
2026/5/8 21:40:33Extracted src: https://fan3.206102.xyz/v2ray免费账号/
2026/5/8 21:40:28: nodePaths found in: [{"path":"C:\\Users\\Administrator\\scoop\\apps\\nodejs24\\current\\node.exe","osName":"Windows_NT","error":null},{"path":"C:\\msys64\\ucrt64\\bin\\node","osName":"MINGW32_NT-10.0","error":null},{"path":"C:\\msys64\\ucrt64\\bin\\node.exe","osName":"MINGW32_NT-10.0","error":null}]
2026/5/8 21:40:33: getting new Url ->  https://fan3.206102.xyz/v2ray免费账号/
2026/5/8 21:40:33: parse_data() -> https://fan3.206102.xyz/ss免费账号/
2026/5/8 21:40:28: C:\Users\Administrator\scoop\apps\nodejs24\current\node.exe
2026/5/8 21:40:33: parse_data() -> https://fan3.206102.xyz/v2ray免费账号/
2026/5/8 22:41:09 update_uri() -> Fetch error: AxiosError: Request failed with status code 502
2026/5/8 22:41:04: nodePaths found in: [{"path":"C:\\Users\\Administrator\\scoop\\apps\\nodejs24\\current\\node.exe","osName":"Windows_NT","error":null},{"path":"C:\\msys64\\ucrt64\\bin\\node","osName":"MINGW32_NT-10.0","error":null},{"path":"C:\\msys64\\ucrt64\\bin\\node.exe","osName":"MINGW32_NT-10.0","error":null}]
2026/5/8 22:41:04: C:\Users\Administrator\scoop\apps\nodejs24\current\node.exe
2026/5/8 22:41:09: getting new Url ->  null
2026/5/8 23:42:07Extracted src: https://fan3.206102.xyz/v2ray免费账号/
2026/5/8 23:42:04: nodePaths found in: [{"path":"C:\\Users\\Administrator\\scoop\\apps\\nodejs24\\current\\node.exe","osName":"Windows_NT","error":null},{"path":"C:\\msys64\\ucrt64\\bin\\node","osName":"MINGW32_NT-10.0","error":null},{"path":"C:\\msys64\\ucrt64\\bin\\node.exe","osName":"MINGW32_NT-10.0","error":null}]
2026/5/8 23:42:07: parse_data() -> https://fan3.206102.xyz/v2ray免费账号/
2026/5/8 23:42:07: getting new Url ->  https://fan3.206102.xyz/v2ray免费账号/
2026/5/8 23:42:07: parse_data() -> https://fan3.206102.xyz/ss免费账号/
2026/5/8 23:42:04: C:\Users\Administrator\scoop\apps\nodejs24\current\node.exe
2026/5/9 17:44:27Extracted src: https://fan3.206102.xyz/v2ray免费账号/
2026/5/9 17:44:25: C:\Users\Administrator\scoop\apps\nodejs24\current\node.exe
2026/5/9 17:44:27: getting new Url ->  https://fan3.206102.xyz/v2ray免费账号/
2026/5/9 17:44:25: nodePaths found in: [{"path":"C:\\Users\\Administrator\\scoop\\apps\\nodejs24\\current\\node.exe","osName":"Windows_NT","error":null},{"path":"C:\\msys64\\ucrt64\\bin\\node","osName":"MINGW32_NT-10.0","error":null},{"path":"C:\\msys64\\ucrt64\\bin\\node.exe","osName":"MINGW32_NT-10.0","error":null}]
2026/5/9 17:44:27: parse_data() -> https://fan3.206102.xyz/v2ray免费账号/
2026/5/9 17:44:27: parse_data() -> https://fan3.206102.xyz/ss免费账号/
2026/5/9 18:44:42Extracted src: https://fan3.206102.xyz/v2ray免费账号/
2026/5/9 18:44:40: nodePaths found in: [{"path":"C:\\Users\\Administrator\\scoop\\apps\\nodejs24\\current\\node.exe","osName":"Windows_NT","error":null},{"path":"C:\\msys64\\ucrt64\\bin\\node","osName":"MINGW32_NT-10.0","error":null},{"path":"C:\\msys64\\ucrt64\\bin\\node.exe","osName":"MINGW32_NT-10.0","error":null}]
2026/5/9 18:44:42: parse_data() -> https://fan3.206102.xyz/v2ray免费账号/
2026/5/9 18:44:42: getting new Url ->  https://fan3.206102.xyz/v2ray免费账号/
2026/5/9 18:44:42: parse_data() -> https://fan3.206102.xyz/ss免费账号/
2026/5/9 18:44:40: C:\Users\Administrator\scoop\apps\nodejs24\current\node.exe
2026/5/9 19:45:42Extracted src: https://fan3.206102.xyz/v2ray免费账号/
2026/5/9 19:45:40: nodePaths found in: [{"path":"C:\\Users\\Administrator\\scoop\\apps\\nodejs24\\current\\node.exe","osName":"Windows_NT","error":null},{"path":"C:\\msys64\\ucrt64\\bin\\node","osName":"MINGW32_NT-10.0","error":null},{"path":"C:\\msys64\\ucrt64\\bin\\node.exe","osName":"MINGW32_NT-10.0","error":null}]
2026/5/9 19:45:42: parse_data() -> https://fan3.206102.xyz/v2ray免费账号/
2026/5/9 19:45:42: parse_data() -> https://fan3.206102.xyz/ss免费账号/
2026/5/9 19:45:42: getting new Url ->  https://fan3.206102.xyz/v2ray免费账号/
2026/5/9 19:45:40: C:\Users\Administrator\scoop\apps\nodejs24\current\node.exe
2026/5/9 20:46:41Extracted src: https://fan3.206102.xyz/v2ray免费账号/
2026/5/9 20:46:39: nodePaths found in: [{"path":"C:\\Users\\Administrator\\scoop\\apps\\nodejs24\\current\\node.exe","osName":"Windows_NT","error":null},{"path":"C:\\msys64\\ucrt64\\bin\\node","osName":"MINGW32_NT-10.0","error":null},{"path":"C:\\msys64\\ucrt64\\bin\\node.exe","osName":"MINGW32_NT-10.0","error":null}]
2026/5/9 20:46:39: C:\Users\Administrator\scoop\apps\nodejs24\current\node.exe
2026/5/9 20:46:41: parse_data() -> https://fan3.206102.xyz/ss免费账号/
2026/5/9 20:46:41: getting new Url ->  https://fan3.206102.xyz/v2ray免费账号/
2026/5/9 20:46:41: parse_data() -> https://fan3.206102.xyz/v2ray免费账号/
2026/5/9 21:47:42Extracted src: https://fan3.206102.xyz/v2ray免费账号/
2026/5/9 21:47:39: nodePaths found in: [{"path":"C:\\Users\\Administrator\\scoop\\apps\\nodejs24\\current\\node.exe","osName":"Windows_NT","error":null},{"path":"C:\\msys64\\ucrt64\\bin\\node","osName":"MINGW32_NT-10.0","error":null},{"path":"C:\\msys64\\ucrt64\\bin\\node.exe","osName":"MINGW32_NT-10.0","error":null}]
2026/5/9 21:47:39: C:\Users\Administrator\scoop\apps\nodejs24\current\node.exe
2026/5/9 21:47:42: getting new Url ->  https://fan3.206102.xyz/v2ray免费账号/
2026/5/9 21:47:42: parse_data() -> https://fan3.206102.xyz/ss免费账号/
2026/5/9 21:47:42: parse_data() -> https://fan3.206102.xyz/v2ray免费账号/
2026/5/9 22:48:43Extracted src: https://fan3.206102.xyz/v2ray免费账号/
2026/5/9 22:48:40: nodePaths found in: [{"path":"C:\\Users\\Administrator\\scoop\\apps\\nodejs24\\current\\node.exe","osName":"Windows_NT","error":null},{"path":"C:\\msys64\\ucrt64\\bin\\node","osName":"MINGW32_NT-10.0","error":null},{"path":"C:\\msys64\\ucrt64\\bin\\node.exe","osName":"MINGW32_NT-10.0","error":null}]
2026/5/9 22:48:43: getting new Url ->  https://fan3.206102.xyz/v2ray免费账号/
2026/5/9 22:48:40: C:\Users\Administrator\scoop\apps\nodejs24\current\node.exe
2026/5/9 22:48:43: parse_data() -> https://fan3.206102.xyz/v2ray免费账号/
2026/5/9 22:48:43: parse_data() -> https://fan3.206102.xyz/ss免费账号/
2026/5/10 10:25:37 update_uri() -> Fetch error: AxiosError: Request failed with status code 502
2026/5/10 10:25:37: nodePaths found in: [{"path":"C:\\Users\\Administrator\\scoop\\apps\\nodejs24\\current\\node.exe","osName":"Windows_NT","error":null},{"path":"C:\\msys64\\ucrt64\\bin\\node","osName":"MINGW32_NT-10.0","error":null},{"path":"C:\\msys64\\ucrt64\\bin\\node.exe","osName":"MINGW32_NT-10.0","error":null}]
2026/5/10 10:25:37: C:\Users\Administrator\scoop\apps\nodejs24\current\node.exe
2026/5/10 10:25:37: getting new Url ->  null
2026/5/10 13:29:10 update_uri() -> Fetch error: AxiosError: Request failed with status code 502
2026/5/10 13:29:04: C:\Users\Administrator\scoop\apps\nodejs24\current\node.exe
2026/5/10 13:29:04: nodePaths found in: [{"path":"C:\\Users\\Administrator\\scoop\\apps\\nodejs24\\current\\node.exe","osName":"Windows_NT","error":null},{"path":"C:\\msys64\\ucrt64\\bin\\node","osName":"MINGW32_NT-10.0","error":null},{"path":"C:\\msys64\\ucrt64\\bin\\node.exe","osName":"MINGW32_NT-10.0","error":null}]
2026/5/10 13:29:10: getting new Url ->  null
2026/5/10 15:28:43 update_uri() -> Fetch error: AxiosError: Request failed with status code 502
2026/5/10 15:28:33: nodePaths found in: [{"path":"C:\\Users\\Administrator\\scoop\\apps\\nodejs24\\current\\node.exe","osName":"Windows_NT","error":null},{"path":"C:\\msys64\\ucrt64\\bin\\node","osName":"MINGW32_NT-10.0","error":null},{"path":"C:\\msys64\\ucrt64\\bin\\node.exe","osName":"MINGW32_NT-10.0","error":null}]
2026/5/10 15:28:33: C:\Users\Administrator\scoop\apps\nodejs24\current\node.exe
2026/5/10 15:28:43: getting new Url ->  null
2026/5/11 09:12:23Extracted src: https://fan3.206102.xyz/v2ray免费账号/
2026/5/11 09:12:22: nodePaths found in: [{"path":"C:\\Users\\Administrator\\scoop\\apps\\nodejs24\\current\\node.exe","osName":"Windows_NT","error":null},{"path":"C:\\msys64\\ucrt64\\bin\\node","osName":"MINGW32_NT-10.0","error":null},{"path":"C:\\msys64\\ucrt64\\bin\\node.exe","osName":"MINGW32_NT-10.0","error":null}]
2026/5/11 09:12:22: C:\Users\Administrator\scoop\apps\nodejs24\current\node.exe
2026/5/11 09:12:24: getting new Url ->  https://fan3.206102.xyz/v2ray免费账号/
2026/5/11 09:12:24: parse_data() -> https://fan3.206102.xyz/ss免费账号/
2026/5/11 09:12:24: parse_data() -> https://fan3.206102.xyz/v2ray免费账号/
2026/5/11 10:12:42Extracted src: https://fan3.206102.xyz/v2ray免费账号/
2026/5/11 10:12:41: nodePaths found in: [{"path":"C:\\Users\\Administrator\\scoop\\apps\\nodejs24\\current\\node.exe","osName":"Windows_NT","error":null},{"path":"C:\\msys64\\ucrt64\\bin\\node","osName":"MINGW32_NT-10.0","error":null},{"path":"C:\\msys64\\ucrt64\\bin\\node.exe","osName":"MINGW32_NT-10.0","error":null}]
2026/5/11 10:12:42: parse_data() -> https://fan3.206102.xyz/v2ray免费账号/
2026/5/11 10:12:42: getting new Url ->  https://fan3.206102.xyz/v2ray免费账号/
2026/5/11 10:12:41: C:\Users\Administrator\scoop\apps\nodejs24\current\node.exe
2026/5/11 10:12:42: parse_data() -> https://fan3.206102.xyz/ss免费账号/
2026/5/11 11:13:43Extracted src: https://fan3.206102.xyz/v2ray免费账号/
2026/5/11 11:13:41: nodePaths found in: [{"path":"C:\\Users\\Administrator\\scoop\\apps\\nodejs24\\current\\node.exe","osName":"Windows_NT","error":null},{"path":"C:\\msys64\\ucrt64\\bin\\node","osName":"MINGW32_NT-10.0","error":null},{"path":"C:\\msys64\\ucrt64\\bin\\node.exe","osName":"MINGW32_NT-10.0","error":null}]
2026/5/11 11:13:41: C:\Users\Administrator\scoop\apps\nodejs24\current\node.exe
2026/5/11 11:13:43: getting new Url ->  https://fan3.206102.xyz/v2ray免费账号/
2026/5/11 11:13:43: parse_data() -> https://fan3.206102.xyz/v2ray免费账号/
2026/5/11 11:13:43: parse_data() -> https://fan3.206102.xyz/ss免费账号/
2026/5/11 12:14:43Extracted src: https://fan3.206102.xyz/v2ray免费账号/
2026/5/11 12:14:41: nodePaths found in: [{"path":"C:\\Users\\Administrator\\scoop\\apps\\nodejs24\\current\\node.exe","osName":"Windows_NT","error":null},{"path":"C:\\msys64\\ucrt64\\bin\\node","osName":"MINGW32_NT-10.0","error":null},{"path":"C:\\msys64\\ucrt64\\bin\\node.exe","osName":"MINGW32_NT-10.0","error":null}]
2026/5/11 12:14:43: parse_data() -> https://fan3.206102.xyz/v2ray免费账号/
2026/5/11 12:14:41: C:\Users\Administrator\scoop\apps\nodejs24\current\node.exe
2026/5/11 12:14:43: getting new Url ->  https://fan3.206102.xyz/v2ray免费账号/
2026/5/11 12:14:43: parse_data() -> https://fan3.206102.xyz/ss免费账号/
2026/5/11 13:15:43Extracted src: https://fan3.206102.xyz/v2ray免费账号/
2026/5/11 13:15:41: nodePaths found in: [{"path":"C:\\Users\\Administrator\\scoop\\apps\\nodejs24\\current\\node.exe","osName":"Windows_NT","error":null},{"path":"C:\\msys64\\ucrt64\\bin\\node","osName":"MINGW32_NT-10.0","error":null},{"path":"C:\\msys64\\ucrt64\\bin\\node.exe","osName":"MINGW32_NT-10.0","error":null}]
2026/5/11 13:15:41: C:\Users\Administrator\scoop\apps\nodejs24\current\node.exe
2026/5/11 13:15:43: getting new Url ->  https://fan3.206102.xyz/v2ray免费账号/
2026/5/11 13:15:43: parse_data() -> https://fan3.206102.xyz/v2ray免费账号/
2026/5/11 13:15:43: parse_data() -> https://fan3.206102.xyz/ss免费账号/
2026/5/11 14:16:43Extracted src: https://fan3.206102.xyz/v2ray免费账号/
2026/5/11 14:16:41: C:\Users\Administrator\scoop\apps\nodejs24\current\node.exe
2026/5/11 14:16:43: getting new Url ->  https://fan3.206102.xyz/v2ray免费账号/
2026/5/11 14:16:41: nodePaths found in: [{"path":"C:\\Users\\Administrator\\scoop\\apps\\nodejs24\\current\\node.exe","osName":"Windows_NT","error":null},{"path":"C:\\msys64\\ucrt64\\bin\\node","osName":"MINGW32_NT-10.0","error":null},{"path":"C:\\msys64\\ucrt64\\bin\\node.exe","osName":"MINGW32_NT-10.0","error":null}]
2026/5/11 14:16:43: parse_data() -> https://fan3.206102.xyz/ss免费账号/
2026/5/11 14:16:43: parse_data() -> https://fan3.206102.xyz/v2ray免费账号/
2026/5/11 15:17:43Extracted src: https://fan3.206102.xyz/v2ray免费账号/
2026/5/11 15:17:41: nodePaths found in: [{"path":"C:\\Users\\Administrator\\scoop\\apps\\nodejs24\\current\\node.exe","osName":"Windows_NT","error":null},{"path":"C:\\msys64\\ucrt64\\bin\\node","osName":"MINGW32_NT-10.0","error":null},{"path":"C:\\msys64\\ucrt64\\bin\\node.exe","osName":"MINGW32_NT-10.0","error":null}]
2026/5/11 15:17:43: getting new Url ->  https://fan3.206102.xyz/v2ray免费账号/
2026/5/11 15:17:41: C:\Users\Administrator\scoop\apps\nodejs24\current\node.exe
2026/5/11 15:17:43: parse_data() -> https://fan3.206102.xyz/v2ray免费账号/
2026/5/11 15:17:43: parse_data() -> https://fan3.206102.xyz/ss免费账号/
2026/5/11 16:18:43Extracted src: https://fan3.206102.xyz/v2ray免费账号/
2026/5/11 16:18:41: nodePaths found in: [{"path":"C:\\Users\\Administrator\\scoop\\apps\\nodejs24\\current\\node.exe","osName":"Windows_NT","error":null},{"path":"C:\\msys64\\ucrt64\\bin\\node","osName":"MINGW32_NT-10.0","error":null},{"path":"C:\\msys64\\ucrt64\\bin\\node.exe","osName":"MINGW32_NT-10.0","error":null}]
2026/5/11 16:18:41: C:\Users\Administrator\scoop\apps\nodejs24\current\node.exe
2026/5/11 16:18:43: getting new Url ->  https://fan3.206102.xyz/v2ray免费账号/
2026/5/11 16:18:43: parse_data() -> https://fan3.206102.xyz/ss免费账号/
2026/5/11 16:18:43: parse_data() -> https://fan3.206102.xyz/v2ray免费账号/
2026/5/11 17:19:42Extracted src: https://fan3.206102.xyz/v2ray免费账号/
2026/5/11 17:19:42: getting new Url ->  https://fan3.206102.xyz/v2ray免费账号/
2026/5/11 17:19:41: nodePaths found in: [{"path":"C:\\Users\\Administrator\\scoop\\apps\\nodejs24\\current\\node.exe","osName":"Windows_NT","error":null},{"path":"C:\\msys64\\ucrt64\\bin\\node","osName":"MINGW32_NT-10.0","error":null},{"path":"C:\\msys64\\ucrt64\\bin\\node.exe","osName":"MINGW32_NT-10.0","error":null}]
2026/5/11 17:19:41: C:\Users\Administrator\scoop\apps\nodejs24\current\node.exe
2026/5/11 17:19:42: parse_data() -> https://fan3.206102.xyz/v2ray免费账号/
2026/5/11 17:19:42: parse_data() -> https://fan3.206102.xyz/ss免费账号/
2026/5/11 18:20:42Extracted src: https://fan3.206102.xyz/v2ray免费账号/
2026/5/11 18:20:42: getting new Url ->  https://fan3.206102.xyz/v2ray免费账号/
2026/5/11 18:20:41: nodePaths found in: [{"path":"C:\\Users\\Administrator\\scoop\\apps\\nodejs24\\current\\node.exe","osName":"Windows_NT","error":null},{"path":"C:\\msys64\\ucrt64\\bin\\node","osName":"MINGW32_NT-10.0","error":null},{"path":"C:\\msys64\\ucrt64\\bin\\node.exe","osName":"MINGW32_NT-10.0","error":null}]
2026/5/11 18:20:41: C:\Users\Administrator\scoop\apps\nodejs24\current\node.exe
2026/5/11 18:20:42: parse_data() -> https://fan3.206102.xyz/v2ray免费账号/
2026/5/11 18:20:42: parse_data() -> https://fan3.206102.xyz/ss免费账号/
2026/5/11 19:21:42Extracted src: https://fan3.206102.xyz/v2ray免费账号/
2026/5/11 19:21:41: nodePaths found in: [{"path":"C:\\Users\\Administrator\\scoop\\apps\\nodejs24\\current\\node.exe","osName":"Windows_NT","error":null},{"path":"C:\\msys64\\ucrt64\\bin\\node","osName":"MINGW32_NT-10.0","error":null},{"path":"C:\\msys64\\ucrt64\\bin\\node.exe","osName":"MINGW32_NT-10.0","error":null}]
2026/5/11 19:21:41: C:\Users\Administrator\scoop\apps\nodejs24\current\node.exe
2026/5/11 19:21:42: parse_data() -> https://fan3.206102.xyz/v2ray免费账号/
2026/5/11 19:21:42: getting new Url ->  https://fan3.206102.xyz/v2ray免费账号/
2026/5/11 19:21:42: parse_data() -> https://fan3.206102.xyz/ss免费账号/
2026/5/11 20:22:42Extracted src: https://fan3.206102.xyz/v2ray免费账号/
2026/5/11 20:22:41: nodePaths found in: [{"path":"C:\\Users\\Administrator\\scoop\\apps\\nodejs24\\current\\node.exe","osName":"Windows_NT","error":null},{"path":"C:\\msys64\\ucrt64\\bin\\node","osName":"MINGW32_NT-10.0","error":null},{"path":"C:\\msys64\\ucrt64\\bin\\node.exe","osName":"MINGW32_NT-10.0","error":null}]
2026/5/11 20:22:43: getting new Url ->  https://fan3.206102.xyz/v2ray免费账号/
2026/5/11 20:22:43: parse_data() -> https://fan3.206102.xyz/ss免费账号/
2026/5/11 20:22:43: parse_data() -> https://fan3.206102.xyz/v2ray免费账号/
2026/5/11 20:22:41: C:\Users\Administrator\scoop\apps\nodejs24\current\node.exe
2026/5/11 21:23:43Extracted src: https://fan3.206102.xyz/v2ray免费账号/
2026/5/11 21:23:41: nodePaths found in: [{"path":"C:\\Users\\Administrator\\scoop\\apps\\nodejs24\\current\\node.exe","osName":"Windows_NT","error":null},{"path":"C:\\msys64\\ucrt64\\bin\\node","osName":"MINGW32_NT-10.0","error":null},{"path":"C:\\msys64\\ucrt64\\bin\\node.exe","osName":"MINGW32_NT-10.0","error":null}]
2026/5/11 21:23:41: C:\Users\Administrator\scoop\apps\nodejs24\current\node.exe
2026/5/11 21:23:43: getting new Url ->  https://fan3.206102.xyz/v2ray免费账号/
2026/5/11 21:23:43: parse_data() -> https://fan3.206102.xyz/v2ray免费账号/
2026/5/11 21:23:43: parse_data() -> https://fan3.206102.xyz/ss免费账号/
2026/5/11 22:24:43Extracted src: https://fan3.206102.xyz/v2ray免费账号/
2026/5/11 22:24:41: nodePaths found in: [{"path":"C:\\Users\\Administrator\\scoop\\apps\\nodejs24\\current\\node.exe","osName":"Windows_NT","error":null},{"path":"C:\\msys64\\ucrt64\\bin\\node","osName":"MINGW32_NT-10.0","error":null},{"path":"C:\\msys64\\ucrt64\\bin\\node.exe","osName":"MINGW32_NT-10.0","error":null}]
2026/5/11 22:24:41: C:\Users\Administrator\scoop\apps\nodejs24\current\node.exe
2026/5/11 22:24:43: parse_data() -> https://fan3.206102.xyz/ss免费账号/
2026/5/11 22:24:43: parse_data() -> https://fan3.206102.xyz/v2ray免费账号/
2026/5/11 22:24:43: getting new Url ->  https://fan3.206102.xyz/v2ray免费账号/
2026/5/12 09:14:55 update_uri() -> Fetch error: AxiosError: Request failed with status code 502
2026/5/12 09:14:54: nodePaths found in: [{"path":"C:\\Users\\Administrator\\scoop\\apps\\nodejs24\\current\\node.exe","osName":"Windows_NT","error":null},{"path":"C:\\msys64\\ucrt64\\bin\\node","osName":"MINGW32_NT-10.0","error":null},{"path":"C:\\msys64\\ucrt64\\bin\\node.exe","osName":"MINGW32_NT-10.0","error":null}]
2026/5/12 09:14:55: getting new Url ->  null
2026/5/12 09:14:54: C:\Users\Administrator\scoop\apps\nodejs24\current\node.exe
2026/5/12 10:15:56Extracted src: https://fan3.206102.xyz/v2ray免费账号/
2026/5/12 10:15:54: nodePaths found in: [{"path":"C:\\Users\\Administrator\\scoop\\apps\\nodejs24\\current\\node.exe","osName":"Windows_NT","error":null},{"path":"C:\\msys64\\ucrt64\\bin\\node","osName":"MINGW32_NT-10.0","error":null},{"path":"C:\\msys64\\ucrt64\\bin\\node.exe","osName":"MINGW32_NT-10.0","error":null}]
2026/5/12 10:15:54: C:\Users\Administrator\scoop\apps\nodejs24\current\node.exe
2026/5/12 10:15:56: getting new Url ->  https://fan3.206102.xyz/v2ray免费账号/
2026/5/12 10:15:56: parse_data() -> https://fan3.206102.xyz/ss免费账号/
2026/5/12 10:15:56: parse_data() -> https://fan3.206102.xyz/v2ray免费账号/
2026/5/12 11:16:58Extracted src: https://fan3.206102.xyz/v2ray免费账号/
2026/5/12 11:16:56: C:\Users\Administrator\scoop\apps\nodejs24\current\node.exe
2026/5/12 11:16:58: getting new Url ->  https://fan3.206102.xyz/v2ray免费账号/
2026/5/12 11:16:56: nodePaths found in: [{"path":"C:\\Users\\Administrator\\scoop\\apps\\nodejs24\\current\\node.exe","osName":"Windows_NT","error":null},{"path":"C:\\msys64\\ucrt64\\bin\\node","osName":"MINGW32_NT-10.0","error":null},{"path":"C:\\msys64\\ucrt64\\bin\\node.exe","osName":"MINGW32_NT-10.0","error":null}]
2026/5/12 11:16:58: parse_data() -> https://fan3.206102.xyz/v2ray免费账号/
2026/5/12 11:16:58: parse_data() -> https://fan3.206102.xyz/ss免费账号/
2026/5/12 12:17:56Extracted src: https://fan3.206102.xyz/v2ray免费账号/
2026/5/12 12:17:55: nodePaths found in: [{"path":"C:\\Users\\Administrator\\scoop\\apps\\nodejs24\\current\\node.exe","osName":"Windows_NT","error":null},{"path":"C:\\msys64\\ucrt64\\bin\\node","osName":"MINGW32_NT-10.0","error":null},{"path":"C:\\msys64\\ucrt64\\bin\\node.exe","osName":"MINGW32_NT-10.0","error":null}]
2026/5/12 12:17:55: C:\Users\Administrator\scoop\apps\nodejs24\current\node.exe
2026/5/12 12:17:57: getting new Url ->  https://fan3.206102.xyz/v2ray免费账号/
2026/5/12 12:17:57: parse_data() -> https://fan3.206102.xyz/ss免费账号/
2026/5/12 12:17:57: parse_data() -> https://fan3.206102.xyz/v2ray免费账号/
2026/5/12 13:18:56Extracted src: https://fan3.206102.xyz/v2ray免费账号/
2026/5/12 13:18:54: C:\Users\Administrator\scoop\apps\nodejs24\current\node.exe
2026/5/12 13:18:54: nodePaths found in: [{"path":"C:\\Users\\Administrator\\scoop\\apps\\nodejs24\\current\\node.exe","osName":"Windows_NT","error":null},{"path":"C:\\msys64\\ucrt64\\bin\\node","osName":"MINGW32_NT-10.0","error":null},{"path":"C:\\msys64\\ucrt64\\bin\\node.exe","osName":"MINGW32_NT-10.0","error":null}]
2026/5/12 13:18:56: parse_data() -> https://fan3.206102.xyz/v2ray免费账号/
2026/5/12 13:18:56: getting new Url ->  https://fan3.206102.xyz/v2ray免费账号/
2026/5/12 13:18:56: parse_data() -> https://fan3.206102.xyz/ss免费账号/
2026/5/12 14:19:57Extracted src: https://fan3.206102.xyz/v2ray免费账号/
2026/5/12 14:19:55: nodePaths found in: [{"path":"C:\\Users\\Administrator\\scoop\\apps\\nodejs24\\current\\node.exe","osName":"Windows_NT","error":null},{"path":"C:\\msys64\\ucrt64\\bin\\node","osName":"MINGW32_NT-10.0","error":null},{"path":"C:\\msys64\\ucrt64\\bin\\node.exe","osName":"MINGW32_NT-10.0","error":null}]
2026/5/12 14:19:55: C:\Users\Administrator\scoop\apps\nodejs24\current\node.exe
2026/5/12 14:19:57: getting new Url ->  https://fan3.206102.xyz/v2ray免费账号/
2026/5/12 14:19:57: parse_data() -> https://fan3.206102.xyz/v2ray免费账号/
2026/5/12 14:19:57: parse_data() -> https://fan3.206102.xyz/ss免费账号/
2026/5/12 15:20:57Extracted src: https://fan3.206102.xyz/v2ray免费账号/
2026/5/12 15:20:55: C:\Users\Administrator\scoop\apps\nodejs24\current\node.exe
2026/5/12 15:20:55: nodePaths found in: [{"path":"C:\\Users\\Administrator\\scoop\\apps\\nodejs24\\current\\node.exe","osName":"Windows_NT","error":null},{"path":"C:\\msys64\\ucrt64\\bin\\node","osName":"MINGW32_NT-10.0","error":null},{"path":"C:\\msys64\\ucrt64\\bin\\node.exe","osName":"MINGW32_NT-10.0","error":null}]
2026/5/12 15:20:57: getting new Url ->  https://fan3.206102.xyz/v2ray免费账号/
2026/5/12 15:20:57: parse_data() -> https://fan3.206102.xyz/v2ray免费账号/
2026/5/12 15:20:57: parse_data() -> https://fan3.206102.xyz/ss免费账号/
2026/5/12 16:21:56Extracted src: https://fan3.206102.xyz/v2ray免费账号/
2026/5/12 16:21:55: nodePaths found in: [{"path":"C:\\Users\\Administrator\\scoop\\apps\\nodejs24\\current\\node.exe","osName":"Windows_NT","error":null},{"path":"C:\\msys64\\ucrt64\\bin\\node","osName":"MINGW32_NT-10.0","error":null},{"path":"C:\\msys64\\ucrt64\\bin\\node.exe","osName":"MINGW32_NT-10.0","error":null}]
2026/5/12 16:21:57: getting new Url ->  https://fan3.206102.xyz/v2ray免费账号/
2026/5/12 16:21:57: parse_data() -> https://fan3.206102.xyz/ss免费账号/
2026/5/12 16:21:57: parse_data() -> https://fan3.206102.xyz/v2ray免费账号/
2026/5/12 16:21:55: C:\Users\Administrator\scoop\apps\nodejs24\current\node.exe
2026/5/12 17:22:57Extracted src: https://fan3.206102.xyz/v2ray免费账号/
2026/5/12 17:22:55: C:\Users\Administrator\scoop\apps\nodejs24\current\node.exe
2026/5/12 17:22:55: nodePaths found in: [{"path":"C:\\Users\\Administrator\\scoop\\apps\\nodejs24\\current\\node.exe","osName":"Windows_NT","error":null},{"path":"C:\\msys64\\ucrt64\\bin\\node","osName":"MINGW32_NT-10.0","error":null},{"path":"C:\\msys64\\ucrt64\\bin\\node.exe","osName":"MINGW32_NT-10.0","error":null}]
2026/5/12 17:22:57: getting new Url ->  https://fan3.206102.xyz/v2ray免费账号/
2026/5/12 17:22:57: parse_data() -> https://fan3.206102.xyz/v2ray免费账号/
2026/5/12 17:22:57: parse_data() -> https://fan3.206102.xyz/ss免费账号/
2026/5/12 18:23:56Extracted src: https://fan3.206102.xyz/v2ray免费账号/
2026/5/12 18:23:55: nodePaths found in: [{"path":"C:\\Users\\Administrator\\scoop\\apps\\nodejs24\\current\\node.exe","osName":"Windows_NT","error":null},{"path":"C:\\msys64\\ucrt64\\bin\\node","osName":"MINGW32_NT-10.0","error":null},{"path":"C:\\msys64\\ucrt64\\bin\\node.exe","osName":"MINGW32_NT-10.0","error":null}]
2026/5/12 18:23:56: parse_data() -> https://fan3.206102.xyz/v2ray免费账号/
2026/5/12 18:23:55: C:\Users\Administrator\scoop\apps\nodejs24\current\node.exe
2026/5/12 18:23:56: parse_data() -> https://fan3.206102.xyz/ss免费账号/
2026/5/12 18:23:56: getting new Url ->  https://fan3.206102.xyz/v2ray免费账号/
2026/5/12 19:24:56Extracted src: https://fan3.206102.xyz/v2ray免费账号/
2026/5/12 19:24:56: getting new Url ->  https://fan3.206102.xyz/v2ray免费账号/
2026/5/12 19:24:54: C:\Users\Administrator\scoop\apps\nodejs24\current\node.exe
2026/5/12 19:24:54: nodePaths found in: [{"path":"C:\\Users\\Administrator\\scoop\\apps\\nodejs24\\current\\node.exe","osName":"Windows_NT","error":null},{"path":"C:\\msys64\\ucrt64\\bin\\node","osName":"MINGW32_NT-10.0","error":null},{"path":"C:\\msys64\\ucrt64\\bin\\node.exe","osName":"MINGW32_NT-10.0","error":null}]
2026/5/12 19:24:56: parse_data() -> https://fan3.206102.xyz/ss免费账号/
2026/5/12 19:24:56: parse_data() -> https://fan3.206102.xyz/v2ray免费账号/
2026/5/12 20:25:59Extracted src: https://fan3.206102.xyz/v2ray免费账号/
2026/5/12 20:25:55: nodePaths found in: [{"path":"C:\\Users\\Administrator\\scoop\\apps\\nodejs24\\current\\node.exe","osName":"Windows_NT","error":null},{"path":"C:\\msys64\\ucrt64\\bin\\node","osName":"MINGW32_NT-10.0","error":null},{"path":"C:\\msys64\\ucrt64\\bin\\node.exe","osName":"MINGW32_NT-10.0","error":null}]
2026/5/12 20:25:55: C:\Users\Administrator\scoop\apps\nodejs24\current\node.exe
2026/5/12 20:25:59: getting new Url ->  https://fan3.206102.xyz/v2ray免费账号/
2026/5/12 20:25:59: parse_data() -> https://fan3.206102.xyz/ss免费账号/
2026/5/12 20:25:59: parse_data() -> https://fan3.206102.xyz/v2ray免费账号/
2026/5/12 21:26:58Extracted src: https://fan3.206102.xyz/v2ray免费账号/
2026/5/12 21:26:56: nodePaths found in: [{"path":"C:\\Users\\Administrator\\scoop\\apps\\nodejs24\\current\\node.exe","osName":"Windows_NT","error":null},{"path":"C:\\msys64\\ucrt64\\bin\\node","osName":"MINGW32_NT-10.0","error":null},{"path":"C:\\msys64\\ucrt64\\bin\\node.exe","osName":"MINGW32_NT-10.0","error":null}]
2026/5/12 21:26:58: getting new Url ->  https://fan3.206102.xyz/v2ray免费账号/
2026/5/12 21:26:56: C:\Users\Administrator\scoop\apps\nodejs24\current\node.exe
2026/5/12 21:26:58: parse_data() -> https://fan3.206102.xyz/v2ray免费账号/
2026/5/12 21:26:58: parse_data() -> https://fan3.206102.xyz/ss免费账号/
2026/5/13 21:28:00Extracted src: https://fan3.206102.xyz/v2ray免费账号/
2026/5/13 21:27:57: nodePaths found in: [{"path":"C:\\Users\\Administrator\\scoop\\apps\\nodejs24\\current\\node.exe","osName":"Windows_NT","error":null},{"path":"C:\\msys64\\ucrt64\\bin\\node","osName":"MINGW32_NT-10.0","error":null},{"path":"C:\\msys64\\ucrt64\\bin\\node.exe","osName":"MINGW32_NT-10.0","error":null}]
2026/5/13 21:27:57: C:\Users\Administrator\scoop\apps\nodejs24\current\node.exe
2026/5/13 21:28:00: getting new Url ->  https://fan3.206102.xyz/v2ray免费账号/
2026/5/13 21:28:00: parse_data() -> https://fan3.206102.xyz/v2ray免费账号/
2026/5/13 21:28:00: parse_data() -> https://fan3.206102.xyz/ss免费账号/
2026/5/13 22:28:21Extracted src: https://fan3.206102.xyz/v2ray免费账号/
2026/5/13 22:28:17: nodePaths found in: [{"path":"C:\\Users\\Administrator\\scoop\\apps\\nodejs24\\current\\node.exe","osName":"Windows_NT","error":null},{"path":"C:\\msys64\\ucrt64\\bin\\node","osName":"MINGW32_NT-10.0","error":null},{"path":"C:\\msys64\\ucrt64\\bin\\node.exe","osName":"MINGW32_NT-10.0","error":null}]
2026/5/13 22:28:21: getting new Url ->  https://fan3.206102.xyz/v2ray免费账号/
2026/5/13 22:28:17: C:\Users\Administrator\scoop\apps\nodejs24\current\node.exe
2026/5/13 22:28:21: parse_data() -> https://fan3.206102.xyz/v2ray免费账号/
2026/5/13 22:28:21: parse_data() -> https://fan3.206102.xyz/ss免费账号/
2026/5/13 23:29:18Extracted src: https://fan3.206102.xyz/v2ray免费账号/
2026/5/13 23:29:15: nodePaths found in: [{"path":"C:\\Users\\Administrator\\scoop\\apps\\nodejs24\\current\\node.exe","osName":"Windows_NT","error":null},{"path":"C:\\msys64\\ucrt64\\bin\\node","osName":"MINGW32_NT-10.0","error":null},{"path":"C:\\msys64\\ucrt64\\bin\\node.exe","osName":"MINGW32_NT-10.0","error":null}]
2026/5/13 23:29:15: C:\Users\Administrator\scoop\apps\nodejs24\current\node.exe
2026/5/13 23:29:18: getting new Url ->  https://fan3.206102.xyz/v2ray免费账号/
2026/5/13 23:29:18: parse_data() -> https://fan3.206102.xyz/v2ray免费账号/
2026/5/13 23:29:18: parse_data() -> https://fan3.206102.xyz/ss免费账号/
2026/5/14 00:30:19Extracted src: https://fan3.206102.xyz/v2ray免费账号/
2026/5/14 00:30:15: nodePaths found in: [{"path":"C:\\Users\\Administrator\\scoop\\apps\\nodejs24\\current\\node.exe","osName":"Windows_NT","error":null},{"path":"C:\\msys64\\ucrt64\\bin\\node","osName":"MINGW32_NT-10.0","error":null},{"path":"C:\\msys64\\ucrt64\\bin\\node.exe","osName":"MINGW32_NT-10.0","error":null}]
2026/5/14 00:30:19: getting new Url ->  https://fan3.206102.xyz/v2ray免费账号/
2026/5/14 00:30:15: C:\Users\Administrator\scoop\apps\nodejs24\current\node.exe
2026/5/14 00:30:19: parse_data() -> https://fan3.206102.xyz/v2ray免费账号/
2026/5/14 00:30:19: parse_data() -> https://fan3.206102.xyz/ss免费账号/
2026/5/14 09:49:46Extracted src: https://fan3.206102.xyz/v2ray免费账号/
2026/5/14 09:49:46: getting new Url ->  https://fan3.206102.xyz/v2ray免费账号/
2026/5/14 09:49:42: nodePaths found in: [{"path":"C:\\Users\\Administrator\\scoop\\apps\\nodejs24\\current\\node.exe","osName":"Windows_NT","error":null},{"path":"C:\\msys64\\ucrt64\\bin\\node","osName":"MINGW32_NT-10.0","error":null},{"path":"C:\\msys64\\ucrt64\\bin\\node.exe","osName":"MINGW32_NT-10.0","error":null}]
2026/5/14 09:49:46: parse_data() -> https://fan3.206102.xyz/v2ray免费账号/
2026/5/14 09:49:42: C:\Users\Administrator\scoop\apps\nodejs24\current\node.exe
2026/5/14 09:49:46: parse_data() -> https://fan3.206102.xyz/ss免费账号/
2026/5/14 10:50:32Extracted src: https://fan3.206102.xyz/v2ray免费账号/
2026/5/14 10:50:29: C:\Users\Administrator\scoop\apps\nodejs24\current\node.exe
2026/5/14 10:50:29: nodePaths found in: [{"path":"C:\\Users\\Administrator\\scoop\\apps\\nodejs24\\current\\node.exe","osName":"Windows_NT","error":null},{"path":"C:\\msys64\\ucrt64\\bin\\node","osName":"MINGW32_NT-10.0","error":null},{"path":"C:\\msys64\\ucrt64\\bin\\node.exe","osName":"MINGW32_NT-10.0","error":null}]
2026/5/14 10:50:32: getting new Url ->  https://fan3.206102.xyz/v2ray免费账号/
2026/5/14 10:50:32: parse_data() -> https://fan3.206102.xyz/ss免费账号/
2026/5/14 10:50:32: parse_data() -> https://fan3.206102.xyz/v2ray免费账号/
2026/5/14 11:52:11Extracted src: https://fan3.206102.xyz/v2ray免费账号/
2026/5/14 11:52:08: nodePaths found in: [{"path":"C:\\Users\\Administrator\\scoop\\apps\\nodejs24\\current\\node.exe","osName":"Windows_NT","error":null},{"path":"C:\\msys64\\ucrt64\\bin\\node","osName":"MINGW32_NT-10.0","error":null},{"path":"C:\\msys64\\ucrt64\\bin\\node.exe","osName":"MINGW32_NT-10.0","error":null}]
2026/5/14 11:52:11: getting new Url ->  https://fan3.206102.xyz/v2ray免费账号/
2026/5/14 11:52:11: parse_data() -> https://fan3.206102.xyz/v2ray免费账号/
2026/5/14 11:52:08: C:\Users\Administrator\scoop\apps\nodejs24\current\node.exe
2026/5/14 11:52:11: parse_data() -> https://fan3.206102.xyz/ss免费账号/
2026/5/14 12:52:43Extracted src: https://fan3.206102.xyz/v2ray免费账号/
2026/5/14 12:52:41: C:\Users\Administrator\scoop\apps\nodejs24\current\node.exe
2026/5/14 12:52:41: nodePaths found in: [{"path":"C:\\Users\\Administrator\\scoop\\apps\\nodejs24\\current\\node.exe","osName":"Windows_NT","error":null},{"path":"C:\\msys64\\ucrt64\\bin\\node","osName":"MINGW32_NT-10.0","error":null},{"path":"C:\\msys64\\ucrt64\\bin\\node.exe","osName":"MINGW32_NT-10.0","error":null}]
2026/5/14 12:52:43: parse_data() -> https://fan3.206102.xyz/ss免费账号/
2026/5/14 12:52:43: parse_data() -> https://fan3.206102.xyz/v2ray免费账号/
2026/5/14 12:52:43: getting new Url ->  https://fan3.206102.xyz/v2ray免费账号/
2026/5/14 13:53:36Extracted src: https://fan3.206102.xyz/v2ray免费账号/
2026/5/14 13:53:34: nodePaths found in: [{"path":"C:\\Users\\Administrator\\scoop\\apps\\nodejs24\\current\\node.exe","osName":"Windows_NT","error":null},{"path":"C:\\msys64\\ucrt64\\bin\\node","osName":"MINGW32_NT-10.0","error":null},{"path":"C:\\msys64\\ucrt64\\bin\\node.exe","osName":"MINGW32_NT-10.0","error":null}]
2026/5/14 13:53:37: getting new Url ->  https://fan3.206102.xyz/v2ray免费账号/
2026/5/14 13:53:34: C:\Users\Administrator\scoop\apps\nodejs24\current\node.exe
2026/5/14 13:53:37: parse_data() -> https://fan3.206102.xyz/v2ray免费账号/
2026/5/14 13:53:37: parse_data() -> https://fan3.206102.xyz/ss免费账号/
2026/5/14 16:12:45Extracted src: https://fan3.206102.xyz/v2ray免费账号/
2026/5/14 16:12:42: nodePaths found in: [{"path":"C:\\Users\\Administrator\\scoop\\apps\\nodejs24\\current\\node.exe","osName":"Windows_NT","error":null},{"path":"C:\\msys64\\ucrt64\\bin\\node","osName":"MINGW32_NT-10.0","error":null},{"path":"C:\\msys64\\ucrt64\\bin\\node.exe","osName":"MINGW32_NT-10.0","error":null}]
2026/5/14 16:12:45: getting new Url ->  https://fan3.206102.xyz/v2ray免费账号/
2026/5/14 16:12:45: parse_data() -> https://fan3.206102.xyz/v2ray免费账号/
2026/5/14 16:12:42: C:\Users\Administrator\scoop\apps\nodejs24\current\node.exe
2026/5/14 16:12:45: parse_data() -> https://fan3.206102.xyz/ss免费账号/
2026/5/14 17:13:37Extracted src: https://fan3.206102.xyz/v2ray免费账号/
2026/5/14 17:13:35: nodePaths found in: [{"path":"C:\\Users\\Administrator\\scoop\\apps\\nodejs24\\current\\node.exe","osName":"Windows_NT","error":null},{"path":"C:\\msys64\\ucrt64\\bin\\node","osName":"MINGW32_NT-10.0","error":null},{"path":"C:\\msys64\\ucrt64\\bin\\node.exe","osName":"MINGW32_NT-10.0","error":null}]
2026/5/14 17:13:35: C:\Users\Administrator\scoop\apps\nodejs24\current\node.exe
2026/5/14 17:13:37: getting new Url ->  https://fan3.206102.xyz/v2ray免费账号/
2026/5/14 17:13:37: parse_data() -> https://fan3.206102.xyz/ss免费账号/
2026/5/14 17:13:37: parse_data() -> https://fan3.206102.xyz/v2ray免费账号/
2026/5/14 18:14:36Extracted src: https://fan3.206102.xyz/v2ray免费账号/
2026/5/14 18:14:34: nodePaths found in: [{"path":"C:\\Users\\Administrator\\scoop\\apps\\nodejs24\\current\\node.exe","osName":"Windows_NT","error":null},{"path":"C:\\msys64\\ucrt64\\bin\\node","osName":"MINGW32_NT-10.0","error":null},{"path":"C:\\msys64\\ucrt64\\bin\\node.exe","osName":"MINGW32_NT-10.0","error":null}]
2026/5/14 18:14:36: getting new Url ->  https://fan3.206102.xyz/v2ray免费账号/
2026/5/14 18:14:34: C:\Users\Administrator\scoop\apps\nodejs24\current\node.exe
2026/5/14 18:14:36: parse_data() -> https://fan3.206102.xyz/ss免费账号/
2026/5/14 18:14:36: parse_data() -> https://fan3.206102.xyz/v2ray免费账号/
2026/5/14 19:15:51Extracted src: https://fan3.206102.xyz/v2ray免费账号/
2026/5/14 19:15:47: C:\Users\Administrator\scoop\apps\nodejs24\current\node.exe
2026/5/14 19:15:47: nodePaths found in: [{"path":"C:\\Users\\Administrator\\scoop\\apps\\nodejs24\\current\\node.exe","osName":"Windows_NT","error":null},{"path":"C:\\msys64\\ucrt64\\bin\\node","osName":"MINGW32_NT-10.0","error":null},{"path":"C:\\msys64\\ucrt64\\bin\\node.exe","osName":"MINGW32_NT-10.0","error":null}]
2026/5/14 19:15:51: parse_data() -> https://fan3.206102.xyz/v2ray免费账号/
2026/5/14 19:15:51: getting new Url ->  https://fan3.206102.xyz/v2ray免费账号/
2026/5/14 19:15:51: parse_data() -> https://fan3.206102.xyz/ss免费账号/
2026/5/14 20:16:37Extracted src: https://fan3.206102.xyz/v2ray免费账号/
2026/5/14 20:16:34: nodePaths found in: [{"path":"C:\\Users\\Administrator\\scoop\\apps\\nodejs24\\current\\node.exe","osName":"Windows_NT","error":null},{"path":"C:\\msys64\\ucrt64\\bin\\node","osName":"MINGW32_NT-10.0","error":null},{"path":"C:\\msys64\\ucrt64\\bin\\node.exe","osName":"MINGW32_NT-10.0","error":null}]
2026/5/14 20:16:34: C:\Users\Administrator\scoop\apps\nodejs24\current\node.exe
2026/5/14 20:16:37: getting new Url ->  https://fan3.206102.xyz/v2ray免费账号/
2026/5/14 20:16:37: parse_data() -> https://fan3.206102.xyz/v2ray免费账号/
2026/5/14 20:16:37: parse_data() -> https://fan3.206102.xyz/ss免费账号/
2026/5/14 21:17:47Extracted src: https://fan3.206102.xyz/v2ray免费账号/
2026/5/14 21:17:45: nodePaths found in: [{"path":"C:\\Users\\Administrator\\scoop\\apps\\nodejs24\\current\\node.exe","osName":"Windows_NT","error":null},{"path":"C:\\msys64\\ucrt64\\bin\\node","osName":"MINGW32_NT-10.0","error":null},{"path":"C:\\msys64\\ucrt64\\bin\\node.exe","osName":"MINGW32_NT-10.0","error":null}]
2026/5/14 21:17:47: getting new Url ->  https://fan3.206102.xyz/v2ray免费账号/
2026/5/14 21:17:45: C:\Users\Administrator\scoop\apps\nodejs24\current\node.exe
2026/5/14 21:17:47: parse_data() -> https://fan3.206102.xyz/ss免费账号/
2026/5/14 21:17:47: parse_data() -> https://fan3.206102.xyz/v2ray免费账号/
2026/5/14 22:18:41Extracted src: https://fan3.206102.xyz/v2ray免费账号/
2026/5/14 22:18:38: nodePaths found in: [{"path":"C:\\Users\\Administrator\\scoop\\apps\\nodejs24\\current\\node.exe","osName":"Windows_NT","error":null},{"path":"C:\\msys64\\ucrt64\\bin\\node","osName":"MINGW32_NT-10.0","error":null},{"path":"C:\\msys64\\ucrt64\\bin\\node.exe","osName":"MINGW32_NT-10.0","error":null}]
2026/5/14 22:18:41: getting new Url ->  https://fan3.206102.xyz/v2ray免费账号/
2026/5/14 22:18:38: C:\Users\Administrator\scoop\apps\nodejs24\current\node.exe
2026/5/14 22:18:41: parse_data() -> https://fan3.206102.xyz/v2ray免费账号/
2026/5/14 22:18:41: parse_data() -> https://fan3.206102.xyz/ss免费账号/
2026/5/14 23:19:50Extracted src: https://fan3.206102.xyz/v2ray免费账号/
2026/5/14 23:19:47: nodePaths found in: [{"path":"C:\\Users\\Administrator\\scoop\\apps\\nodejs24\\current\\node.exe","osName":"Windows_NT","error":null},{"path":"C:\\msys64\\ucrt64\\bin\\node","osName":"MINGW32_NT-10.0","error":null},{"path":"C:\\msys64\\ucrt64\\bin\\node.exe","osName":"MINGW32_NT-10.0","error":null}]
2026/5/14 23:19:47: C:\Users\Administrator\scoop\apps\nodejs24\current\node.exe
2026/5/14 23:19:50: parse_data() -> https://fan3.206102.xyz/v2ray免费账号/
2026/5/14 23:19:50: getting new Url ->  https://fan3.206102.xyz/v2ray免费账号/
2026/5/14 23:19:50: parse_data() -> https://fan3.206102.xyz/ss免费账号/
2026/5/15 00:20:50Extracted src: https://fan3.206102.xyz/v2ray免费账号/
2026/5/15 00:20:46: nodePaths found in: [{"path":"C:\\Users\\Administrator\\scoop\\apps\\nodejs24\\current\\node.exe","osName":"Windows_NT","error":null},{"path":"C:\\msys64\\ucrt64\\bin\\node","osName":"MINGW32_NT-10.0","error":null},{"path":"C:\\msys64\\ucrt64\\bin\\node.exe","osName":"MINGW32_NT-10.0","error":null}]
2026/5/15 00:20:50: getting new Url ->  https://fan3.206102.xyz/v2ray免费账号/
2026/5/15 00:20:46: C:\Users\Administrator\scoop\apps\nodejs24\current\node.exe
2026/5/15 00:20:50: parse_data() -> https://fan3.206102.xyz/ss免费账号/
2026/5/15 00:20:50: parse_data() -> https://fan3.206102.xyz/v2ray免费账号/
2026/5/15 01:21:36Extracted src: https://fan3.206102.xyz/v2ray免费账号/
2026/5/15 01:21:34: nodePaths found in: [{"path":"C:\\Users\\Administrator\\scoop\\apps\\nodejs24\\current\\node.exe","osName":"Windows_NT","error":null},{"path":"C:\\msys64\\ucrt64\\bin\\node","osName":"MINGW32_NT-10.0","error":null},{"path":"C:\\msys64\\ucrt64\\bin\\node.exe","osName":"MINGW32_NT-10.0","error":null}]
2026/5/15 01:21:34: C:\Users\Administrator\scoop\apps\nodejs24\current\node.exe
2026/5/15 01:21:37: getting new Url ->  https://fan3.206102.xyz/v2ray免费账号/
2026/5/15 01:21:37: parse_data() -> https://fan3.206102.xyz/ss免费账号/
2026/5/15 01:21:37: parse_data() -> https://fan3.206102.xyz/v2ray免费账号/
2026/5/15 02:22:36Extracted src: https://fan3.206102.xyz/v2ray免费账号/
2026/5/15 02:22:34: nodePaths found in: [{"path":"C:\\Users\\Administrator\\scoop\\apps\\nodejs24\\current\\node.exe","osName":"Windows_NT","error":null},{"path":"C:\\msys64\\ucrt64\\bin\\node","osName":"MINGW32_NT-10.0","error":null},{"path":"C:\\msys64\\ucrt64\\bin\\node.exe","osName":"MINGW32_NT-10.0","error":null}]
2026/5/15 02:22:34: C:\Users\Administrator\scoop\apps\nodejs24\current\node.exe
2026/5/15 02:22:36: getting new Url ->  https://fan3.206102.xyz/v2ray免费账号/
2026/5/15 02:22:36: parse_data() -> https://fan3.206102.xyz/v2ray免费账号/
2026/5/15 02:22:36: parse_data() -> https://fan3.206102.xyz/ss免费账号/
2026/5/15 03:23:39Extracted src: https://fan3.206102.xyz/v2ray免费账号/
2026/5/15 03:23:37: nodePaths found in: [{"path":"C:\\Users\\Administrator\\scoop\\apps\\nodejs24\\current\\node.exe","osName":"Windows_NT","error":null},{"path":"C:\\msys64\\ucrt64\\bin\\node","osName":"MINGW32_NT-10.0","error":null},{"path":"C:\\msys64\\ucrt64\\bin\\node.exe","osName":"MINGW32_NT-10.0","error":null}]
2026/5/15 03:23:39: getting new Url ->  https://fan3.206102.xyz/v2ray免费账号/
2026/5/15 03:23:37: C:\Users\Administrator\scoop\apps\nodejs24\current\node.exe
2026/5/15 03:23:39: parse_data() -> https://fan3.206102.xyz/v2ray免费账号/
2026/5/15 03:23:39: parse_data() -> https://fan3.206102.xyz/ss免费账号/
2026/5/15 04:24:36Extracted src: https://fan3.206102.xyz/v2ray免费账号/
2026/5/15 04:24:34: nodePaths found in: [{"path":"C:\\Users\\Administrator\\scoop\\apps\\nodejs24\\current\\node.exe","osName":"Windows_NT","error":null},{"path":"C:\\msys64\\ucrt64\\bin\\node","osName":"MINGW32_NT-10.0","error":null},{"path":"C:\\msys64\\ucrt64\\bin\\node.exe","osName":"MINGW32_NT-10.0","error":null}]
2026/5/15 04:24:34: C:\Users\Administrator\scoop\apps\nodejs24\current\node.exe
2026/5/15 04:24:36: parse_data() -> https://fan3.206102.xyz/ss免费账号/
2026/5/15 04:24:36: getting new Url ->  https://fan3.206102.xyz/v2ray免费账号/
2026/5/15 04:24:36: parse_data() -> https://fan3.206102.xyz/v2ray免费账号/
2026/5/15 05:25:36Extracted src: https://fan3.206102.xyz/v2ray免费账号/
2026/5/15 05:25:34: nodePaths found in: [{"path":"C:\\Users\\Administrator\\scoop\\apps\\nodejs24\\current\\node.exe","osName":"Windows_NT","error":null},{"path":"C:\\msys64\\ucrt64\\bin\\node","osName":"MINGW32_NT-10.0","error":null},{"path":"C:\\msys64\\ucrt64\\bin\\node.exe","osName":"MINGW32_NT-10.0","error":null}]
2026/5/15 05:25:36: parse_data() -> https://fan3.206102.xyz/v2ray免费账号/
2026/5/15 05:25:36: parse_data() -> https://fan3.206102.xyz/ss免费账号/
2026/5/15 05:25:36: getting new Url ->  https://fan3.206102.xyz/v2ray免费账号/
2026/5/15 05:25:34: C:\Users\Administrator\scoop\apps\nodejs24\current\node.exe
2026/5/15 06:26:36Extracted src: https://fan3.206102.xyz/v2ray免费账号/
2026/5/15 06:26:34: C:\Users\Administrator\scoop\apps\nodejs24\current\node.exe
2026/5/15 06:26:34: nodePaths found in: [{"path":"C:\\Users\\Administrator\\scoop\\apps\\nodejs24\\current\\node.exe","osName":"Windows_NT","error":null},{"path":"C:\\msys64\\ucrt64\\bin\\node","osName":"MINGW32_NT-10.0","error":null},{"path":"C:\\msys64\\ucrt64\\bin\\node.exe","osName":"MINGW32_NT-10.0","error":null}]
2026/5/15 06:26:36: getting new Url ->  https://fan3.206102.xyz/v2ray免费账号/
2026/5/15 06:26:36: parse_data() -> https://fan3.206102.xyz/v2ray免费账号/
2026/5/15 06:26:36: parse_data() -> https://fan3.206102.xyz/ss免费账号/
2026/5/15 07:27:36Extracted src: https://fan3.206102.xyz/v2ray免费账号/
2026/5/15 07:27:36: getting new Url ->  https://fan3.206102.xyz/v2ray免费账号/
2026/5/15 07:27:34: nodePaths found in: [{"path":"C:\\Users\\Administrator\\scoop\\apps\\nodejs24\\current\\node.exe","osName":"Windows_NT","error":null},{"path":"C:\\msys64\\ucrt64\\bin\\node","osName":"MINGW32_NT-10.0","error":null},{"path":"C:\\msys64\\ucrt64\\bin\\node.exe","osName":"MINGW32_NT-10.0","error":null}]
2026/5/15 07:27:36: parse_data() -> https://fan3.206102.xyz/v2ray免费账号/
2026/5/15 07:27:34: C:\Users\Administrator\scoop\apps\nodejs24\current\node.exe
2026/5/15 07:27:36: parse_data() -> https://fan3.206102.xyz/ss免费账号/
2026/5/15 08:28:36Extracted src: https://fan3.206102.xyz/v2ray免费账号/
2026/5/15 08:28:34: C:\Users\Administrator\scoop\apps\nodejs24\current\node.exe
2026/5/15 08:28:34: nodePaths found in: [{"path":"C:\\Users\\Administrator\\scoop\\apps\\nodejs24\\current\\node.exe","osName":"Windows_NT","error":null},{"path":"C:\\msys64\\ucrt64\\bin\\node","osName":"MINGW32_NT-10.0","error":null},{"path":"C:\\msys64\\ucrt64\\bin\\node.exe","osName":"MINGW32_NT-10.0","error":null}]
2026/5/15 08:28:36: getting new Url ->  https://fan3.206102.xyz/v2ray免费账号/
2026/5/15 08:28:36: parse_data() -> https://fan3.206102.xyz/ss免费账号/
2026/5/15 08:28:36: parse_data() -> https://fan3.206102.xyz/v2ray免费账号/
2026/5/15 09:29:39Extracted src: https://fan3.206102.xyz/v2ray免费账号/
2026/5/15 09:29:39: getting new Url ->  https://fan3.206102.xyz/v2ray免费账号/
2026/5/15 09:29:37: nodePaths found in: [{"path":"C:\\Users\\Administrator\\scoop\\apps\\nodejs24\\current\\node.exe","osName":"Windows_NT","error":null},{"path":"C:\\msys64\\ucrt64\\bin\\node","osName":"MINGW32_NT-10.0","error":null},{"path":"C:\\msys64\\ucrt64\\bin\\node.exe","osName":"MINGW32_NT-10.0","error":null}]
2026/5/15 09:29:39: parse_data() -> https://fan3.206102.xyz/v2ray免费账号/
2026/5/15 09:29:37: C:\Users\Administrator\scoop\apps\nodejs24\current\node.exe
2026/5/15 09:29:39: parse_data() -> https://fan3.206102.xyz/ss免费账号/
2026/5/15 10:30:40Extracted src: https://fan3.206102.xyz/v2ray免费账号/
2026/5/15 10:30:37: nodePaths found in: [{"path":"C:\\Users\\Administrator\\scoop\\apps\\nodejs24\\current\\node.exe","osName":"Windows_NT","error":null},{"path":"C:\\msys64\\ucrt64\\bin\\node","osName":"MINGW32_NT-10.0","error":null},{"path":"C:\\msys64\\ucrt64\\bin\\node.exe","osName":"MINGW32_NT-10.0","error":null}]
2026/5/15 10:30:40: parse_data() -> https://fan3.206102.xyz/v2ray免费账号/
2026/5/15 10:30:40: parse_data() -> https://fan3.206102.xyz/ss免费账号/
2026/5/15 10:30:40: getting new Url ->  https://fan3.206102.xyz/v2ray免费账号/
2026/5/15 10:30:37: C:\Users\Administrator\scoop\apps\nodejs24\current\node.exe
2026/5/15 11:31:45Extracted src: https://fan3.206102.xyz/v2ray免费账号/
2026/5/15 11:31:42: nodePaths found in: [{"path":"C:\\Users\\Administrator\\scoop\\apps\\nodejs24\\current\\node.exe","osName":"Windows_NT","error":null},{"path":"C:\\msys64\\ucrt64\\bin\\node","osName":"MINGW32_NT-10.0","error":null},{"path":"C:\\msys64\\ucrt64\\bin\\node.exe","osName":"MINGW32_NT-10.0","error":null}]
2026/5/15 11:31:45: getting new Url ->  https://fan3.206102.xyz/v2ray免费账号/
2026/5/15 11:31:45: parse_data() -> https://fan3.206102.xyz/v2ray免费账号/
2026/5/15 11:31:42: C:\Users\Administrator\scoop\apps\nodejs24\current\node.exe
2026/5/15 11:31:45: parse_data() -> https://fan3.206102.xyz/ss免费账号/
2026/5/15 12:32:40Extracted src: https://fan3.206102.xyz/v2ray免费账号/
2026/5/15 12:32:37: nodePaths found in: [{"path":"C:\\Users\\Administrator\\scoop\\apps\\nodejs24\\current\\node.exe","osName":"Windows_NT","error":null},{"path":"C:\\msys64\\ucrt64\\bin\\node","osName":"MINGW32_NT-10.0","error":null},{"path":"C:\\msys64\\ucrt64\\bin\\node.exe","osName":"MINGW32_NT-10.0","error":null}]
2026/5/15 12:32:37: C:\Users\Administrator\scoop\apps\nodejs24\current\node.exe
2026/5/15 12:32:40: getting new Url ->  https://fan3.206102.xyz/v2ray免费账号/
2026/5/15 12:32:40: parse_data() -> https://fan3.206102.xyz/ss免费账号/
2026/5/15 12:32:40: parse_data() -> https://fan3.206102.xyz/v2ray免费账号/
2026/5/15 13:33:42Extracted src: https://fan3.206102.xyz/v2ray免费账号/
2026/5/15 13:33:39: C:\Users\Administrator\scoop\apps\nodejs24\current\node.exe
2026/5/15 13:33:42: getting new Url ->  https://fan3.206102.xyz/v2ray免费账号/
2026/5/15 13:33:39: nodePaths found in: [{"path":"C:\\Users\\Administrator\\scoop\\apps\\nodejs24\\current\\node.exe","osName":"Windows_NT","error":null},{"path":"C:\\msys64\\ucrt64\\bin\\node","osName":"MINGW32_NT-10.0","error":null},{"path":"C:\\msys64\\ucrt64\\bin\\node.exe","osName":"MINGW32_NT-10.0","error":null}]
2026/5/15 13:33:42: parse_data() -> https://fan3.206102.xyz/ss免费账号/
2026/5/15 13:33:42: parse_data() -> https://fan3.206102.xyz/v2ray免费账号/
2026/5/15 14:34:39Extracted src: https://fan3.206102.xyz/v2ray免费账号/
2026/5/15 14:34:37: nodePaths found in: [{"path":"C:\\Users\\Administrator\\scoop\\apps\\nodejs24\\current\\node.exe","osName":"Windows_NT","error":null},{"path":"C:\\msys64\\ucrt64\\bin\\node","osName":"MINGW32_NT-10.0","error":null},{"path":"C:\\msys64\\ucrt64\\bin\\node.exe","osName":"MINGW32_NT-10.0","error":null}]
2026/5/15 14:34:37: C:\Users\Administrator\scoop\apps\nodejs24\current\node.exe
2026/5/15 14:34:39: getting new Url ->  https://fan3.206102.xyz/v2ray免费账号/
2026/5/15 14:34:39: parse_data() -> https://fan3.206102.xyz/v2ray免费账号/
2026/5/15 14:34:39: parse_data() -> https://fan3.206102.xyz/ss免费账号/
2026/5/15 15:35:39Extracted src: https://fan3.206102.xyz/v2ray免费账号/
2026/5/15 15:35:37: nodePaths found in: [{"path":"C:\\Users\\Administrator\\scoop\\apps\\nodejs24\\current\\node.exe","osName":"Windows_NT","error":null},{"path":"C:\\msys64\\ucrt64\\bin\\node","osName":"MINGW32_NT-10.0","error":null},{"path":"C:\\msys64\\ucrt64\\bin\\node.exe","osName":"MINGW32_NT-10.0","error":null}]
2026/5/15 15:35:37: C:\Users\Administrator\scoop\apps\nodejs24\current\node.exe
2026/5/15 15:35:39: getting new Url ->  https://fan3.206102.xyz/v2ray免费账号/
2026/5/15 15:35:39: parse_data() -> https://fan3.206102.xyz/v2ray免费账号/
2026/5/15 15:35:39: parse_data() -> https://fan3.206102.xyz/ss免费账号/
2026/5/15 16:36:39Extracted src: https://fan3.206102.xyz/v2ray免费账号/
2026/5/15 16:36:37: nodePaths found in: [{"path":"C:\\Users\\Administrator\\scoop\\apps\\nodejs24\\current\\node.exe","osName":"Windows_NT","error":null},{"path":"C:\\msys64\\ucrt64\\bin\\node","osName":"MINGW32_NT-10.0","error":null},{"path":"C:\\msys64\\ucrt64\\bin\\node.exe","osName":"MINGW32_NT-10.0","error":null}]
2026/5/15 16:36:37: C:\Users\Administrator\scoop\apps\nodejs24\current\node.exe
2026/5/15 16:36:40: parse_data() -> https://fan3.206102.xyz/ss免费账号/
2026/5/15 16:36:40: getting new Url ->  https://fan3.206102.xyz/v2ray免费账号/
2026/5/15 16:36:40: parse_data() -> https://fan3.206102.xyz/v2ray免费账号/
2026/5/15 17:37:45Extracted src: https://fan3.206102.xyz/v2ray免费账号/
2026/5/15 17:37:37: nodePaths found in: [{"path":"C:\\Users\\Administrator\\scoop\\apps\\nodejs24\\current\\node.exe","osName":"Windows_NT","error":null},{"path":"C:\\msys64\\ucrt64\\bin\\node","osName":"MINGW32_NT-10.0","error":null},{"path":"C:\\msys64\\ucrt64\\bin\\node.exe","osName":"MINGW32_NT-10.0","error":null}]
2026/5/15 17:37:45: getting new Url ->  https://fan3.206102.xyz/v2ray免费账号/
2026/5/15 17:37:37: C:\Users\Administrator\scoop\apps\nodejs24\current\node.exe
2026/5/15 17:37:45: parse_data() -> https://fan3.206102.xyz/ss免费账号/
2026/5/15 17:37:45: parse_data() -> https://fan3.206102.xyz/v2ray免费账号/
2026/5/15 18:38:40Extracted src: https://fan3.206102.xyz/v2ray免费账号/
2026/5/15 18:38:40: getting new Url ->  https://fan3.206102.xyz/v2ray免费账号/
2026/5/15 18:38:38: nodePaths found in: [{"path":"C:\\Users\\Administrator\\scoop\\apps\\nodejs24\\current\\node.exe","osName":"Windows_NT","error":null},{"path":"C:\\msys64\\ucrt64\\bin\\node","osName":"MINGW32_NT-10.0","error":null},{"path":"C:\\msys64\\ucrt64\\bin\\node.exe","osName":"MINGW32_NT-10.0","error":null}]
2026/5/15 18:38:40: parse_data() -> https://fan3.206102.xyz/v2ray免费账号/
2026/5/15 18:38:38: C:\Users\Administrator\scoop\apps\nodejs24\current\node.exe
2026/5/15 18:38:40: parse_data() -> https://fan3.206102.xyz/ss免费账号/
2026/5/16 14:34:24 update_uri() -> Fetch error: AxiosError: Request failed with status code 502
2026/5/16 14:34:24: C:\Users\Administrator\scoop\apps\nodejs24\current\node.exe
2026/5/16 14:34:24: getting new Url ->  null
2026/5/16 14:34:24: nodePaths found in: [{"path":"C:\\Users\\Administrator\\scoop\\apps\\nodejs24\\current\\node.exe","osName":"Windows_NT","error":null},{"path":"C:\\msys64\\ucrt64\\bin\\node","osName":"MINGW32_NT-10.0","error":null},{"path":"C:\\msys64\\ucrt64\\bin\\node.exe","osName":"MINGW32_NT-10.0","error":null}]
2026/5/16 17:51:38Extracted src: https://fan3.206102.xyz/v2ray免费账号/
2026/5/16 17:51:36: nodePaths found in: [{"path":"C:\\Users\\Administrator\\scoop\\apps\\nodejs24\\current\\node.exe","osName":"Windows_NT","error":null},{"path":"C:\\msys64\\ucrt64\\bin\\node","osName":"MINGW32_NT-10.0","error":null},{"path":"C:\\msys64\\ucrt64\\bin\\node.exe","osName":"MINGW32_NT-10.0","error":null}]
2026/5/16 17:51:36: C:\Users\Administrator\scoop\apps\nodejs24\current\node.exe
2026/5/16 17:51:38: getting new Url ->  https://fan3.206102.xyz/v2ray免费账号/
2026/5/16 17:51:38: parse_data() -> https://fan3.206102.xyz/ss免费账号/
2026/5/16 17:51:38: parse_data() -> https://fan3.206102.xyz/v2ray免费账号/
2026/5/16 17:51:40Extracted src: https://fan3.206102.xyz/v2ray免费账号/
2026/5/16 17:51:38: nodePaths found in: [{"path":"C:\\Users\\Administrator\\scoop\\apps\\nodejs24\\current\\node.exe","osName":"Windows_NT","error":null},{"path":"C:\\msys64\\ucrt64\\bin\\node","osName":"MINGW32_NT-10.0","error":null},{"path":"C:\\msys64\\ucrt64\\bin\\node.exe","osName":"MINGW32_NT-10.0","error":null}]
2026/5/16 17:51:38: C:\Users\Administrator\scoop\apps\nodejs24\current\node.exe
2026/5/16 17:51:40: getting new Url ->  https://fan3.206102.xyz/v2ray免费账号/
2026/5/16 17:51:40: parse_data() -> https://fan3.206102.xyz/ss免费账号/
2026/5/16 17:51:40: parse_data() -> https://fan3.206102.xyz/v2ray免费账号/
2026/5/16 18:52:35Extracted src: https://fan3.206102.xyz/v2ray免费账号/
2026/5/16 18:52:32: nodePaths found in: [{"path":"C:\\Users\\Administrator\\scoop\\apps\\nodejs24\\current\\node.exe","osName":"Windows_NT","error":null},{"path":"C:\\msys64\\ucrt64\\bin\\node","osName":"MINGW32_NT-10.0","error":null},{"path":"C:\\msys64\\ucrt64\\bin\\node.exe","osName":"MINGW32_NT-10.0","error":null}]
2026/5/16 18:52:35: parse_data() -> https://fan3.206102.xyz/v2ray免费账号/
2026/5/16 18:52:32: C:\Users\Administrator\scoop\apps\nodejs24\current\node.exe
2026/5/16 18:52:35: getting new Url ->  https://fan3.206102.xyz/v2ray免费账号/
2026/5/16 18:52:35: parse_data() -> https://fan3.206102.xyz/ss免费账号/
2026/5/16 19:53:33Extracted src: https://fan3.206102.xyz/v2ray免费账号/
2026/5/16 19:53:31: C:\Users\Administrator\scoop\apps\nodejs24\current\node.exe
2026/5/16 19:53:31: nodePaths found in: [{"path":"C:\\Users\\Administrator\\scoop\\apps\\nodejs24\\current\\node.exe","osName":"Windows_NT","error":null},{"path":"C:\\msys64\\ucrt64\\bin\\node","osName":"MINGW32_NT-10.0","error":null},{"path":"C:\\msys64\\ucrt64\\bin\\node.exe","osName":"MINGW32_NT-10.0","error":null}]
2026/5/16 19:53:33: parse_data() -> https://fan3.206102.xyz/ss免费账号/
2026/5/16 19:53:33: parse_data() -> https://fan3.206102.xyz/v2ray免费账号/
2026/5/16 19:53:33: getting new Url ->  https://fan3.206102.xyz/v2ray免费账号/
2026/5/16 20:54:33Extracted src: https://fan3.206102.xyz/v2ray免费账号/
2026/5/16 20:54:32: nodePaths found in: [{"path":"C:\\Users\\Administrator\\scoop\\apps\\nodejs24\\current\\node.exe","osName":"Windows_NT","error":null},{"path":"C:\\msys64\\ucrt64\\bin\\node","osName":"MINGW32_NT-10.0","error":null},{"path":"C:\\msys64\\ucrt64\\bin\\node.exe","osName":"MINGW32_NT-10.0","error":null}]
2026/5/16 20:54:34: getting new Url ->  https://fan3.206102.xyz/v2ray免费账号/
2026/5/16 20:54:32: C:\Users\Administrator\scoop\apps\nodejs24\current\node.exe
2026/5/16 20:54:34: parse_data() -> https://fan3.206102.xyz/v2ray免费账号/
2026/5/16 20:54:34: parse_data() -> https://fan3.206102.xyz/ss免费账号/
2026/5/16 21:55:33Extracted src: https://fan3.206102.xyz/v2ray免费账号/
2026/5/16 21:55:31: nodePaths found in: [{"path":"C:\\Users\\Administrator\\scoop\\apps\\nodejs24\\current\\node.exe","osName":"Windows_NT","error":null},{"path":"C:\\msys64\\ucrt64\\bin\\node","osName":"MINGW32_NT-10.0","error":null},{"path":"C:\\msys64\\ucrt64\\bin\\node.exe","osName":"MINGW32_NT-10.0","error":null}]
2026/5/16 21:55:33: getting new Url ->  https://fan3.206102.xyz/v2ray免费账号/
2026/5/16 21:55:31: C:\Users\Administrator\scoop\apps\nodejs24\current\node.exe
2026/5/16 21:55:33: parse_data() -> https://fan3.206102.xyz/v2ray免费账号/
2026/5/16 21:55:33: parse_data() -> https://fan3.206102.xyz/ss免费账号/
2026/5/17 17:41:58 update_uri() -> Fetch error: AxiosError: Request failed with status code 502
2026/5/17 17:41:53: nodePaths found in: [{"path":"C:\\Users\\Administrator\\scoop\\apps\\nodejs24\\current\\node.exe","osName":"Windows_NT","error":null},{"path":"C:\\msys64\\ucrt64\\bin\\node","osName":"MINGW32_NT-10.0","error":null},{"path":"C:\\msys64\\ucrt64\\bin\\node.exe","osName":"MINGW32_NT-10.0","error":null}]
2026/5/17 17:41:53: C:\Users\Administrator\scoop\apps\nodejs24\current\node.exe
2026/5/17 17:41:58: getting new Url ->  null
2026/5/17 18:42:59Extracted src: https://fan3.206102.xyz/v2ray免费账号/
2026/5/17 18:42:57: nodePaths found in: [{"path":"C:\\Users\\Administrator\\scoop\\apps\\nodejs24\\current\\node.exe","osName":"Windows_NT","error":null},{"path":"C:\\msys64\\ucrt64\\bin\\node","osName":"MINGW32_NT-10.0","error":null},{"path":"C:\\msys64\\ucrt64\\bin\\node.exe","osName":"MINGW32_NT-10.0","error":null}]
2026/5/17 18:42:59: getting new Url ->  https://fan3.206102.xyz/v2ray免费账号/
2026/5/17 18:42:57: C:\Users\Administrator\scoop\apps\nodejs24\current\node.exe
2026/5/17 18:42:59: parse_data() -> https://fan3.206102.xyz/ss免费账号/
2026/5/17 18:42:59: parse_data() -> https://fan3.206102.xyz/v2ray免费账号/
2026/5/17 20:44:47Extracted src: https://fan3.206102.xyz/v2ray免费账号/
2026/5/17 20:44:46: nodePaths found in: [{"path":"C:\\Users\\Administrator\\scoop\\apps\\nodejs24\\current\\node.exe","osName":"Windows_NT","error":null},{"path":"C:\\msys64\\ucrt64\\bin\\node","osName":"MINGW32_NT-10.0","error":null},{"path":"C:\\msys64\\ucrt64\\bin\\node.exe","osName":"MINGW32_NT-10.0","error":null}]
2026/5/17 20:44:47: getting new Url ->  https://fan3.206102.xyz/v2ray免费账号/
2026/5/17 20:44:47: parse_data() -> https://fan3.206102.xyz/ss免费账号/
2026/5/17 20:44:46: C:\Users\Administrator\scoop\apps\nodejs24\current\node.exe
2026/5/17 20:44:47: parse_data() -> https://fan3.206102.xyz/v2ray免费账号/
2026/5/17 21:46:05Extracted src: https://fan3.206102.xyz/v2ray免费账号/
2026/5/17 21:45:47: nodePaths found in: [{"path":"C:\\Users\\Administrator\\scoop\\apps\\nodejs24\\current\\node.exe","osName":"Windows_NT","error":null},{"path":"C:\\msys64\\ucrt64\\bin\\node","osName":"MINGW32_NT-10.0","error":null},{"path":"C:\\msys64\\ucrt64\\bin\\node.exe","osName":"MINGW32_NT-10.0","error":null}]
2026/5/17 21:46:05: parse_data() -> https://fan3.206102.xyz/v2ray免费账号/
2026/5/17 21:46:05: getting new Url ->  https://fan3.206102.xyz/v2ray免费账号/
2026/5/17 21:45:47: C:\Users\Administrator\scoop\apps\nodejs24\current\node.exe
2026/5/17 21:46:05: parse_data() -> https://fan3.206102.xyz/ss免费账号/
2026/5/17 22:46:47Extracted src: https://fan3.206102.xyz/v2ray免费账号/
2026/5/17 22:46:46: nodePaths found in: [{"path":"C:\\Users\\Administrator\\scoop\\apps\\nodejs24\\current\\node.exe","osName":"Windows_NT","error":null},{"path":"C:\\msys64\\ucrt64\\bin\\node","osName":"MINGW32_NT-10.0","error":null},{"path":"C:\\msys64\\ucrt64\\bin\\node.exe","osName":"MINGW32_NT-10.0","error":null}]
2026/5/17 22:46:46: C:\Users\Administrator\scoop\apps\nodejs24\current\node.exe
2026/5/17 22:46:47: parse_data() -> https://fan3.206102.xyz/v2ray免费账号/
2026/5/17 22:46:47: parse_data() -> https://fan3.206102.xyz/ss免费账号/
2026/5/17 22:46:47: getting new Url ->  https://fan3.206102.xyz/v2ray免费账号/
2026/5/17 23:47:47Extracted src: https://fan3.206102.xyz/v2ray免费账号/
2026/5/17 23:47:45: nodePaths found in: [{"path":"C:\\Users\\Administrator\\scoop\\apps\\nodejs24\\current\\node.exe","osName":"Windows_NT","error":null},{"path":"C:\\msys64\\ucrt64\\bin\\node","osName":"MINGW32_NT-10.0","error":null},{"path":"C:\\msys64\\ucrt64\\bin\\node.exe","osName":"MINGW32_NT-10.0","error":null}]
2026/5/17 23:47:45: C:\Users\Administrator\scoop\apps\nodejs24\current\node.exe
2026/5/17 23:47:47: getting new Url ->  https://fan3.206102.xyz/v2ray免费账号/
2026/5/17 23:47:47: parse_data() -> https://fan3.206102.xyz/ss免费账号/
2026/5/17 23:47:47: parse_data() -> https://fan3.206102.xyz/v2ray免费账号/
2026/5/18 10:35:52 update_uri() -> Fetch error: AxiosError: Request failed with status code 502
2026/5/18 10:35:52: nodePaths found in: [{"path":"C:\\Users\\Administrator\\scoop\\apps\\nodejs24\\current\\node.exe","osName":"Windows_NT","error":null},{"path":"C:\\msys64\\ucrt64\\bin\\node","osName":"MINGW32_NT-10.0","error":null},{"path":"C:\\msys64\\ucrt64\\bin\\node.exe","osName":"MINGW32_NT-10.0","error":null}]
2026/5/18 10:35:52: C:\Users\Administrator\scoop\apps\nodejs24\current\node.exe
2026/5/18 10:35:52: getting new Url ->  null
2026/5/18 11:37:07Extracted src: https://fan3.206102.xyz/v2ray免费账号/
2026/5/18 11:37:05: nodePaths found in: [{"path":"C:\\Users\\Administrator\\scoop\\apps\\nodejs24\\current\\node.exe","osName":"Windows_NT","error":null},{"path":"C:\\msys64\\ucrt64\\bin\\node","osName":"MINGW32_NT-10.0","error":null},{"path":"C:\\msys64\\ucrt64\\bin\\node.exe","osName":"MINGW32_NT-10.0","error":null}]
2026/5/18 11:37:05: C:\Users\Administrator\scoop\apps\nodejs24\current\node.exe
2026/5/18 11:37:07: getting new Url ->  https://fan3.206102.xyz/v2ray免费账号/
2026/5/18 11:37:07: parse_data() -> https://fan3.206102.xyz/ss免费账号/
2026/5/18 11:37:07: parse_data() -> https://fan3.206102.xyz/v2ray免费账号/
2026/5/18 13:38:33Extracted src: https://fan3.206102.xyz/v2ray免费账号/
2026/5/18 13:38:31: nodePaths found in: [{"path":"C:\\Users\\Administrator\\scoop\\apps\\nodejs24\\current\\node.exe","osName":"Windows_NT","error":null},{"path":"C:\\msys64\\ucrt64\\bin\\node","osName":"MINGW32_NT-10.0","error":null},{"path":"C:\\msys64\\ucrt64\\bin\\node.exe","osName":"MINGW32_NT-10.0","error":null}]
2026/5/18 13:38:31: C:\Users\Administrator\scoop\apps\nodejs24\current\node.exe
2026/5/18 13:38:33: getting new Url ->  https://fan3.206102.xyz/v2ray免费账号/
2026/5/18 13:38:33: parse_data() -> https://fan3.206102.xyz/v2ray免费账号/
2026/5/18 13:38:33: parse_data() -> https://fan3.206102.xyz/ss免费账号/
2026/5/18 16:18:33Extracted src: https://fan3.206102.xyz/v2ray免费账号/
2026/5/18 16:18:31: nodePaths found in: [{"path":"C:\\Users\\Administrator\\scoop\\apps\\nodejs24\\current\\node.exe","osName":"Windows_NT","error":null},{"path":"C:\\msys64\\ucrt64\\bin\\node","osName":"MINGW32_NT-10.0","error":null},{"path":"C:\\msys64\\ucrt64\\bin\\node.exe","osName":"MINGW32_NT-10.0","error":null}]
2026/5/18 16:18:31: C:\Users\Administrator\scoop\apps\nodejs24\current\node.exe
2026/5/18 16:18:33: getting new Url ->  https://fan3.206102.xyz/v2ray免费账号/
2026/5/18 16:18:33: parse_data() -> https://fan3.206102.xyz/v2ray免费账号/
2026/5/18 16:18:33: parse_data() -> https://fan3.206102.xyz/ss免费账号/
2026/5/18 17:19:25Extracted src: https://fan3.206102.xyz/v2ray免费账号/
2026/5/18 17:19:22: nodePaths found in: [{"path":"C:\\Users\\Administrator\\scoop\\apps\\nodejs24\\current\\node.exe","osName":"Windows_NT","error":null},{"path":"C:\\msys64\\ucrt64\\bin\\node","osName":"MINGW32_NT-10.0","error":null},{"path":"C:\\msys64\\ucrt64\\bin\\node.exe","osName":"MINGW32_NT-10.0","error":null}]
2026/5/18 17:19:22: C:\Users\Administrator\scoop\apps\nodejs24\current\node.exe
2026/5/18 17:19:25: getting new Url ->  https://fan3.206102.xyz/v2ray免费账号/
2026/5/18 17:19:25: parse_data() -> https://fan3.206102.xyz/v2ray免费账号/
2026/5/18 17:19:25: parse_data() -> https://fan3.206102.xyz/ss免费账号/
2026/5/18 19:20:26Extracted src: https://fan3.206102.xyz/v2ray免费账号/
2026/5/18 19:20:24: nodePaths found in: [{"path":"C:\\Users\\Administrator\\scoop\\apps\\nodejs24\\current\\node.exe","osName":"Windows_NT","error":null},{"path":"C:\\msys64\\ucrt64\\bin\\node","osName":"MINGW32_NT-10.0","error":null},{"path":"C:\\msys64\\ucrt64\\bin\\node.exe","osName":"MINGW32_NT-10.0","error":null}]
2026/5/18 19:20:24: C:\Users\Administrator\scoop\apps\nodejs24\current\node.exe
2026/5/18 19:20:26: getting new Url ->  https://fan3.206102.xyz/v2ray免费账号/
2026/5/18 19:20:26: parse_data() -> https://fan3.206102.xyz/v2ray免费账号/
2026/5/18 19:20:26: parse_data() -> https://fan3.206102.xyz/ss免费账号/
2026/5/18 20:20:49Extracted src: https://fan3.206102.xyz/v2ray免费账号/
2026/5/18 20:20:46: nodePaths found in: [{"path":"C:\\Users\\Administrator\\scoop\\apps\\nodejs24\\current\\node.exe","osName":"Windows_NT","error":null},{"path":"C:\\msys64\\ucrt64\\bin\\node","osName":"MINGW32_NT-10.0","error":null},{"path":"C:\\msys64\\ucrt64\\bin\\node.exe","osName":"MINGW32_NT-10.0","error":null}]
2026/5/18 20:20:49: getting new Url ->  https://fan3.206102.xyz/v2ray免费账号/
2026/5/18 20:20:49: parse_data() -> https://fan3.206102.xyz/v2ray免费账号/
2026/5/18 20:20:49: parse_data() -> https://fan3.206102.xyz/ss免费账号/
2026/5/18 20:20:46: C:\Users\Administrator\scoop\apps\nodejs24\current\node.exe
2026/5/18 21:21:38Extracted src: https://fan3.206102.xyz/v2ray免费账号/
2026/5/18 21:21:35: nodePaths found in: [{"path":"C:\\Users\\Administrator\\scoop\\apps\\nodejs24\\current\\node.exe","osName":"Windows_NT","error":null},{"path":"C:\\msys64\\ucrt64\\bin\\node","osName":"MINGW32_NT-10.0","error":null},{"path":"C:\\msys64\\ucrt64\\bin\\node.exe","osName":"MINGW32_NT-10.0","error":null}]
2026/5/18 21:21:35: C:\Users\Administrator\scoop\apps\nodejs24\current\node.exe
2026/5/18 21:21:38: parse_data() -> https://fan3.206102.xyz/v2ray免费账号/
2026/5/18 21:21:38: parse_data() -> https://fan3.206102.xyz/ss免费账号/
2026/5/18 21:21:38: getting new Url ->  https://fan3.206102.xyz/v2ray免费账号/
2026/5/18 22:22:39Extracted src: https://fan3.206102.xyz/v2ray免费账号/
2026/5/18 22:22:37: nodePaths found in: [{"path":"C:\\Users\\Administrator\\scoop\\apps\\nodejs24\\current\\node.exe","osName":"Windows_NT","error":null},{"path":"C:\\msys64\\ucrt64\\bin\\node","osName":"MINGW32_NT-10.0","error":null},{"path":"C:\\msys64\\ucrt64\\bin\\node.exe","osName":"MINGW32_NT-10.0","error":null}]
2026/5/18 22:22:37: C:\Users\Administrator\scoop\apps\nodejs24\current\node.exe
2026/5/18 22:22:39: getting new Url ->  https://fan3.206102.xyz/v2ray免费账号/
2026/5/18 22:22:39: parse_data() -> https://fan3.206102.xyz/v2ray免费账号/
2026/5/18 22:22:39: parse_data() -> https://fan3.206102.xyz/ss免费账号/
2026/5/18 23:23:34Extracted src: https://fan3.206102.xyz/v2ray免费账号/
2026/5/18 23:23:32: nodePaths found in: [{"path":"C:\\Users\\Administrator\\scoop\\apps\\nodejs24\\current\\node.exe","osName":"Windows_NT","error":null},{"path":"C:\\msys64\\ucrt64\\bin\\node","osName":"MINGW32_NT-10.0","error":null},{"path":"C:\\msys64\\ucrt64\\bin\\node.exe","osName":"MINGW32_NT-10.0","error":null}]
2026/5/18 23:23:32: C:\Users\Administrator\scoop\apps\nodejs24\current\node.exe
2026/5/18 23:23:34: getting new Url ->  https://fan3.206102.xyz/v2ray免费账号/
2026/5/18 23:23:34: parse_data() -> https://fan3.206102.xyz/v2ray免费账号/
2026/5/18 23:23:34: parse_data() -> https://fan3.206102.xyz/ss免费账号/
2026/5/19 00:24:37Extracted src: https://fan3.206102.xyz/v2ray免费账号/
2026/5/19 00:24:35: nodePaths found in: [{"path":"C:\\Users\\Administrator\\scoop\\apps\\nodejs24\\current\\node.exe","osName":"Windows_NT","error":null},{"path":"C:\\msys64\\ucrt64\\bin\\node","osName":"MINGW32_NT-10.0","error":null},{"path":"C:\\msys64\\ucrt64\\bin\\node.exe","osName":"MINGW32_NT-10.0","error":null}]
2026/5/19 00:24:35: C:\Users\Administrator\scoop\apps\nodejs24\current\node.exe
2026/5/19 00:24:37: getting new Url ->  https://fan3.206102.xyz/v2ray免费账号/
2026/5/19 00:24:37: parse_data() -> https://fan3.206102.xyz/v2ray免费账号/
2026/5/19 00:24:37: parse_data() -> https://fan3.206102.xyz/ss免费账号/
2026/5/19 01:25:41Extracted src: https://fan3.206102.xyz/v2ray免费账号/
2026/5/19 01:25:39: nodePaths found in: [{"path":"C:\\Users\\Administrator\\scoop\\apps\\nodejs24\\current\\node.exe","osName":"Windows_NT","error":null},{"path":"C:\\msys64\\ucrt64\\bin\\node","osName":"MINGW32_NT-10.0","error":null},{"path":"C:\\msys64\\ucrt64\\bin\\node.exe","osName":"MINGW32_NT-10.0","error":null}]
2026/5/19 01:25:41: parse_data() -> https://fan3.206102.xyz/v2ray免费账号/
2026/5/19 01:25:39: C:\Users\Administrator\scoop\apps\nodejs24\current\node.exe
2026/5/19 01:25:41: getting new Url ->  https://fan3.206102.xyz/v2ray免费账号/
2026/5/19 01:25:41: parse_data() -> https://fan3.206102.xyz/ss免费账号/
2026/5/19 02:26:34Extracted src: https://fan3.206102.xyz/v2ray免费账号/
2026/5/19 02:26:31: nodePaths found in: [{"path":"C:\\Users\\Administrator\\scoop\\apps\\nodejs24\\current\\node.exe","osName":"Windows_NT","error":null},{"path":"C:\\msys64\\ucrt64\\bin\\node","osName":"MINGW32_NT-10.0","error":null},{"path":"C:\\msys64\\ucrt64\\bin\\node.exe","osName":"MINGW32_NT-10.0","error":null}]
2026/5/19 02:26:34: getting new Url ->  https://fan3.206102.xyz/v2ray免费账号/
2026/5/19 02:26:34: parse_data() -> https://fan3.206102.xyz/v2ray免费账号/
2026/5/19 02:26:31: C:\Users\Administrator\scoop\apps\nodejs24\current\node.exe
2026/5/19 02:26:34: parse_data() -> https://fan3.206102.xyz/ss免费账号/
2026/5/19 09:08:18Extracted src: https://fan3.206102.xyz/v2ray免费账号/
2026/5/19 09:08:15: nodePaths found in: [{"path":"C:\\Users\\Administrator\\scoop\\apps\\nodejs24\\current\\node.exe","osName":"Windows_NT","error":null},{"path":"C:\\msys64\\ucrt64\\bin\\node","osName":"MINGW32_NT-10.0","error":null},{"path":"C:\\msys64\\ucrt64\\bin\\node.exe","osName":"MINGW32_NT-10.0","error":null}]
2026/5/19 09:08:15: C:\Users\Administrator\scoop\apps\nodejs24\current\node.exe
2026/5/19 09:08:18: getting new Url ->  https://fan3.206102.xyz/v2ray免费账号/
2026/5/19 09:08:18: parse_data() -> https://fan3.206102.xyz/v2ray免费账号/
2026/5/19 09:08:18: parse_data() -> https://fan3.206102.xyz/ss免费账号/
2026/5/19 10:09:16Extracted src: https://fan3.206102.xyz/v2ray免费账号/
2026/5/19 10:09:13: C:\Users\Administrator\scoop\apps\nodejs24\current\node.exe
2026/5/19 10:09:13: nodePaths found in: [{"path":"C:\\Users\\Administrator\\scoop\\apps\\nodejs24\\current\\node.exe","osName":"Windows_NT","error":null},{"path":"C:\\msys64\\ucrt64\\bin\\node","osName":"MINGW32_NT-10.0","error":null},{"path":"C:\\msys64\\ucrt64\\bin\\node.exe","osName":"MINGW32_NT-10.0","error":null}]
2026/5/19 10:09:17: parse_data() -> https://fan3.206102.xyz/v2ray免费账号/
2026/5/19 10:09:17: getting new Url ->  https://fan3.206102.xyz/v2ray免费账号/
2026/5/19 10:09:17: parse_data() -> https://fan3.206102.xyz/ss免费账号/
2026/5/19 11:10:16Extracted src: https://fan3.206102.xyz/v2ray免费账号/
2026/5/19 11:10:14: C:\Users\Administrator\scoop\apps\nodejs24\current\node.exe
2026/5/19 11:10:14: nodePaths found in: [{"path":"C:\\Users\\Administrator\\scoop\\apps\\nodejs24\\current\\node.exe","osName":"Windows_NT","error":null},{"path":"C:\\msys64\\ucrt64\\bin\\node","osName":"MINGW32_NT-10.0","error":null},{"path":"C:\\msys64\\ucrt64\\bin\\node.exe","osName":"MINGW32_NT-10.0","error":null}]
2026/5/19 11:10:16: getting new Url ->  https://fan3.206102.xyz/v2ray免费账号/
2026/5/19 11:10:16: parse_data() -> https://fan3.206102.xyz/v2ray免费账号/
2026/5/19 11:10:16: parse_data() -> https://fan3.206102.xyz/ss免费账号/
2026/5/19 12:11:20 update_uri() -> Fetch error: AxiosError: Request failed with status code 502
2026/5/19 12:11:20: getting new Url ->  null
2026/5/19 12:11:15: nodePaths found in: [{"path":"C:\\Users\\Administrator\\scoop\\apps\\nodejs24\\current\\node.exe","osName":"Windows_NT","error":null},{"path":"C:\\msys64\\ucrt64\\bin\\node","osName":"MINGW32_NT-10.0","error":null},{"path":"C:\\msys64\\ucrt64\\bin\\node.exe","osName":"MINGW32_NT-10.0","error":null}]
2026/5/19 12:11:15: C:\Users\Administrator\scoop\apps\nodejs24\current\node.exe
2026/5/19 13:12:28 update_uri() -> Fetch error: AxiosError: Request failed with status code 502
2026/5/19 13:12:18: C:\Users\Administrator\scoop\apps\nodejs24\current\node.exe
2026/5/19 13:12:18: nodePaths found in: [{"path":"C:\\Users\\Administrator\\scoop\\apps\\nodejs24\\current\\node.exe","osName":"Windows_NT","error":null},{"path":"C:\\msys64\\ucrt64\\bin\\node","osName":"MINGW32_NT-10.0","error":null},{"path":"C:\\msys64\\ucrt64\\bin\\node.exe","osName":"MINGW32_NT-10.0","error":null}]
2026/5/19 13:12:28: getting new Url ->  null
2026/5/19 14:13:27 update_uri() -> Fetch error: AxiosError: Request failed with status code 502
2026/5/19 14:13:17: nodePaths found in: [{"path":"C:\\Users\\Administrator\\scoop\\apps\\nodejs24\\current\\node.exe","osName":"Windows_NT","error":null},{"path":"C:\\msys64\\ucrt64\\bin\\node","osName":"MINGW32_NT-10.0","error":null},{"path":"C:\\msys64\\ucrt64\\bin\\node.exe","osName":"MINGW32_NT-10.0","error":null}]
2026/5/19 14:13:27: getting new Url ->  null
2026/5/19 14:13:17: C:\Users\Administrator\scoop\apps\nodejs24\current\node.exe
2026/5/19 15:14:20 update_uri() -> Fetch error: AxiosError: Request failed with status code 502
2026/5/19 15:14:17: C:\Users\Administrator\scoop\apps\nodejs24\current\node.exe
2026/5/19 15:14:17: nodePaths found in: [{"path":"C:\\Users\\Administrator\\scoop\\apps\\nodejs24\\current\\node.exe","osName":"Windows_NT","error":null},{"path":"C:\\msys64\\ucrt64\\bin\\node","osName":"MINGW32_NT-10.0","error":null},{"path":"C:\\msys64\\ucrt64\\bin\\node.exe","osName":"MINGW32_NT-10.0","error":null}]
2026/5/19 15:14:20: getting new Url ->  null
2026/5/19 16:15:20 update_uri() -> Fetch error: AxiosError: Request failed with status code 502
2026/5/19 16:15:17: nodePaths found in: [{"path":"C:\\Users\\Administrator\\scoop\\apps\\nodejs24\\current\\node.exe","osName":"Windows_NT","error":null},{"path":"C:\\msys64\\ucrt64\\bin\\node","osName":"MINGW32_NT-10.0","error":null},{"path":"C:\\msys64\\ucrt64\\bin\\node.exe","osName":"MINGW32_NT-10.0","error":null}]
2026/5/19 16:15:20: getting new Url ->  null
2026/5/19 16:15:17: C:\Users\Administrator\scoop\apps\nodejs24\current\node.exe
2026/5/19 17:16:20 update_uri() -> Fetch error: AxiosError: Request failed with status code 502
2026/5/19 17:16:19: C:\Users\Administrator\scoop\apps\nodejs24\current\node.exe
2026/5/19 17:16:19: nodePaths found in: [{"path":"C:\\Users\\Administrator\\scoop\\apps\\nodejs24\\current\\node.exe","osName":"Windows_NT","error":null},{"path":"C:\\msys64\\ucrt64\\bin\\node","osName":"MINGW32_NT-10.0","error":null},{"path":"C:\\msys64\\ucrt64\\bin\\node.exe","osName":"MINGW32_NT-10.0","error":null}]
2026/5/19 17:16:20: getting new Url ->  null
2026/5/19 18:17:19 update_uri() -> Fetch error: AxiosError: Request failed with status code 502
2026/5/19 18:17:17: nodePaths found in: [{"path":"C:\\Users\\Administrator\\scoop\\apps\\nodejs24\\current\\node.exe","osName":"Windows_NT","error":null},{"path":"C:\\msys64\\ucrt64\\bin\\node","osName":"MINGW32_NT-10.0","error":null},{"path":"C:\\msys64\\ucrt64\\bin\\node.exe","osName":"MINGW32_NT-10.0","error":null}]
2026/5/19 18:17:19: getting new Url ->  null
2026/5/19 18:17:17: C:\Users\Administrator\scoop\apps\nodejs24\current\node.exe
2026/5/19 19:18:20Extracted src: https://fan3.206102.xyz/v2ray免费账号/
2026/5/19 19:18:17: nodePaths found in: [{"path":"C:\\Users\\Administrator\\scoop\\apps\\nodejs24\\current\\node.exe","osName":"Windows_NT","error":null},{"path":"C:\\msys64\\ucrt64\\bin\\node","osName":"MINGW32_NT-10.0","error":null},{"path":"C:\\msys64\\ucrt64\\bin\\node.exe","osName":"MINGW32_NT-10.0","error":null}]
2026/5/19 19:18:20: parse_data() -> https://fan3.206102.xyz/ss免费账号/
2026/5/19 19:18:20: getting new Url ->  https://fan3.206102.xyz/v2ray免费账号/
2026/5/19 19:18:20: parse_data() -> https://fan3.206102.xyz/v2ray免费账号/
2026/5/19 19:18:17: C:\Users\Administrator\scoop\apps\nodejs24\current\node.exe
2026/5/19 20:19:19Extracted src: https://fan3.206102.xyz/v2ray免费账号/
2026/5/19 20:19:19: getting new Url ->  https://fan3.206102.xyz/v2ray免费账号/
2026/5/19 20:19:16: nodePaths found in: [{"path":"C:\\Users\\Administrator\\scoop\\apps\\nodejs24\\current\\node.exe","osName":"Windows_NT","error":null},{"path":"C:\\msys64\\ucrt64\\bin\\node","osName":"MINGW32_NT-10.0","error":null},{"path":"C:\\msys64\\ucrt64\\bin\\node.exe","osName":"MINGW32_NT-10.0","error":null}]
2026/5/19 20:19:16: C:\Users\Administrator\scoop\apps\nodejs24\current\node.exe
2026/5/19 20:19:19: parse_data() -> https://fan3.206102.xyz/ss免费账号/
2026/5/19 20:19:19: parse_data() -> https://fan3.206102.xyz/v2ray免费账号/
2026/5/19 21:20:24Extracted src: https://fan3.206102.xyz/v2ray免费账号/
2026/5/19 21:20:18: C:\Users\Administrator\scoop\apps\nodejs24\current\node.exe
2026/5/19 21:20:18: nodePaths found in: [{"path":"C:\\Users\\Administrator\\scoop\\apps\\nodejs24\\current\\node.exe","osName":"Windows_NT","error":null},{"path":"C:\\msys64\\ucrt64\\bin\\node","osName":"MINGW32_NT-10.0","error":null},{"path":"C:\\msys64\\ucrt64\\bin\\node.exe","osName":"MINGW32_NT-10.0","error":null}]
2026/5/19 21:20:24: parse_data() -> https://fan3.206102.xyz/ss免费账号/
2026/5/19 21:20:24: getting new Url ->  https://fan3.206102.xyz/v2ray免费账号/
2026/5/19 21:20:24: parse_data() -> https://fan3.206102.xyz/v2ray免费账号/
2026/5/19 22:21:06Extracted src: https://fan3.206102.xyz/v2ray免费账号/
2026/5/19 22:21:03: nodePaths found in: [{"path":"C:\\Users\\Administrator\\scoop\\apps\\nodejs24\\current\\node.exe","osName":"Windows_NT","error":null},{"path":"C:\\msys64\\ucrt64\\bin\\node","osName":"MINGW32_NT-10.0","error":null},{"path":"C:\\msys64\\ucrt64\\bin\\node.exe","osName":"MINGW32_NT-10.0","error":null}]
2026/5/19 22:21:03: C:\Users\Administrator\scoop\apps\nodejs24\current\node.exe
2026/5/19 22:21:06: getting new Url ->  https://fan3.206102.xyz/v2ray免费账号/
2026/5/19 22:21:06: parse_data() -> https://fan3.206102.xyz/ss免费账号/
2026/5/19 22:21:06: parse_data() -> https://fan3.206102.xyz/v2ray免费账号/
2026/5/21 03:16:10Extracted src: https://fan3.206102.xyz/v2ray免费账号/
2026/5/21 03:16:08: nodePaths found in: [{"path":"C:\\Users\\Administrator\\scoop\\apps\\nodejs24\\current\\node.exe","osName":"Windows_NT","error":null},{"path":"C:\\msys64\\ucrt64\\bin\\node","osName":"MINGW32_NT-10.0","error":null},{"path":"C:\\msys64\\ucrt64\\bin\\node.exe","osName":"MINGW32_NT-10.0","error":null}]
2026/5/21 03:16:08: C:\Users\Administrator\scoop\apps\nodejs24\current\node.exe
2026/5/21 03:16:10: parse_data() -> https://fan3.206102.xyz/ss免费账号/
2026/5/21 03:16:10: getting new Url ->  https://fan3.206102.xyz/v2ray免费账号/
2026/5/21 03:16:10: parse_data() -> https://fan3.206102.xyz/v2ray免费账号/
2026/5/21 19:27:31Extracted src: https://fan3.206102.xyz/v2ray免费账号/
2026/5/21 19:27:28: C:\Users\Administrator\scoop\apps\nodejs24\current\node.exe
2026/5/21 19:27:28: nodePaths found in: [{"path":"C:\\Users\\Administrator\\scoop\\apps\\nodejs24\\current\\node.exe","osName":"Windows_NT","error":null},{"path":"C:\\msys64\\ucrt64\\bin\\node","osName":"MINGW32_NT-10.0","error":null},{"path":"C:\\msys64\\ucrt64\\bin\\node.exe","osName":"MINGW32_NT-10.0","error":null}]
2026/5/21 19:27:31: getting new Url ->  https://fan3.206102.xyz/v2ray免费账号/
2026/5/21 19:27:31: parse_data() -> https://fan3.206102.xyz/v2ray免费账号/
2026/5/21 19:27:31: parse_data() -> https://fan3.206102.xyz/ss免费账号/
2026/5/21 20:27:44Extracted src: https://fan3.206102.xyz/v2ray免费账号/
2026/5/21 20:27:41: nodePaths found in: [{"path":"C:\\Users\\Administrator\\scoop\\apps\\nodejs24\\current\\node.exe","osName":"Windows_NT","error":null},{"path":"C:\\msys64\\ucrt64\\bin\\node","osName":"MINGW32_NT-10.0","error":null},{"path":"C:\\msys64\\ucrt64\\bin\\node.exe","osName":"MINGW32_NT-10.0","error":null}]
2026/5/21 20:27:41: C:\Users\Administrator\scoop\apps\nodejs24\current\node.exe
2026/5/21 20:27:44: parse_data() -> https://fan3.206102.xyz/ss免费账号/
2026/5/21 20:27:44: parse_data() -> https://fan3.206102.xyz/v2ray免费账号/
2026/5/21 20:27:44: getting new Url ->  https://fan3.206102.xyz/v2ray免费账号/
2026/5/21 21:28:43Extracted src: https://fan3.206102.xyz/v2ray免费账号/
2026/5/21 21:28:41: nodePaths found in: [{"path":"C:\\Users\\Administrator\\scoop\\apps\\nodejs24\\current\\node.exe","osName":"Windows_NT","error":null},{"path":"C:\\msys64\\ucrt64\\bin\\node","osName":"MINGW32_NT-10.0","error":null},{"path":"C:\\msys64\\ucrt64\\bin\\node.exe","osName":"MINGW32_NT-10.0","error":null}]
2026/5/21 21:28:43: getting new Url ->  https://fan3.206102.xyz/v2ray免费账号/
2026/5/21 21:28:41: C:\Users\Administrator\scoop\apps\nodejs24\current\node.exe
2026/5/21 21:28:43: parse_data() -> https://fan3.206102.xyz/ss免费账号/
2026/5/21 21:28:43: parse_data() -> https://fan3.206102.xyz/v2ray免费账号/
2026/5/21 22:29:44Extracted src: https://fan3.206102.xyz/v2ray免费账号/
2026/5/21 22:29:42: nodePaths found in: [{"path":"C:\\Users\\Administrator\\scoop\\apps\\nodejs24\\current\\node.exe","osName":"Windows_NT","error":null},{"path":"C:\\msys64\\ucrt64\\bin\\node","osName":"MINGW32_NT-10.0","error":null},{"path":"C:\\msys64\\ucrt64\\bin\\node.exe","osName":"MINGW32_NT-10.0","error":null}]
2026/5/21 22:29:44: getting new Url ->  https://fan3.206102.xyz/v2ray免费账号/
2026/5/21 22:29:44: parse_data() -> https://fan3.206102.xyz/v2ray免费账号/
2026/5/21 22:29:44: parse_data() -> https://fan3.206102.xyz/ss免费账号/
2026/5/21 22:29:42: C:\Users\Administrator\scoop\apps\nodejs24\current\node.exe
2026/5/21 23:30:43Extracted src: https://fan3.206102.xyz/v2ray免费账号/
2026/5/21 23:30:41: nodePaths found in: [{"path":"C:\\Users\\Administrator\\scoop\\apps\\nodejs24\\current\\node.exe","osName":"Windows_NT","error":null},{"path":"C:\\msys64\\ucrt64\\bin\\node","osName":"MINGW32_NT-10.0","error":null},{"path":"C:\\msys64\\ucrt64\\bin\\node.exe","osName":"MINGW32_NT-10.0","error":null}]
2026/5/21 23:30:43: getting new Url ->  https://fan3.206102.xyz/v2ray免费账号/
2026/5/21 23:30:43: parse_data() -> https://fan3.206102.xyz/ss免费账号/
2026/5/21 23:30:41: C:\Users\Administrator\scoop\apps\nodejs24\current\node.exe
2026/5/21 23:30:43: parse_data() -> https://fan3.206102.xyz/v2ray免费账号/
2026/5/22 00:31:42Extracted src: https://fan3.206102.xyz/v2ray免费账号/
2026/5/22 00:31:40: nodePaths found in: [{"path":"C:\\Users\\Administrator\\scoop\\apps\\nodejs24\\current\\node.exe","osName":"Windows_NT","error":null},{"path":"C:\\msys64\\ucrt64\\bin\\node","osName":"MINGW32_NT-10.0","error":null},{"path":"C:\\msys64\\ucrt64\\bin\\node.exe","osName":"MINGW32_NT-10.0","error":null}]
2026/5/22 00:31:42: getting new Url ->  https://fan3.206102.xyz/v2ray免费账号/
2026/5/22 00:31:40: C:\Users\Administrator\scoop\apps\nodejs24\current\node.exe
2026/5/22 00:31:42: parse_data() -> https://fan3.206102.xyz/v2ray免费账号/
2026/5/22 00:31:42: parse_data() -> https://fan3.206102.xyz/ss免费账号/
2026/5/22 10:08:21Extracted src: https://fan3.206102.xyz/v2ray免费账号/
2026/5/22 10:08:19: nodePaths found in: [{"path":"C:\\Users\\Administrator\\scoop\\apps\\nodejs24\\current\\node.exe","osName":"Windows_NT","error":null},{"path":"C:\\msys64\\ucrt64\\bin\\node","osName":"MINGW32_NT-10.0","error":null},{"path":"C:\\msys64\\ucrt64\\bin\\node.exe","osName":"MINGW32_NT-10.0","error":null}]
2026/5/22 10:08:19: C:\Users\Administrator\scoop\apps\nodejs24\current\node.exe
2026/5/22 10:08:21: getting new Url ->  https://fan3.206102.xyz/v2ray免费账号/
2026/5/22 10:08:21: parse_data() -> https://fan3.206102.xyz/v2ray免费账号/
2026/5/22 10:08:21: parse_data() -> https://fan3.206102.xyz/ss免费账号/
2026/5/22 11:09:38Extracted src: https://fan3.206102.xyz/v2ray免费账号/
2026/5/22 11:09:36: nodePaths found in: [{"path":"C:\\Users\\Administrator\\scoop\\apps\\nodejs24\\current\\node.exe","osName":"Windows_NT","error":null},{"path":"C:\\msys64\\ucrt64\\bin\\node","osName":"MINGW32_NT-10.0","error":null},{"path":"C:\\msys64\\ucrt64\\bin\\node.exe","osName":"MINGW32_NT-10.0","error":null}]
2026/5/22 11:09:39: parse_data() -> https://fan3.206102.xyz/v2ray免费账号/
2026/5/22 11:09:36: C:\Users\Administrator\scoop\apps\nodejs24\current\node.exe
2026/5/22 11:09:39: getting new Url ->  https://fan3.206102.xyz/v2ray免费账号/
2026/5/22 11:09:39: parse_data() -> https://fan3.206102.xyz/ss免费账号/
2026/5/22 12:10:05Extracted src: https://fan3.206102.xyz/v2ray免费账号/
2026/5/22 12:10:05: getting new Url ->  https://fan3.206102.xyz/v2ray免费账号/
2026/5/22 12:10:03: nodePaths found in: [{"path":"C:\\Users\\Administrator\\scoop\\apps\\nodejs24\\current\\node.exe","osName":"Windows_NT","error":null},{"path":"C:\\msys64\\ucrt64\\bin\\node","osName":"MINGW32_NT-10.0","error":null},{"path":"C:\\msys64\\ucrt64\\bin\\node.exe","osName":"MINGW32_NT-10.0","error":null}]
2026/5/22 12:10:03: C:\Users\Administrator\scoop\apps\nodejs24\current\node.exe
2026/5/22 12:10:05: parse_data() -> https://fan3.206102.xyz/ss免费账号/
2026/5/22 12:10:05: parse_data() -> https://fan3.206102.xyz/v2ray免费账号/
